quantity,unit_price,discount,delivery_days,customer_rating,revenue,order_date_year,order_date_month,order_date_day,product_category_Clothing,product_category_Electronics,product_category_Home,region_North,region_South,region_West,payment_method_Card,payment_method_Wallet
1.4628281653915773,0.3854306591199505,0.9864124981926082,1.2309746092667273,1.4910247160068797,1.0619420331322316,2022,1,1,False,False,False,False,True,False,False,True
1.4628281653915773,-1.5402683322462885,-0.8874714269453252,-0.037679012568506524,0.7999436318911078,-0.8768743071738115,2022,1,2,True,False,False,False,True,False,True,False
-0.5171774726587443,0.01690607843352682,1.282288907424913,-0.037679012568506524,-0.40944826531149214,-0.4591159259508801,2022,1,3,False,False,False,False,False,False,False,False
0.4728253463664166,1.2765782823222342,-1.5778497151540374,-0.037679012568506524,-1.186914484941735,1.905071145213898,2022,1,4,False,True,False,False,False,True,False,True
0.4728253463664166,-0.9959013349937599,1.479539846913117,-0.6720058234861235,1.6637949870358226,-0.6749505940924793,2022,1,5,True,False,False,False,False,True,False,True
-1.0121788821713247,-0.259856649790813,0.1974087402397941,-0.989169228944932,0.2816328188042792,-0.7307663060995166,2022,1,6,False,True,False,False,False,True,True,False
0.967826755878997,1.5136937452522676,0.49328514947209934,-1.6234960398625489,-1.014144213912792,1.952402770771999,2022,1,7,True,False,False,False,True,False,True,False
0.967826755878997,-0.2523526219333214,-0.4929695479689182,-1.3063326344037405,0.6271733608621652,0.45272078058555576,2022,1,8,False,False,False,True,False,False,True,False
0.967826755878997,-0.49496316038104543,0.8877870284485064,-1.3063326344037405,-1.359684755970678,-0.042131057674812476,2022,1,9,True,False,False,False,True,False,True,False
-0.0221760631461638,-0.21099183846683167,-1.1833478361776304,1.2309746092667273,1.3182544449779365,0.008724349085669091,2022,1,10,True,False,False,False,False,True,True,False
0.967826755878997,0.061812071911430115,-1.5778497151540374,0.27948439289030197,-1.359684755970678,1.0518863648230006,2022,1,11,True,False,False,False,False,True,False,False
-0.5171774726587443,0.45078069699700435,-0.3943440782248163,1.548138014725536,-0.9277590783983208,-0.03159654801752307,2022,1,12,False,True,False,False,False,True,False,False
1.4628281653915773,1.03396774387451,1.1836634376808113,-0.037679012568506524,-1.359684755970678,1.658050399532071,2022,1,13,False,False,False,False,True,False,False,False
1.4628281653915773,-0.1709900521713835,0.7891615587044045,0.5966477983491104,-1.359684755970678,0.5272481391167297,2022,1,14,True,False,False,False,False,True,False,False
-0.0221760631461638,1.0919910143946427,0.00015780075159044688,0.9138112038079189,0.10886254777533654,0.7360720788034194,2022,1,15,True,False,False,False,False,False,True,False
-1.0121788821713247,0.11114957790360017,0.1974087402397941,-0.354842418027315,0.6271733608621652,-0.6074094080496476,2022,1,16,True,False,False,False,False,True,False,True
-0.5171774726587443,-0.5637402346024656,-1.281973305921732,1.548138014725536,1.0590990384345225,-0.5048759696486865,2022,1,17,True,False,False,True,False,False,False,True
1.4628281653915773,0.5405335971192871,1.0850379679367095,-0.989169228944932,0.7135584963766364,1.1900013987797016,2022,1,18,False,True,False,False,False,False,False,False
-0.5171774726587443,0.7471602539511654,0.9864124981926082,-0.6720058234861235,-0.40944826531149214,-0.09695225303588192,2022,1,19,False,False,True,False,False,True,False,True
1.4628281653915773,0.19523014200762123,0.49328514947209934,1.548138014725536,0.19524768328980804,1.0094782105616045,2022,1,20,False,True,False,False,False,False,True,False
-1.507180291683905,-1.5380230325723934,-0.19709313873661294,0.5966477983491104,1.4910247160068797,-1.2006201703945687,2022,1,21,False,False,True,False,False,True,False,False
-1.0121788821713247,-1.146513673645306,1.5781653166572187,-0.989169228944932,-0.3230631297970206,-1.0648747872115933,2022,1,22,False,False,True,True,False,False,True,False
-1.0121788821713247,-0.7475593736942506,1.282288907424913,-1.3063326344037405,-0.8413739428838494,-0.9420458424429173,2022,1,23,False,False,True,False,False,True,True,False
-1.507180291683905,-0.7567769197239256,0.49328514947209934,0.27948439289030197,0.10886254777533654,-1.079755702951261,2022,1,24,True,False,False,False,False,False,True,False
-0.0221760631461638,0.594007181458106,-0.4929695479689182,-0.6720058234861235,-0.6686036718549063,0.4970934121723208,2022,1,25,True,False,False,True,False,False,False,False
1.4628281653915773,-1.6703184528316368,0.3946596797279975,0.5966477983491104,-0.8413739428838494,-1.0777543916760417,2022,1,26,False,True,False,False,True,False,True,False
1.4628281653915773,0.8783330243734613,0.1974087402397941,-1.6234960398625489,0.9727139029200506,1.8924125444485538,2022,1,27,False,False,True,True,False,False,False,False
1.4628281653915773,-0.8165137084162415,-0.3943440782248163,0.5966477983491104,1.4046395804924077,0.007975392105372129,2022,1,28,False,True,False,True,False,False,True,False
0.967826755878997,-0.6621198124191875,-0.6902204874571217,-0.354842418027315,0.022477412260865026,0.03717243635366397,2022,1,29,True,False,False,True,False,False,False,True
0.967826755878997,0.09106005450559065,-0.3943440782248163,-1.3063326344037405,0.9727139029200506,0.8013541159220772,2022,1,30,False,True,False,False,False,False,False,False
0.967826755878997,-0.9873337441328441,0.1974087402397941,-1.6234960398625489,-1.1005293494272637,-0.41738306077007936,2022,1,31,False,True,False,True,False,False,True,False
0.967826755878997,1.3235523149734616,-0.2957186084807148,-0.037679012568506524,0.19524768328980804,2.08364213408991,2022,2,1,True,False,False,False,False,True,True,False
0.967826755878997,-1.438638978585771,-0.8874714269453252,0.9138112038079189,0.4544030898332222,-0.8149073255417135,2022,2,2,False,True,False,True,False,False,False,True
-1.507180291683905,-0.19769730092403137,0.8877870284485064,0.9138112038079189,0.022477412260865026,-1.003804098359195,2022,2,3,False,False,True,True,False,False,True,False
-1.0121788821713247,1.202365219416647,0.09878327049569227,0.9138112038079189,-1.2732996204562066,-0.23204690310482884,2022,2,4,False,True,False,False,False,True,False,False
-0.0221760631461638,0.39500272615076676,-1.5778497151540374,1.548138014725536,0.7999436318911078,0.5559172300838288,2022,2,5,False,True,False,False,False,True,False,False
-0.5171774726587443,-0.723274685116069,-0.4929695479689182,-0.6720058234861235,1.2318693094634654,-0.6541639683934221,2022,2,6,True,False,False,False,True,False,True,False
0.967826755878997,-0.27935530485358684,1.282288907424913,-0.037679012568506524,0.4544030898332222,0.07714954992491636,2022,2,7,False,True,False,True,False,False,True,False
-1.507180291683905,0.7090492463284712,0.7891615587044045,1.2309746092667273,-1.1005293494272637,-0.860998874788176,2022,2,8,False,True,False,False,False,False,False,False
1.4628281653915773,1.6304493282948158,-0.6902204874571217,-0.037679012568506524,-1.4460698914851493,2.749223934151831,2022,2,9,False,False,True,True,False,False,True,False
-0.0221760631461638,1.3535093395699052,1.479539846913117,-0.354842418027315,-0.6686036718549063,0.5183588792194366,2022,2,10,False,True,False,True,False,False,True,False
-0.0221760631461638,-0.550091176058524,-1.4792242454099356,-1.3063326344037405,-1.6188401625140922,-0.2244959433854429,2022,2,11,False,False,True,False,False,True,True,False
-0.0221760631461638,1.7166570184056853,1.5781653166572187,0.27948439289030197,1.2318693094634654,0.6911837719187454,2022,2,12,False,True,False,False,True,False,True,False
-1.507180291683905,-1.7216058243300842,-0.8874714269453252,-1.6234960398625489,0.7135584963766364,-1.2311923487706187,2022,2,13,False,True,False,True,False,False,True,False
-0.5171774726587443,-1.6382343022283457,-1.7751006546422408,-0.037679012568506524,0.2816328188042792,-1.13547319109203,2022,2,14,False,False,True,False,False,False,False,True
0.967826755878997,1.1139713164654057,-0.2957186084807148,-0.354842418027315,1.4046395804924077,1.8615334164904147,2022,2,15,False,True,False,True,False,False,False,False
-0.0221760631461638,-1.0442343648160293,-0.4929695479689182,-0.354842418027315,-1.359684755970678,-0.687572360907973,2022,2,16,False,True,False,False,False,False,False,False
-1.507180291683905,-1.523664932026169,0.09878327049569227,0.5966477983491104,0.7999436318911078,-1.1999694372805403,2022,2,17,True,False,False,False,False,True,True,False
1.4628281653915773,-0.9140069837301102,0.9864124981926082,0.9138112038079189,-1.186914484941735,-0.29894963401691566,2022,2,18,False,True,False,False,True,False,True,False
-1.0121788821713247,-0.2608611259607136,1.0850379679367095,0.27948439289030197,-1.5324550269996209,-0.78950417812804,2022,2,19,False,False,True,True,False,False,False,True
1.4628281653915773,0.7915344659273564,-0.3943440782248163,1.2309746092667273,-1.2732996204562066,2.0195387833664737,2022,2,20,False,True,False,False,True,False,False,False
-1.507180291683905,0.4243688824119746,-0.2957186084807148,0.5966477983491104,1.5774098515213508,-0.8534233591022231,2022,2,21,False,False,True,True,False,False,True,False
-1.507180291683905,-0.9123525523914506,-1.281973305921732,-1.3063326344037405,-0.150292858768078,-1.0706086054050132,2022,2,22,False,False,False,False,False,False,True,False
-1.507180291683905,0.005856840564622011,-1.5778497151540374,-1.3063326344037405,-1.5324550269996209,-0.8779547697027643,2022,2,23,True,False,False,False,True,False,False,False
-0.0221760631461638,1.4678423624379875,0.3946596797279975,0.5966477983491104,0.2816328188042792,0.8828553689583098,2022,2,24,False,False,False,True,False,False,False,True
-1.507180291683905,1.0834234235337268,-1.5778497151540374,-0.037679012568506524,-1.014144213912792,-0.6585226524590838,2022,2,25,True,False,False,False,False,True,True,False
-1.0121788821713247,-0.6165638637725254,0.7891615587044045,0.5966477983491104,-1.7052252980285638,-0.8794281276967909,2022,2,26,False,False,False,False,False,False,False,False
-0.0221760631461638,1.6615290027282066,0.09878327049569227,0.9138112038079189,0.8863287674055794,1.095301313713648,2022,2,27,False,True,False,False,True,False,False,False
1.4628281653915773,0.7156669716831097,-1.0847223664335286,0.9138112038079189,-1.186914484941735,2.1830569647368483,2022,2,28,False,False,True,True,False,False,False,True
-1.0121788821713247,-1.5178744223408605,0.09878327049569227,1.548138014725536,1.5774098515213508,-1.1477511743755842,2022,3,1,True,False,False,False,True,False,False,True
0.4728253463664166,-1.6121770086444571,-1.1833478361776304,-0.037679012568506524,0.3680179543187507,-1.0449844542922357,2022,3,2,True,False,False,True,False,False,True,False
1.4628281653915773,-1.151595141328332,-0.2957186084807148,0.5966477983491104,-1.4460698914851493,-0.42094367592231,2022,3,3,True,False,False,False,False,False,False,False
-1.507180291683905,0.7821987462306346,0.9864124981926082,-1.3063326344037405,-0.9277590783983208,-0.8605691453732516,2022,3,4,False,False,True,False,False,True,False,False
0.967826755878997,-1.0985942516577014,-0.19709313873661294,0.5966477983491104,0.3680179543187507,-0.4922664808164764,2022,3,5,False,True,False,False,False,False,False,False
0.967826755878997,0.03427760748945284,-1.281973305921732,-0.989169228944932,-0.49583340082596367,0.9488004171742794,2022,3,6,False,True,False,False,True,False,False,True
-0.0221760631461638,-1.4113408614978877,0.6905360889603027,-1.6234960398625489,0.10886254777533654,-0.9940308236654858,2022,3,7,False,False,True,False,True,False,False,True
0.967826755878997,1.4494072703786378,-1.0847223664335286,0.27948439289030197,1.0590990384345225,2.5433543841927464,2022,3,8,False,False,True,True,False,False,True,False
1.4628281653915773,-0.5447733610414038,0.7891615587044045,-1.6234960398625489,1.0590990384345225,0.1249109048979423,2022,3,9,False,False,False,False,False,False,True,False
-0.0221760631461638,1.4053284925700642,-0.09846766899251111,1.548138014725536,0.7135584963766364,0.976462713512127,2022,3,10,False,False,True,True,False,False,False,False
1.4628281653915773,1.5323060978121879,-0.19709313873661294,-1.6234960398625489,1.3182544449779365,2.749223934151831,2022,3,11,False,False,False,False,False,False,True,False
-1.507180291683905,-1.7125064519674567,1.1836634376808113,-1.6234960398625489,-1.014144213912792,-1.2342741225747906,2022,3,12,False,False,True,False,True,False,True,False
-0.5171774726587443,-0.12939292137079972,0.6905360889603027,-0.6720058234861235,-1.1005293494272637,-0.4587230304858064,2022,3,13,False,True,False,True,False,False,True,False
-0.5171774726587443,-1.6485154112614444,-1.676475184898139,-0.6720058234861235,1.0590990384345225,-1.1429627608949982,2022,3,14,False,True,False,True,False,False,False,True
-1.0121788821713247,1.407278358076342,-0.7888459572012234,1.2309746092667273,-0.5822185363404352,-0.04226611549093159,2022,3,15,False,False,True,False,False,False,True,False
-1.507180291683905,0.05820777506649307,1.1836634376808113,1.548138014725536,0.022477412260865026,-0.9767065892523908,2022,3,16,True,False,False,False,False,True,False,False
0.967826755878997,-1.4746819470351404,-1.676475184898139,-0.037679012568506524,0.8863287674055794,-0.821119985083192,2022,3,17,False,True,False,False,False,False,True,False
-1.507180291683905,-1.3525494621419487,0.09878327049569227,1.2309746092667273,-0.3230631297970206,-1.1711775664806057,2022,3,18,True,False,False,False,False,True,True,False
0.4728253463664166,-0.408105515101417,0.6905360889603027,-0.989169228944932,-1.2732996204562066,-0.14822511122800439,2022,3,19,False,False,False,False,False,False,True,False
-0.5171774726587443,1.5162935659273038,0.3946596797279975,1.2309746092667273,0.6271733608621652,0.37313489294155755,2022,3,20,True,False,False,False,True,False,True,False
0.967826755878997,0.6613661716749609,0.8877870284485064,-0.037679012568506524,1.1454841739489936,1.0102885574583191,2022,3,21,True,False,False,True,False,False,False,True
1.4628281653915773,1.2652926971192344,0.6905360889603027,0.27948439289030197,-1.6188401625140922,2.1181432671166975,2022,3,22,True,False,False,False,False,False,False,True
1.4628281653915773,-0.4670150881244031,0.5919106192162009,1.548138014725536,0.2816328188042792,0.24803452126542375,2022,3,23,False,True,False,False,True,False,False,False
-0.5171774726587443,-1.5843471100548618,1.0850379679367095,-1.6234960398625489,-0.06390772325360648,-1.1449026822537998,2022,3,24,True,False,False,False,False,False,True,False
-1.507180291683905,1.6341127119732763,0.49328514947209934,-0.037679012568506524,-0.8413739428838494,-0.6972105777855632,2022,3,25,True,False,False,True,False,False,False,False
0.967826755878997,-1.6743363575112389,-0.3943440782248163,1.2309746092667273,-1.186914484941735,-1.091542566903473,2022,3,26,False,True,False,False,False,False,True,False
-1.0121788821713247,1.5419372516765275,-0.09846766899251111,-1.6234960398625489,-1.014144213912792,-0.08976963281500284,2022,3,27,False,False,True,False,False,True,True,False
1.4628281653915773,-0.45933379976634064,0.6905360889603027,0.27948439289030197,0.7999436318911078,0.23670194269470318,2022,3,28,True,False,False,True,False,False,False,False
-1.507180291683905,-1.6988573934235152,1.282288907424913,1.2309746092667273,0.10886254777533654,-1.2325429269318096,2022,3,29,False,False,True,False,False,True,False,False
-1.0121788821713247,0.648426155133302,-0.7888459572012234,-0.354842418027315,1.6637949870358226,-0.32609625505685386,2022,3,30,False,False,False,False,True,False,True,False
0.967826755878997,1.655620319375851,-0.59159501771302,1.2309746092667273,-0.8413739428838494,2.565638923852397,2022,3,31,False,True,False,False,True,False,True,False
-0.5171774726587443,1.6040375137097858,1.479539846913117,-0.6720058234861235,1.5774098515213508,0.18084939673781514,2022,4,1,False,False,True,False,False,False,False,True
0.4728253463664166,-1.1774160875781263,0.1974087402397941,-1.6234960398625489,0.10886254777533654,-0.7141910286667185,2022,4,2,True,False,False,False,False,True,True,False
-0.0221760631461638,-1.107220929352141,-1.1833478361776304,0.9138112038079189,-1.186914484941735,-0.6915135935419938,2022,4,3,False,False,False,False,False,True,False,True
-0.5171774726587443,0.22111017509093908,0.49328514947209934,0.27948439289030197,-1.186914484941735,-0.26937197228683357,2022,4,4,False,True,False,True,False,False,False,True
-1.0121788821713247,0.46915670222283057,1.6767907864013198,-1.3063326344037405,0.3680179543187507,-0.6312286956197428,2022,4,5,False,False,True,False,False,True,False,False
-1.507180291683905,0.8221414456925589,1.0850379679367095,-0.6720058234861235,1.1454841739489936,-0.860090304025193,2022,4,6,True,False,False,False,False,True,True,False
1.4628281653915773,-1.1079299713544235,0.7891615587044045,-0.6720058234861235,0.8863287674055794,-0.4812654077944119,2022,4,7,False,True,False,True,False,False,False,False
0.967826755878997,1.5811709091361692,-1.0847223664335286,0.5966477983491104,0.5407882253476938,2.6961293301900113,2022,4,8,False,True,False,True,False,False,True,False
-0.5171774726587443,0.4741199962388095,1.282288907424913,-1.3063326344037405,-1.1005293494272637,-0.26244718971490905,2022,4,9,False,False,True,False,False,True,True,False
1.4628281653915773,1.1941521495568723,0.00015780075159044688,1.548138014725536,-1.359684755970678,2.3476678866194596,2022,4,10,False,False,True,False,False,False,False,False
1.4628281653915773,0.1330707931408396,1.282288907424913,-0.354842418027315,-1.7052252980285638,0.7123141811497422,2022,4,11,False,True,False,True,False,False,True,False
0.4728253463664166,-0.3017492147590146,-0.59159501771302,1.2309746092667273,-1.359684755970678,0.140037380303281,2022,4,12,True,False,False,True,False,False,True,False
0.967826755878997,1.64398021317171,-1.5778497151540374,0.5966477983491104,0.9727139029200506,2.749223934151831,2022,4,13,True,False,False,False,False,True,False,False
-1.0121788821713247,0.27842440360878945,-0.09846766899251111,-0.037679012568506524,1.4046395804924077,-0.525601205431326,2022,4,14,False,False,True,False,False,True,False,False
0.967826755878997,1.2626928764441983,-0.8874714269453252,-0.6720058234861235,-0.8413739428838494,2.249935139682368,2022,4,15,False,True,False,True,False,False,True,False
0.967826755878997,1.561435906739301,0.6905360889603027,-0.354842418027315,1.0590990384345225,1.9138621812449226,2022,4,16,False,False,False,False,False,True,True,False
-1.507180291683905,0.6006839936462679,1.479539846913117,-1.3063326344037405,-1.014144213912792,-0.9129101881110432,2022,4,17,False,True,False,True,False,False,True,False
-0.0221760631461638,0.16373685973956556,0.5919106192162009,-0.354842418027315,-0.8413739428838494,0.004365665020007267,2022,4,18,True,False,False,False,False,False,True,False
1.4628281653915773,-1.7216058243300842,1.282288907424913,-0.989169228944932,-0.9277590783983208,-1.149138586486626,2022,4,19,False,True,False,False,False,False,False,False
-1.0121788821713247,-1.595396347923767,-0.19709313873661294,-0.989169228944932,-1.5324550269996209,-1.1710179526979194,2022,4,20,False,True,False,True,False,False,False,False
-1.507180291683905,-1.0394483313006213,0.8877870284485064,0.27948439289030197,-1.014144213912792,-1.1314951245081584,2022,4,21,True,False,False,True,False,False,False,False
1.4628281653915773,-1.090794789632592,1.1836634376808113,-0.989169228944932,-0.40944826531149214,-0.5053793669633123,2022,4,22,False,True,False,False,True,False,True,False
-0.0221760631461638,-0.8531475452008467,0.6905360889603027,-0.6720058234861235,-0.3230631297970206,-0.6460604994262762,2022,4,23,False,False,True,False,True,False,True,False
-1.507180291683905,-0.679668601975684,0.00015780075159044688,0.27948439289030197,-0.6686036718549063,-1.0555435199160923,2022,4,24,False,True,False,False,False,True,True,False
-0.0221760631461638,-0.4891135638622134,0.3946596797279975,-0.989169228944932,0.10886254777533654,-0.3858777556644793,2022,4,25,True,False,False,False,False,True,True,False
-0.0221760631461638,-0.280123433689393,0.6905360889603027,1.2309746092667273,-0.40944826531149214,-0.28884485377455055,2022,4,26,False,True,False,True,False,False,True,False
-0.0221760631461638,-1.391960380102161,-0.8874714269453252,1.2309746092667273,1.6637949870358226,-0.9247093300465388,2022,4,27,False,True,False,True,False,False,True,False
-1.507180291683905,-1.5873014517310395,0.9864124981926082,-1.3063326344037405,1.0590990384345225,-1.2150836347025955,2022,4,28,False,True,False,False,True,False,True,False
0.967826755878997,0.5958388732973363,1.479539846913117,1.2309746092667273,1.4910247160068797,0.7697628649334922,2022,4,29,True,False,False,False,True,False,False,False
-0.0221760631461638,0.12361689977707038,-0.19709313873661294,0.27948439289030197,0.19524768328980804,0.10840929536484539,2022,4,30,True,False,False,True,False,False,False,False
0.967826755878997,-0.1985245165933611,0.6905360889603027,-0.354842418027315,0.6271733608621652,0.2681581358671692,2022,5,1,True,False,False,False,False,False,False,False
1.4628281653915773,0.4592892010243965,0.7891615587044045,-1.6234960398625489,-1.1005293494272637,1.2056681054495169,2022,5,2,True,False,False,False,False,False,True,False
1.4628281653915773,1.1272067671746826,0.49328514947209934,1.2309746092667273,0.8863287674055794,2.0533032373962476,2022,5,3,True,False,False,False,False,True,False,True
-1.0121788821713247,-0.25536605044302274,0.09878327049569227,0.5966477983491104,-0.9277590783983208,-0.7227610609986393,2022,5,4,False,True,False,True,False,False,False,True
0.4728253463664166,0.48233306609858384,1.282288907424913,-0.989169228944932,-1.186914484941735,0.4019635976913428,2022,5,5,True,False,False,True,False,False,True,False
0.967826755878997,1.5623812960756784,-0.19709313873661294,1.548138014725536,-1.5324550269996209,2.2945410529515207,2022,5,6,False,False,False,False,False,True,False,False
1.4628281653915773,1.1685084638076488,-1.5778497151540374,0.27948439289030197,-0.06390772325360648,2.749223934151831,2022,5,7,True,False,False,False,True,False,False,True
0.4728253463664166,-0.26121564696185495,1.1836634376808113,-0.037679012568506524,-0.7549888073693778,-0.11486583064658754,2022,5,8,False,False,True,False,True,False,False,False
-0.0221760631461638,0.4948003879720544,0.5919106192162009,1.2309746092667273,1.6637949870358226,0.21349655428878592,2022,5,9,False,True,False,False,False,False,True,False
0.4728253463664166,-1.1216381167318887,1.1836634376808113,-0.037679012568506524,-0.8413739428838494,-0.7406378046594941,2022,5,10,False,False,True,True,False,False,False,False
0.4728253463664166,0.20379773286853725,-1.281973305921732,0.5966477983491104,1.3182544449779365,0.7496146943651797,2022,5,11,False,False,True,False,True,False,False,False
-0.0221760631461638,1.6583383137179348,-1.676475184898139,-0.6720058234861235,-0.5822185363404352,1.613911049627694,2022,5,12,True,False,False,False,False,False,True,False
0.967826755878997,0.05785325406535172,1.479539846913117,-0.6720058234861235,0.8863287674055794,0.32035184280555806,2022,5,13,False,False,False,False,False,False,False,True
-0.0221760631461638,1.4727465696204425,-1.281973305921732,-0.989169228944932,0.5407882253476938,1.3516410487076926,2022,5,14,False,True,False,False,False,False,False,False
-1.0121788821713247,-0.3257384691695789,0.9864124981926082,-1.6234960398625489,0.19524768328980804,-0.802420616542339,2022,5,15,False,True,False,False,True,False,True,False
-0.5171774726587443,1.7188432312460569,1.0850379679367095,1.2309746092667273,-0.23667799428254913,0.31709817723541606,2022,5,16,False,False,True,False,True,False,False,False
-1.507180291683905,0.2683796419097845,0.6905360889603027,-0.989169228944932,0.6271733608621652,-0.9244146584477334,2022,5,17,False,False,True,True,False,False,False,False
-0.0221760631461638,-1.5875968858986573,-1.281973305921732,-1.6234960398625489,-0.3230631297970206,-1.064887065194877,2022,5,18,False,True,False,True,False,False,True,False
-0.0221760631461638,0.2944369354936732,0.49328514947209934,-0.037679012568506524,0.19524768328980804,0.1045171746639589,2022,5,19,False,True,False,False,False,False,True,False
0.4728253463664166,-0.7846068183135209,1.282288907424913,0.5966477983491104,0.3680179543187507,-0.506300215709579,2022,5,20,False,True,False,False,False,False,False,True
-1.0121788821713247,-1.6214536415076555,-0.2957186084807148,-0.989169228944932,-0.7549888073693778,-1.1792810354477514,2022,5,21,False,True,False,False,True,False,False,False
1.4628281653915773,1.1036311205987832,-0.3943440782248163,-0.6720058234861235,-0.49583340082596367,2.4099418178336465,2022,5,22,False,False,True,False,True,False,True,False
1.4628281653915773,-0.7806480004674424,-0.19709313873661294,-0.354842418027315,-1.6188401625140922,0.02253708027966756,2022,5,23,True,False,False,True,False,False,True,False
0.4728253463664166,1.0196096433282857,-1.4792242454099356,0.27948439289030197,1.2318693094634654,1.6138987716444102,2022,5,24,False,True,False,True,False,False,False,False
0.967826755878997,-0.7374555251617224,1.282288907424913,1.548138014725536,0.8863287674055794,-0.3169368795273225,2022,5,25,True,False,False,False,False,True,False,False
-0.0221760631461638,-1.0620195017066199,1.1836634376808113,-0.037679012568506524,-1.1005293494272637,-0.8078720411202369,2022,5,26,False,True,False,True,False,False,True,False
-0.0221760631461638,1.6327537148022344,1.6767907864013198,-1.3063326344037405,-0.49583340082596367,0.6164354096884673,2022,5,27,False,True,False,False,True,False,False,False
0.4728253463664166,-0.4836775751780461,0.1974087402397941,0.27948439289030197,-0.23667799428254913,-0.13756782173787926,2022,5,28,True,False,False,False,False,False,True,False
-0.0221760631461638,0.3450152649898378,0.7891615587044045,0.5966477983491104,-0.5822185363404352,0.08284653416848563,2022,5,29,False,False,False,False,False,True,True,False
0.967826755878997,0.3747359422521867,-1.0847223664335286,-1.6234960398625489,1.0590990384345225,1.2972741387281144,2022,5,30,False,False,True,True,False,False,False,False
-0.5171774726587443,0.2036204723679664,0.49328514947209934,-0.037679012568506524,0.7999436318911078,-0.2777701128527847,2022,5,31,False,True,False,True,False,False,True,False
-1.507180291683905,1.4280178366431102,0.49328514947209934,1.548138014725536,0.9727139029200506,-0.730176962901906,2022,6,1,False,False,False,False,True,False,False,True
-1.507180291683905,0.5975523914695196,1.3809143771690149,0.9138112038079189,1.4046395804924077,-0.9083182223629939,2022,6,2,False,False,True,False,False,True,True,False
-1.507180291683905,-0.33820579104304926,1.0850379679367095,0.27948439289030197,0.3680179543187507,-1.031282224947789,2022,6,3,False,False,True,True,False,False,False,False
-0.5171774726587443,1.247153039227503,1.479539846913117,-0.354842418027315,0.4544030898332222,0.03178240169218383,2022,6,4,True,False,False,False,False,False,True,False
-0.0221760631461638,-1.1078708845209,1.1836634376808113,1.2309746092667273,0.7999436318911078,-0.8345398208121166,2022,6,5,True,False,False,False,True,False,True,False
0.4728253463664166,0.14748798052058745,1.1836634376808113,1.548138014725536,0.6271733608621652,0.18238414464825942,2022,6,6,False,True,False,False,False,True,False,False
1.4628281653915773,1.551922926542009,-1.5778497151540374,1.2309746092667273,1.3182544449779365,2.749223934151831,2022,6,7,False,True,False,True,False,False,False,False
-1.0121788821713247,0.42803226609043515,1.1836634376808113,0.9138112038079189,0.9727139029200506,-0.5955857101475849,2022,6,8,False,True,False,True,False,False,False,False
-0.0221760631461638,1.090218409388936,0.2960342099838957,-1.3063326344037405,-1.2732996204562066,0.6622445653194082,2022,6,9,False,True,False,False,False,True,False,False
-0.5171774726587443,0.525348280903733,-0.4929695479689182,0.27948439289030197,1.4910247160068797,0.02301592162772602,2022,6,10,True,False,False,False,True,False,False,False
0.967826755878997,1.1676221613047952,-1.5778497151540374,0.9138112038079189,0.6271733608621652,2.4030170352617217,2022,6,11,False,False,True,False,False,True,False,False
-0.5171774726587443,1.5310061874746694,0.5919106192162009,-1.3063326344037405,-1.2732996204562066,0.33848642411536756,2022,6,12,True,False,False,False,False,True,False,False
1.4628281653915773,-0.7903382411653058,-0.6902204874571217,1.548138014725536,0.9727139029200506,0.08575641620668813,2022,6,13,False,True,False,False,True,False,False,False
-1.507180291683905,-1.1472818024811124,-0.19709313873661294,1.2309746092667273,-0.49583340082596367,-1.132415973254425,2022,6,14,False,False,False,True,False,False,False,False
-0.0221760631461638,-0.06079310764995022,0.5919106192162009,-0.037679012568506524,1.0590990384345225,-0.13746959787161078,2022,6,15,False,False,False,False,False,False,False,True
1.4628281653915773,0.6923276724413044,1.3809143771690149,0.9138112038079189,1.5774098515213508,1.2370383527389976,2022,6,16,False,False,True,False,True,False,True,False
-1.507180291683905,-0.9483955208408202,1.0850379679367095,-0.989169228944932,-0.8413739428838494,-1.1213043983828086,2022,6,17,False,False,False,False,False,False,False,False
-1.0121788821713247,-1.71953778515676,-0.19709313873661294,0.5966477983491104,1.2318693094634654,-1.2143592336888658,2022,6,18,True,False,False,True,False,False,True,False
0.967826755878997,-0.5483185710528172,-0.3943440782248163,-0.354842418027315,0.9727139029200506,0.115800641301545,2022,6,19,False,False,False,False,False,True,True,False
-1.507180291683905,1.6152049252457379,-0.9860968966894269,0.27948439289030197,0.6271733608621652,-0.5930810015577399,2022,6,20,False,True,False,False,False,False,True,False
-1.0121788821713247,0.6685156785313112,-0.4929695479689182,-0.989169228944932,-0.40944826531149214,-0.3496454269947109,2022,6,21,True,False,False,True,False,False,False,True
-0.5171774726587443,-0.34647794773634727,-1.3805987756658338,0.5966477983491104,-1.359684755970678,-0.3670064953576565,2022,6,22,False,True,False,True,False,False,False,False
-1.507180291683905,-1.0680463587260227,1.5781653166572187,-1.3063326344037405,-0.06390772325360648,-1.146793491679467,2022,6,23,False,True,False,False,False,True,False,False
-1.507180291683905,-0.502880796073202,0.1974087402397941,0.5966477983491104,-1.359684755970678,-1.030901607465999,2022,6,24,False,True,False,False,False,True,True,False
0.4728253463664166,-1.1466318473123531,-1.3805987756658338,-1.3063326344037405,0.022477412260865026,-0.5762724424425543,2022,6,25,True,False,False,True,False,False,False,False
0.967826755878997,-1.3662576075194137,-0.59159501771302,0.27948439289030197,1.1454841739489936,-0.7498462921221598,2022,6,26,False,False,True,True,False,False,False,True
0.967826755878997,1.400483372221133,0.09878327049569227,-1.3063326344037405,1.7501801225502938,2.0044491419109858,2022,6,27,True,False,False,False,False,False,True,False
1.4628281653915773,1.7147662397329313,0.09878327049569227,0.27948439289030197,-1.014144213912792,2.749223934151831,2022,6,28,False,True,False,True,False,False,True,False
-0.5171774726587443,-1.1664259365427447,-1.676475184898139,-1.6234960398625489,-1.014144213912792,-0.845442669967913,2022,6,29,False,False,True,True,False,False,True,False
0.4728253463664166,-1.5452316262622674,1.479539846913117,-0.037679012568506524,1.0590990384345225,-1.0573483834587747,2022,6,30,True,False,False,False,False,False,False,False
1.4628281653915773,-0.5939926933665267,-0.7888459572012234,1.2309746092667273,-0.06390772325360648,0.3578119698036819,2022,7,1,True,False,False,False,True,False,False,False
-1.0121788821713247,-0.1379605122317154,-1.676475184898139,0.27948439289030197,1.4910247160068797,-0.5572292903697617,2022,7,2,False,False,True,False,False,False,False,False
1.4628281653915773,-1.025740185923156,-1.4792242454099356,-0.6720058234861235,0.9727139029200506,-0.12628435510029304,2022,7,3,False,True,False,False,False,False,False,False
-1.0121788821713247,-0.6918404896815366,0.1974087402397941,1.548138014725536,0.7999436318911078,-0.8743818765672501,2022,7,4,False,True,False,False,False,True,True,False
-0.5171774726587443,-1.0393892444670978,-1.281973305921732,1.548138014725536,-1.359684755970678,-0.7865697401232705,2022,7,5,False,False,False,False,False,False,False,False
0.967826755878997,0.9425604124135676,-1.676475184898139,-1.6234960398625489,-1.6188401625140922,2.162491342736895,2022,7,6,False,True,False,True,False,False,True,False
-1.0121788821713247,0.7293751170605748,-0.4929695479689182,-0.037679012568506524,-0.5822185363404352,-0.32763100296729813,2022,7,7,True,False,False,True,False,False,True,False
-0.5171774726587443,0.46106180603010327,0.3946596797279975,-0.6720058234861235,-0.9277590783983208,-0.13996202847817238,2022,7,8,False,False,False,True,False,False,False,False
1.4628281653915773,-0.3952836722268051,-1.3805987756658338,-0.989169228944932,0.7135584963766364,0.7424811860774347,2022,7,9,False,False,True,False,True,False,False,True
-1.0121788821713247,1.4084600947468127,-0.6902204874571217,-0.6720058234861235,-0.150292858768078,-0.055243943821648434,2022,7,10,False,True,False,True,False,False,False,False
-0.0221760631461638,1.61756839858668,-0.2957186084807148,-0.037679012568506524,0.10886254777533654,1.1800685103033064,2022,7,11,False,True,False,False,True,False,False,False
-1.507180291683905,-1.1335145702701237,-1.1833478361776304,-0.354842418027315,1.1454841739489936,-1.1156933600222243,2022,7,12,False,True,False,True,False,False,True,False
1.4628281653915773,-0.9628717950540916,0.00015780075159044688,-1.3063326344037405,-0.06390772325360648,-0.22510984254962063,2022,7,13,True,False,False,False,False,False,True,False
0.967826755878997,0.08314241881343419,-1.4792242454099356,-1.3063326344037405,0.19524768328980804,1.0541946256803088,2022,7,14,True,False,False,False,False,True,True,False
1.4628281653915773,-1.4183131078536673,-1.5778497151540374,-0.989169228944932,1.2318693094634654,-0.6742998609784508,2022,7,15,False,True,False,True,False,False,False,True
-0.0221760631461638,-0.22511359167896164,0.00015780075159044688,1.548138014725536,-0.23667799428254913,-0.16162039099036196,2022,7,16,False,False,False,False,True,False,False,True
-0.5171774726587443,0.27730175377184185,-0.8874714269453252,-0.037679012568506524,-1.4460698914851493,-0.05914834250581861,2022,7,17,True,False,False,False,True,False,False,True
-0.5171774726587443,0.07085235744053447,-1.4792242454099356,-1.6234960398625489,0.10886254777533654,-0.10546089545138507,2022,7,18,False,True,False,False,False,True,True,False
1.4628281653915773,-0.5899157018534011,-0.2957186084807148,1.548138014725536,0.2816328188042792,0.27351133657879867,2022,7,19,True,False,False,True,False,False,False,False
-0.0221760631461638,0.14128386300061394,1.3809143771690149,0.27948439289030197,0.022477412260865026,-0.14039175789309666,2022,7,20,False,False,True,False,False,False,False,False
1.4628281653915773,1.5804618671338866,0.6905360889603027,0.5966477983491104,-0.8413739428838494,2.461975910989349,2022,7,21,False,True,False,True,False,False,False,False
-1.507180291683905,-1.021604107576507,1.0850379679367095,0.27948439289030197,-0.9277590783983208,-1.1321090236723361,2022,7,22,False,True,False,True,False,False,False,False
-1.507180291683905,0.5297797934179997,1.282288907424913,1.548138014725536,-0.40944826531149214,-0.9129961339940281,2022,7,23,False,False,True,False,False,True,False,False
0.4728253463664166,-1.583697154886103,1.5781653166572187,-0.989169228944932,-1.1005293494272637,-1.0865945396402008,2022,7,24,True,False,False,True,False,False,True,False
-1.0121788821713247,-1.5041662769633954,0.8877870284485064,-0.037679012568506524,0.6271733608621652,-1.1537182742513916,2022,7,25,True,False,False,False,False,False,True,False
0.4728253463664166,0.17372253460504666,0.2960342099838957,-0.6720058234861235,0.4544030898332222,0.3881140325474937,2022,7,26,True,False,False,False,True,False,True,False
-1.507180291683905,-1.3709845542012984,-0.4929695479689182,-0.354842418027315,0.4544030898332222,-1.1686483019241936,2022,7,27,False,True,False,False,False,True,True,False
-0.0221760631461638,-1.6564921337871248,-1.1833478361776304,-0.989169228944932,-0.9277590783983208,-1.1206659432520638,2022,7,28,False,True,False,False,False,False,True,False
-1.0121788821713247,-1.1408413376270448,0.5919106192162009,-0.354842418027315,-0.8413739428838494,-1.0349901758994224,2022,7,29,True,False,False,False,True,False,True,False
-0.0221760631461638,0.21874670174999694,1.6767907864013198,-0.037679012568506524,0.9727139029200506,-0.14751298819755818,2022,7,30,False,True,False,False,False,True,True,False
0.4728253463664166,0.6974091401243304,-0.19709313873661294,0.5966477983491104,0.7135584963766364,0.9488495291074136,2022,7,31,False,True,False,False,False,True,False,False
-0.5171774726587443,-1.0338350821158835,0.6905360889603027,-0.037679012568506524,1.3182544449779365,-0.8815890527546965,2022,8,1,False,False,True,False,True,False,False,True
-0.0221760631461638,0.576162957733992,-0.09846766899251111,0.9138112038079189,-0.3230631297970206,0.40444375031462076,2022,8,2,False,False,False,False,True,False,False,True
0.4728253463664166,-1.1029666773384448,-0.2957186084807148,1.2309746092667273,0.19524768328980804,-0.6149358118024664,2022,8,3,False,False,True,False,False,False,True,False
0.4728253463664166,0.3867305694574689,-0.3943440782248163,1.2309746092667273,0.8863287674055794,0.7236099257706121,2022,8,4,False,False,False,True,False,False,True,False
0.4728253463664166,-0.30972593728469494,0.00015780075159044688,1.2309746092667273,1.6637949870358226,0.03844934661515356,2022,8,5,False,True,False,True,False,False,True,False
-0.5171774726587443,0.5261754965730631,-0.4929695479689182,1.2309746092667273,1.7501801225502938,0.023470207009217668,2022,8,6,False,False,False,True,False,False,False,True
-0.5171774726587443,1.7057850410373507,0.7891615587044045,-0.6720058234861235,1.7501801225502938,0.3772971292746823,2022,8,7,False,True,False,True,False,False,False,False
1.4628281653915773,1.507903235566959,1.282288907424913,-1.3063326344037405,1.4046395804924077,2.092163054488697,2022,8,8,False,False,False,True,False,False,True,False
-0.5171774726587443,-1.7189469168215243,1.282288907424913,0.9138112038079189,0.5407882253476938,-1.2057769233736613,2022,8,9,False,False,False,False,False,False,False,True
-1.0121788821713247,1.326861177650781,-0.9860968966894269,1.548138014725536,-1.7052252980285638,-0.0461705141751019,2022,8,10,False,False,True,False,False,True,True,False
-0.5171774726587443,-1.5038708427957774,1.282288907424913,-0.989169228944932,0.7135584963766364,-1.1132623193320805,2022,8,11,False,False,False,False,False,False,False,True
-0.5171774726587443,1.560549604236448,-0.59159501771302,1.548138014725536,-0.8413739428838494,0.6055448385159549,2022,8,12,True,False,False,False,False,False,True,False
-0.5171774726587443,-0.7595540008995327,-0.6902204874571217,0.27948439289030197,-1.5324550269996209,-0.6605976316340044,2022,8,13,False,True,False,False,False,False,True,False
-0.0221760631461638,-0.4131869827844428,0.6905360889603027,-0.6720058234861235,0.7135584963766364,-0.3717949088382426,2022,8,14,True,False,False,False,False,True,False,False
-0.5171774726587443,-1.4169541106826256,-0.6902204874571217,-1.6234960398625489,0.8863287674055794,-1.0253274030552655,2022,8,15,True,False,False,False,False,False,False,True
-1.0121788821713247,-1.3456363026196925,-1.5778497151540374,0.5966477983491104,0.5407882253476938,-1.0560960291638521,2022,8,16,False,True,False,False,False,False,False,True
0.4728253463664166,0.7782990152180796,-0.4929695479689182,-0.6720058234861235,-0.40944826531149214,1.100507178625875,2022,8,17,True,False,False,False,False,True,False,False
-0.0221760631461638,1.5304153191394338,0.6905360889603027,1.548138014725536,0.022477412260865026,0.8398210375494524,2022,8,18,False,False,False,False,False,False,True,False
-1.507180291683905,0.37739484976074705,-0.6902204874571217,-0.037679012568506524,1.4910247160068797,-0.8434290807094099,2022,8,19,False,True,False,True,False,False,True,False
-0.5171774726587443,0.740660702263574,0.3946596797279975,0.27948439289030197,0.7999436318911078,-0.004007919579376755,2022,8,20,False,False,True,False,True,False,False,True
1.4628281653915773,0.9000769791101303,0.49328514947209934,0.5966477983491104,0.022477412260865026,1.7989157017442883,2022,8,21,False,False,False,False,False,False,False,False
1.4628281653915773,-0.8252585597777279,0.7891615587044045,1.2309746092667273,0.3680179543187507,-0.17700470404465535,2022,8,22,False,False,False,False,True,False,False,False
0.4728253463664166,-1.5773748636990823,1.282288907424913,-1.3063326344037405,1.4910247160068797,-1.0746235059387355,2022,8,23,False,False,False,False,False,False,True,False
0.4728253463664166,-1.727219073514822,-0.2957186084807148,0.9138112038079189,-0.3230631297970206,-1.1662418172006168,2022,8,24,True,False,False,False,False,False,False,False
-0.0221760631461638,-0.5216704091336931,-1.1833478361776304,1.2309746092667273,-1.359684755970678,-0.2340113804301974,2022,8,25,False,False,False,True,False,False,True,False
1.4628281653915773,-0.8990580148486503,-0.6902204874571217,-0.989169228944932,-0.5822185363404352,-0.054986106172693755,2022,8,26,False,False,True,False,False,True,False,False
-1.507180291683905,-1.5182880301755255,-0.2957186084807148,-1.6234960398625489,-0.23667799428254913,-1.1965438799444286,2022,8,27,False,True,False,False,True,False,False,True
0.967826755878997,-1.1131886995380202,0.6905360889603027,-1.3063326344037405,-0.7549888073693778,-0.5871261796652161,2022,8,28,True,False,False,False,False,True,False,False
1.4628281653915773,-1.3033892166503496,-1.7751006546422408,0.5966477983491104,0.10886254777533654,-0.49538508857049923,2022,8,29,False,False,True,True,False,False,False,False
1.4628281653915773,1.428608704978346,-0.6902204874571217,1.2309746092667273,-0.6686036718549063,2.749223934151831,2022,8,30,False,True,False,True,False,False,True,False
-1.0121788821713247,-1.2488520693081064,0.8877870284485064,-0.037679012568506524,-1.359684755970678,-1.0762564777154482,2022,8,31,True,False,False,False,True,False,True,False
0.967826755878997,0.12468046278049445,0.49328514947209934,1.548138014725536,-1.014144213912792,0.618927840295029,2022,9,1,False,False,True,False,False,True,False,True
0.4728253463664166,0.3164172375644365,0.7891615587044045,-1.6234960398625489,1.4910247160068797,0.3941302443564351,2022,9,2,False,True,False,True,False,False,True,False
0.967826755878997,0.14488815984555098,0.9864124981926082,1.548138014725536,0.4544030898332222,0.5156945568469052,2022,9,3,True,False,False,False,False,False,False,True
1.4628281653915773,-1.391310424933402,0.8877870284485064,0.9138112038079189,-0.5822185363404352,-0.792561395965645,2022,9,4,False,False,True,False,False,False,False,False
0.4728253463664166,-0.6317491799880794,0.5919106192162009,0.27948439289030197,-0.40944826531149214,-0.31012259880494986,2022,9,5,True,False,False,False,False,False,False,False
0.967826755878997,-1.5565172114652666,-0.2957186084807148,1.2309746092667273,0.022477412260865026,-0.9685294523855438,2022,9,6,False,True,False,False,False,True,False,True
0.4728253463664166,-0.36603568963264455,1.5781653166572187,1.548138014725536,0.6271733608621652,-0.25161800845881416,2022,9,7,False,True,False,False,False,False,False,False
0.4728253463664166,-1.0818135909370115,0.1974087402397941,-0.989169228944932,0.2816328188042792,-0.6347279208555557,2022,9,8,True,False,False,False,False,False,False,True
-0.0221760631461638,0.2076383770475683,-1.0847223664335286,0.27948439289030197,1.4910247160068797,0.3189275967446657,2022,9,9,False,False,False,True,False,False,True,False
-1.507180291683905,0.6610116506738196,-0.7888459572012234,-0.037679012568506524,0.4544030898332222,-0.7858207831429737,2022,9,10,False,True,False,True,False,False,False,False
0.4728253463664166,0.10559541555238584,0.5919106192162009,-0.989169228944932,1.4046395804924077,0.27209936850119015,2022,9,11,True,False,False,False,False,False,False,False
-1.0121788821713247,-0.2327357932035006,1.3809143771690149,0.5966477983491104,-1.7052252980285638,-0.8010209264480138,2022,9,12,False,True,False,False,False,False,True,False
1.4628281653915773,-0.39487006439214023,-1.1833478361776304,-1.6234960398625489,1.4046395804924077,0.7015341118267816,2022,9,13,False,True,False,True,False,False,False,False
1.4628281653915773,1.1756579706639991,-1.4792242454099356,-0.354842418027315,0.7999436318911078,2.749223934151831,2022,9,14,False,False,True,False,True,False,False,False
-1.0121788821713247,-0.9754572905946092,1.282288907424913,0.5966477983491104,-1.1005293494272637,-1.0073892694779927,2022,9,15,False,False,True,False,False,True,False,True
-0.5171774726587443,0.8041790483013975,1.3809143771690149,-0.989169228944932,-0.7549888073693778,-0.13685569870743305,2022,9,16,False,True,False,False,False,True,True,False
0.4728253463664166,0.8845962287269583,-0.7888459572012234,1.548138014725536,0.19524768328980804,1.2809566989442709,2022,9,17,True,False,False,True,False,False,False,False
0.4728253463664166,-0.28473220670423033,-0.4929695479689182,1.2309746092667273,-1.2732996204562066,0.13961992887164024,2022,9,18,False,True,False,False,False,True,True,False
0.4728253463664166,-0.706080416560714,0.49328514947209934,1.548138014725536,0.9727139029200506,-0.3572209426806638,2022,9,19,True,False,False,True,False,False,False,False
0.967826755878997,-0.10723535879946593,-0.59159501771302,-0.037679012568506524,1.0590990384345225,0.6315127731606721,2022,9,20,False,False,True,True,False,False,False,False
0.4728253463664166,-1.4115181219984583,1.282288907424913,1.2309746092667273,-0.6686036718549063,-0.9557235158207966,2022,9,21,False,True,False,True,False,False,False,False
0.4728253463664166,-1.5749523035246165,-1.3805987756658338,1.548138014725536,-1.4460698914851493,-1.0034848707938224,2022,9,22,False,True,False,True,False,False,True,False
-1.0121788821713247,-1.347940689127111,-1.676475184898139,-1.3063326344037405,1.7501801225502938,-1.0550646785680335,2022,9,23,True,False,False,False,True,False,True,False
-1.507180291683905,-1.0868359717865137,-1.0847223664335286,0.9138112038079189,-0.8413739428838494,-1.1081055663529877,2022,9,24,False,False,False,False,False,False,True,False
-1.507180291683905,0.00898844274137036,-0.7888459572012234,-1.3063326344037405,-1.4460698914851493,-0.9077534351319505,2022,9,25,False,False,False,False,False,False,True,False
-0.5171774726587443,1.2013607432467464,-1.3805987756658338,-0.354842418027315,-0.5822185363404352,0.5592936754868061,2022,9,26,False,True,False,False,True,False,False,False
-1.0121788821713247,-0.9192066250801832,-1.5778497151540374,-0.989169228944932,1.6637949870358226,-0.8824116776346945,2022,9,27,False,False,True,False,False,True,False,True
0.4728253463664166,1.498744776370808,0.7891615587044045,1.2309746092667273,1.0590990384345225,1.3031552927209369,2022,9,28,True,False,False,False,False,True,True,False
-1.507180291683905,1.5669900690905156,-1.1833478361776304,0.9138112038079189,-0.06390772325360648,-0.5882189201774524,2022,9,29,True,False,False,False,False,False,True,False
-0.0221760631461638,1.5808163881350281,1.3809143771690149,0.9138112038079189,-0.6686036718549063,0.673233360358189,2022,9,30,False,False,True,False,False,True,False,False
-0.0221760631461638,1.1613589569512985,-0.4929695479689182,0.27948439289030197,-0.23667799428254913,0.907362223592284,2022,10,1,False,False,False,False,False,False,False,False
-0.0221760631461638,-0.4761144604870308,0.49328514947209934,1.2309746092667273,-1.6188401625140922,-0.38864030190327903,2022,10,2,False,False,False,False,False,False,True,False
0.4728253463664166,-1.48248140906025,-0.9860968966894269,-0.354842418027315,0.7999436318911078,-0.9253846191271342,2022,10,3,True,False,False,False,True,False,True,False
0.4728253463664166,0.2324548471274621,-0.9860968966894269,0.9138112038079189,-1.359684755970678,0.71386120704347,2022,10,4,True,False,False,False,False,True,True,False
-0.5171774726587443,0.19741635484799286,0.1974087402397941,0.27948439289030197,0.10886254777533654,-0.24297430822719204,2022,10,5,False,False,True,False,True,False,True,False
1.4628281653915773,1.2043150849229243,0.1974087402397941,-1.3063326344037405,0.2816328188042792,2.2717408379939603,2022,10,6,False,True,False,False,False,False,True,False
-0.5171774726587443,1.7089757300476225,0.8877870284485064,1.2309746092667273,-1.7052252980285638,0.3567560632412961,2022,10,7,True,False,False,False,False,False,True,False
-0.5171774726587443,0.022755674952358997,0.8877870284485064,-1.6234960398625489,1.6637949870358226,-0.4105933360142739,2022,10,8,True,False,False,False,False,False,False,False
0.967826755878997,-0.5405191090277077,0.49328514947209934,1.2309746092667273,-0.6686036718549063,-0.019674626249191897,2022,10,9,False,False,True,True,False,False,False,False
-0.0221760631461638,-1.0911493106337333,-0.19709313873661294,1.2309746092667273,-1.4460698914851493,-0.7397292338965111,2022,10,10,False,True,False,True,False,False,True,False
0.4728253463664166,-1.717115224982294,1.282288907424913,-0.6720058234861235,1.2318693094634654,-1.1748118495325377,2022,10,11,False,True,False,True,False,False,False,False
-0.0221760631461638,0.02606453762967819,0.3946596797279975,1.2309746092667273,-1.186914484941735,-0.051879776401954576,2022,10,12,False,False,False,False,True,False,False,False
-0.5171774726587443,0.18648529064613506,1.6767907864013198,0.5966477983491104,-1.6188401625140922,-0.43626659906018567,2022,10,13,False,True,False,False,False,False,False,True
0.4728253463664166,1.1177528738109133,1.0850379679367095,-0.037679012568506524,0.022477412260865026,0.9185843003134527,2022,10,14,True,False,False,False,False,True,True,False
-1.0121788821713247,0.010406526745935776,-1.5778497151540374,-1.3063326344037405,-1.2732996204562066,-0.5038077851030173,2022,10,15,False,True,False,False,True,False,False,False
-1.507180291683905,1.4341037804960364,-0.6902204874571217,-0.354842418027315,1.6637949870358226,-0.6480004207850778,2022,10,16,False,True,False,False,True,False,False,False
-1.507180291683905,0.43730889895363356,0.1974087402397941,0.9138112038079189,-1.7052252980285638,-0.8746151582496376,2022,10,17,False,True,False,False,True,False,True,False
-0.5171774726587443,1.1709901108156382,0.6905360889603027,-0.037679012568506524,-1.5324550269996209,0.1492581457492302,2022,10,18,False,True,False,False,False,True,False,True
1.4628281653915773,-1.221081257552035,0.09878327049569227,-0.037679012568506524,1.1454841739489936,-0.5418326993321847,2022,10,19,False,False,False,False,False,False,False,False
-0.0221760631461638,1.2228092638157975,0.9864124981926082,0.27948439289030197,-0.8413739428838494,0.5721364460014039,2022,10,20,False,True,False,True,False,False,False,False
-1.0121788821713247,0.5999749516439852,-0.7888459572012234,1.548138014725536,1.4046395804924077,-0.34421855838338,2022,10,21,False,False,False,False,False,False,True,False
0.4728253463664166,-1.1452728501413114,-1.1833478361776304,-0.354842418027315,-0.6686036718549063,-0.5889924331243163,2022,10,22,True,False,False,False,False,False,True,False
1.4628281653915773,-1.0777956862574096,-1.5778497151540374,-0.989169228944932,-1.4460698914851493,-0.1889020698464194,2022,10,23,True,False,False,False,True,False,False,False
-0.0221760631461638,1.4687877517743644,0.1974087402397941,-0.989169228944932,-1.7052252980285638,0.9381799616340052,2022,10,24,True,False,False,False,True,False,True,False
-0.5171774726587443,-1.6223399440105088,0.5919106192162009,-0.354842418027315,-0.7549888073693778,-1.1554863038442234,2022,10,25,True,False,False,False,True,False,False,False
-0.0221760631461638,-0.13494708372201406,-0.6902204874571217,-0.6720058234861235,-0.06390772325360648,-0.001994330320873884,2022,10,26,False,False,True,True,False,False,True,False
-0.5171774726587443,-0.6501842720474291,0.2960342099838957,-0.354842418027315,-1.7052252980285638,-0.6729861167671106,2022,10,27,False,True,False,True,False,False,False,False
0.967826755878997,0.5651728066986104,-1.5778497151540374,0.9138112038079189,0.2816328188042792,1.666915103462797,2022,10,28,True,False,False,True,False,False,False,False
-1.507180291683905,1.1685084638076488,-1.4792242454099356,-0.354842418027315,-0.5822185363404352,-0.6474110775874672,2022,10,29,False,False,False,False,False,False,True,False
1.4628281653915773,-0.48805000085878936,0.6905360889603027,-0.6720058234861235,-0.3230631297970206,0.20538080733835645,2022,10,30,False,False,False,False,True,False,False,False
-1.507180291683905,-0.25808404478510627,-0.4929695479689182,-0.6720058234861235,-0.8413739428838494,-0.9674612678398744,2022,10,31,False,False,False,False,False,True,True,False
-0.0221760631461638,1.6603472660577352,0.49328514947209934,-1.6234960398625489,0.10886254777533654,0.9787095844530176,2022,11,1,True,False,False,False,False,False,True,False
-1.0121788821713247,0.9759444733543771,1.0850379679367095,1.2309746092667273,-0.9277590783983208,-0.424553403007675,2022,11,2,False,False,True,True,False,False,True,False
0.4728253463664166,1.3675129191149882,1.1836634376808113,-0.6720058234861235,-1.2732996204562066,1.0696894405841542,2022,11,3,True,False,False,False,False,True,True,False
-0.5171774726587443,-0.21707778231975786,-1.1833478361776304,-0.6720058234861235,1.4046395804924077,-0.3095823675404736,2022,11,4,True,False,False,False,False,True,True,False
0.4728253463664166,-0.9246426137643503,-0.09846766899251111,0.9138112038079189,-0.3230631297970206,-0.4761086548153191,2022,11,5,False,True,False,False,True,False,False,True
-1.507180291683905,-0.3100804582858363,0.7891615587044045,1.548138014725536,-1.4460698914851493,-1.0177027754361783,2022,11,6,True,False,False,False,False,True,True,False
-1.0121788821713247,0.741487917932904,0.8877870284485064,-0.6720058234861235,-0.9277590783983208,-0.47242525983025285,2022,11,7,False,True,False,True,False,False,True,False
-1.0121788821713247,-1.3554447169846031,0.8877870284485064,0.27948439289030197,-0.6686036718549063,-1.10859668568433,2022,11,8,False,True,False,False,True,False,True,False
0.4728253463664166,-0.798846745192698,-0.9860968966894269,-1.6234960398625489,0.9727139029200506,-0.2719257928098129,2022,11,9,False,False,False,False,False,True,True,False
-1.507180291683905,-1.5725297433501504,-1.0847223664335286,0.27948439289030197,-1.6188401625140922,-1.2019707485557596,2022,11,10,False,True,False,False,True,False,False,False
0.4728253463664166,-0.23929443172461515,0.2960342099838957,-1.3063326344037405,-0.06390772325360648,0.049106636105278684,2022,11,11,False,True,False,False,False,True,True,False
-0.0221760631461638,1.1264386383388763,0.7891615587044045,1.548138014725536,-0.3230631297970206,0.5634804677864982,2022,11,12,False,True,False,False,False,False,False,False
-1.0121788821713247,-1.648456324427921,-0.6902204874571217,0.5966477983491104,1.6637949870358226,-1.1859234244041543,2022,11,13,False,False,False,False,False,False,True,False
-1.0121788821713247,0.6005658199792209,-1.3805987756658338,-1.6234960398625489,-1.1005293494272637,-0.28357759894590573,2022,11,14,True,False,False,True,False,False,False,True
-0.0221760631461638,1.4895272303411327,0.6905360889603027,1.2309746092667273,0.4544030898332222,0.8143319442527939,2022,11,15,True,False,False,False,False,False,True,False
-1.507180291683905,-0.9147751125659165,-0.7888459572012234,-0.989169228944932,-1.014144213912792,-1.0805169379148414,2022,11,16,False,False,True,False,False,False,False,False
-1.0121788821713247,0.6639069055164736,-1.1833478361776304,0.5966477983491104,0.19524768328980804,-0.2789733552145729,2022,11,17,False,False,True,False,False,False,False,False
1.4628281653915773,1.636771619481836,-1.281973305921732,1.2309746092667273,0.19524768328980804,2.749223934151831,2022,11,18,False,True,False,False,False,True,True,False
0.967826755878997,1.5924564943391684,-0.6902204874571217,0.5966477983491104,-1.4460698914851493,2.5389220322273833,2022,11,19,False,False,True,False,False,True,False,False
0.967826755878997,-0.9216882720881725,0.2960342099838957,1.548138014725536,-0.150292858768078,-0.36313893062333696,2022,11,20,False,False,True,False,True,False,False,False
0.967826755878997,-1.3869379992526587,-0.4929695479689182,-0.354842418027315,-0.150292858768078,-0.777962873841499,2022,11,21,False,False,True,False,False,True,True,False
-0.5171774726587443,-1.2211403443855584,-1.676475184898139,-0.354842418027315,-0.5822185363404352,-0.879207123997687,2022,11,22,False,True,False,False,False,False,False,False
1.4628281653915773,0.6929185407765401,-1.4792242454099356,0.5966477983491104,-0.7549888073693778,2.298629621384944,2022,11,23,False,False,False,False,False,True,False,True
-0.5171774726587443,0.7749310657072369,-0.7888459572012234,1.2309746092667273,-0.9277590783983208,0.20695238919865136,2022,11,24,True,False,False,True,False,False,False,False
-1.507180291683905,0.5968433494672368,0.49328514947209934,-0.354842418027315,-1.7052252980285638,-0.8631720778293651,2022,11,25,False,True,False,False,True,False,False,True
-0.0221760631461638,-0.5720123912957634,-1.4792242454099356,0.9138112038079189,-1.7052252980285638,-0.24216396133047752,2022,11,26,True,False,False,False,True,False,True,False
0.4728253463664166,-1.1468681946464474,0.1974087402397941,-1.6234960398625489,0.3680179543187507,-0.6888001592363284,2022,11,27,False,True,False,False,False,True,False,False
1.4628281653915773,0.27375654376042835,-1.3805987756658338,-0.354842418027315,-0.6686036718549063,1.676725212106357,2022,11,28,False,True,False,False,False,False,False,True
-1.507180291683905,-0.06185667065337428,-1.0847223664335286,-0.989169228944932,-1.1005293494272637,-0.9100371400226914,2022,11,29,False,False,True,False,True,False,True,False
0.4728253463664166,0.7855666957414772,-1.1833478361776304,-0.989169228944932,0.6271733608621652,1.2967461854469218,2022,11,30,False,True,False,True,False,False,False,True
-1.507180291683905,-0.20809658362417732,-1.5778497151540374,-1.3063326344037405,0.10886254777533654,-0.9215170543928146,2022,12,1,True,False,False,True,False,False,True,False
-0.5171774726587443,-0.5632084531007536,0.49328514947209934,-0.989169228944932,1.4910247160068797,-0.6458517737104559,2022,12,2,True,False,False,False,True,False,False,True
0.967826755878997,-0.7193158672699905,-0.19709313873661294,0.27948439289030197,1.1454841739489936,-0.09504916562693108,2022,12,3,False,True,False,False,False,False,True,False
-0.0221760631461638,-1.0027554076824925,1.0850379679367095,0.5966477983491104,0.7999436318911078,-0.7665689053543607,2022,12,4,False,False,False,False,False,False,True,False
-0.5171774726587443,-0.8151547112451997,-1.4792242454099356,0.5966477983491104,-1.2732996204562066,-0.6412106960292723,2022,12,5,False,True,False,False,False,True,False,True
-0.0221760631461638,-1.4059048728137202,-1.281973305921732,1.548138014725536,0.6271733608621652,-0.9214188305265462,2022,12,6,False,True,False,False,False,True,True,False
1.4628281653915773,-0.5347876861759228,-0.6902204874571217,0.5966477983491104,0.7135584963766364,0.4165866757820557,2022,12,7,False,True,False,False,True,False,True,False
0.4728253463664166,-1.6073318882955256,0.8877870284485064,-1.6234960398625489,0.9727139029200506,-1.0871716048545277,2022,12,8,False,True,False,False,False,True,True,False
-1.507180291683905,-1.0893767056280266,-0.6902204874571217,1.548138014725536,-0.7549888073693778,-1.1146988433762564,2022,12,9,False,True,False,False,False,True,False,False
-1.0121788821713247,0.8475487841076883,-0.3943440782248163,0.27948439289030197,0.5407882253476938,-0.2960029180288625,2022,12,10,False,False,True,False,False,True,False,True
-1.0121788821713247,-0.6087053149138922,-0.6902204874571217,-1.3063326344037405,0.4544030898332222,-0.8013524319966697,2022,12,11,False,False,False,True,False,False,True,False
-0.0221760631461638,0.5761038709004686,-1.4792242454099356,1.548138014725536,-0.40944826531149214,0.6834977543832405,2022,12,12,False,True,False,False,False,True,False,False
0.967826755878997,0.744264999108511,1.479539846913117,1.2309746092667273,0.6271733608621652,0.8937459401308225,2022,12,13,False,False,True,False,True,False,True,False
0.967826755878997,0.27517462776499374,0.09878327049569227,-0.6720058234861235,-1.4460698914851493,0.8680112871684929,2022,12,14,False,False,True,False,False,False,False,False
-0.0221760631461638,1.5801073461327455,0.9864124981926082,-0.354842418027315,0.5407882253476938,0.7859575248845003,2022,12,15,False,False,True,False,False,True,True,False
-0.5171774726587443,-1.659623735963873,0.49328514947209934,-1.6234960398625489,0.3680179543187507,-1.172135249176723,2022,12,16,True,False,False,False,False,False,True,False
-1.0121788821713247,0.8194825381839989,0.00015780075159044688,-0.6720058234861235,-1.014144213912792,-0.34995237657679973,2022,12,17,False,True,False,False,False,True,True,False
-0.5171774726587443,1.580402780300363,-1.4792242454099356,-0.6720058234861235,1.1454841739489936,0.8073457717644515,2022,12,18,False,True,False,False,True,False,False,False
0.4728253463664166,1.2467985182263612,0.3946596797279975,0.9138112038079189,1.3182544449779365,1.237001518789147,2022,12,19,False,False,True,True,False,False,False,True
-1.0121788821713247,-1.1533677463340388,-1.281973305921732,0.9138112038079189,-1.014144213912792,-0.9861238024308768,2022,12,20,False,False,True,False,True,False,False,False
0.4728253463664166,-0.6040374550655313,-0.2957186084807148,1.548138014725536,-1.4460698914851493,-0.17431582570555704,2022,12,21,False,True,False,True,False,False,True,False
-1.507180291683905,-1.1376506486167726,0.3946596797279975,1.2309746092667273,0.3680179543187507,-1.1392670879266482,2022,12,22,True,False,False,False,False,True,False,False
-0.5171774726587443,0.3447789176557435,0.8877870284485064,-1.6234960398625489,-0.06390772325360648,-0.264043327541771,2022,12,23,False,False,False,False,False,True,False,False
-0.0221760631461638,0.7280161198895329,0.5919106192162009,0.5966477983491104,-0.23667799428254913,0.3608200757081527,2022,12,24,False,False,True,True,False,False,True,False
-1.0121788821713247,-0.6377169501739586,0.5919106192162009,-0.6720058234861235,0.8863287674055794,-0.8760885162436641,2022,12,25,False,False,False,False,True,False,True,False
-0.5171774726587443,0.13112092763456232,-1.281973305921732,-0.6720058234861235,1.6637949870358226,-0.09336708191708416,2022,12,26,False,False,True,False,True,False,True,False
-0.0221760631461638,0.6545120989862282,-0.59159501771302,-0.354842418027315,-0.06390772325360648,0.5614300445781446,2022,12,27,True,False,False,True,False,False,False,False
-1.507180291683905,-0.2773463525137857,-1.5778497151540374,-1.3063326344037405,-1.7052252980285638,-0.9356244571856184,2022,12,28,True,False,False,False,False,True,False,False
-1.0121788821713247,1.2182595776344838,0.6905360889603027,-1.6234960398625489,0.3680179543187507,-0.3025102491691464,2022,12,29,False,False,True,True,False,False,False,False
0.4728253463664166,0.9332246927168457,1.479539846913117,-0.354842418027315,0.5407882253476938,0.6679538275462608,2022,12,30,False,True,False,False,False,True,True,False
-1.507180291683905,-1.5101931339827983,-0.8874714269453252,0.27948439289030197,1.1454841739489936,-1.1912152351993661,2022,12,31,True,False,False,True,False,False,True,False
0.967826755878997,0.413260557709546,-1.4792242454099356,1.2309746092667273,-1.014144213912792,1.4534378081116404,2023,1,1,False,False,True,False,False,True,False,True
-0.0221760631461638,-0.9202701880836073,-0.09846766899251111,0.9138112038079189,0.10886254777533654,-0.6279259181164667,2023,1,2,False,True,False,True,False,False,True,False
-1.0121788821713247,0.19339845016839097,1.1836634376808113,-1.3063326344037405,-0.150292858768078,-0.6638390192208627,2023,1,3,False,False,True,False,False,False,False,True
-1.0121788821713247,1.5738441417792481,0.09878327049569227,0.5966477983491104,0.6271733608621652,-0.10699564336182935,2023,1,4,True,False,False,False,False,True,False,False
1.4628281653915773,1.3048217887464943,-1.5778497151540374,0.27948439289030197,-1.4460698914851493,2.749223934151831,2023,1,5,False,False,False,False,True,False,True,False
1.4628281653915773,-0.3354877967009658,1.5781653166572187,-1.3063326344037405,1.3182544449779365,0.17716600175274888,2023,1,6,False,True,False,True,False,False,False,False
-1.507180291683905,-0.7260517662916761,1.0850379679367095,-0.354842418027315,0.022477412260865026,-1.0885099050324352,2023,1,7,False,True,False,False,True,False,False,True
-1.0121788821713247,-0.9234608770938793,-1.281973305921732,0.27948439289030197,1.3182544449779365,-0.8953526720155606,2023,1,8,True,False,False,True,False,False,True,False
-0.0221760631461638,0.10695441272342741,1.3809143771690149,-0.989169228944932,-0.49583340082596367,-0.15980324946439592,2023,1,9,False,True,False,False,True,False,False,True
-1.507180291683905,-1.33878222993096,-0.19709313873661294,-1.3063326344037405,0.5407882253476938,-1.1658366437522596,2023,1,10,False,False,True,False,True,False,True,False
0.4728253463664166,0.16491859641003664,-0.4929695479689182,-0.037679012568506524,1.5774098515213508,0.5460702874904183,2023,1,11,False,False,True,True,False,False,False,False
-1.507180291683905,-1.7291098521875763,-0.19709313873661294,1.2309746092667273,1.5774098515213508,-1.2339671729927018,2023,1,12,False,True,False,True,False,False,False,True
-1.507180291683905,-0.6143185640986302,1.0850379679367095,-0.037679012568506524,1.5774098515213508,-1.072020573482622,2023,1,13,True,False,False,False,True,False,False,True
0.4728253463664166,-0.9735074250883319,0.49328514947209934,1.548138014725536,-1.5324550269996209,-0.5711648013965956,2023,1,14,True,False,False,False,True,False,False,False
0.967826755878997,1.6233589082719886,-1.5778497151540374,-0.6720058234861235,-0.3230631297970206,2.749223934151831,2023,1,15,True,False,False,False,True,False,False,False
1.4628281653915773,0.7800716202237864,1.5781653166572187,-1.6234960398625489,-1.5324550269996209,1.2481130936607636,2023,1,16,False,False,False,False,False,True,True,False
-0.0221760631461638,-0.5250974454780594,-1.281973305921732,-0.354842418027315,-0.6686036718549063,-0.22590791146305175,2023,1,17,False,False,True,False,False,True,True,False
0.967826755878997,-1.4128180323359765,0.7891615587044045,-1.6234960398625489,-1.1005293494272637,-0.8724051212585978,2023,1,18,False,False,True,False,False,False,True,False
0.967826755878997,0.05265361271527874,0.3946596797279975,1.548138014725536,0.4544030898332222,0.5731555186139388,2023,1,19,False,False,True,False,False,True,True,False
0.967826755878997,-0.9959013349937599,-1.0847223664335286,1.548138014725536,0.9727139029200506,-0.29198801749514036,2023,1,20,True,False,False,False,False,True,True,False
1.4628281653915773,0.12048529760032205,-1.1833478361776304,0.5966477983491104,0.10886254777533654,1.4061798504532403,2023,1,21,False,False,False,True,False,False,True,False
-0.5171774726587443,1.153795842260283,1.1836634376808113,-1.3063326344037405,1.0590990384345225,0.04845590299125034,2023,1,22,False,False,True,False,False,False,False,True
1.4628281653915773,0.3948254656501962,-0.2957186084807148,0.9138112038079189,-1.6188401625140922,1.491032992925883,2023,1,23,False,False,True,False,False,False,False,False
0.967826755878997,0.4570439013505014,0.49328514947209934,0.9138112038079189,1.1454841739489936,0.9380080698680353,2023,1,24,False,False,False,False,False,True,True,False
-0.5171774726587443,0.1363796558181588,0.00015780075159044688,-0.989169228944932,-1.1005293494272637,-0.2489905200361336,2023,1,25,False,True,False,True,False,False,False,True
0.4728253463664166,1.4714466592829247,0.6905360889603027,-0.037679012568506524,-0.150292858768078,1.3163909587006084,2023,1,26,False,False,True,True,False,False,True,False
1.4628281653915773,1.4874591911678081,-0.09846766899251111,0.9138112038079189,-0.150292858768078,2.745658714755869,2023,1,27,False,True,False,False,False,False,False,False
-0.0221760631461638,0.03853185950314875,-0.7888459572012234,0.27948439289030197,1.3182544449779365,0.14180540989611287,2023,1,28,False,True,False,True,False,False,False,False
0.967826755878997,-0.6768324339665532,-0.4929695479689182,-0.6720058234861235,1.6637949870358226,-0.0077158705310101,2023,1,29,False,True,False,False,True,False,True,False
-1.0121788821713247,-0.14511001908806564,1.1836634376808113,-0.989169228944932,-0.8413739428838494,-0.7623207231382509,2023,1,30,False,False,False,False,False,True,False,False
0.4728253463664166,-1.0888449241263147,-0.19709313873661294,-1.3063326344037405,-1.4460698914851493,-0.6100860084054625,2023,1,31,False,False,False,False,True,False,True,False
-0.5171774726587443,0.4658478395455114,-1.0847223664335286,1.2309746092667273,0.5407882253476938,0.07633920302820196,2023,2,1,False,False,True,False,False,False,True,False
1.4628281653915773,-0.005133310470759631,1.479539846913117,1.2309746092667273,0.022477412260865026,0.5207408079764462,2023,2,2,False,False,True,False,False,False,True,False
-0.0221760631461638,-1.3766568902195597,0.9864124981926082,-1.6234960398625489,0.2816328188042792,-0.9835208699747633,2023,2,3,True,False,False,True,False,False,False,True
-1.507180291683905,-1.05055665600305,-1.5778497151540374,1.548138014725536,-1.5324550269996209,-1.0930773148139175,2023,2,4,False,False,False,True,False,False,False,False
-0.0221760631461638,-0.07586025019845727,1.6767907864013198,1.2309746092667273,0.9727139029200506,-0.3066724855022712,2023,2,5,True,False,False,False,False,False,False,False
-0.0221760631461638,1.3343061186747491,0.5919106192162009,1.548138014725536,-0.9277590783983208,0.7438072082720586,2023,2,6,True,False,False,False,False,False,False,False
0.967826755878997,0.22406451676711692,-1.1833478361776304,-1.6234960398625489,-0.5822185363404352,1.1480843638496476,2023,2,7,False,True,False,False,True,False,True,False
0.967826755878997,0.6220734273817955,-0.9860968966894269,-0.6720058234861235,-0.9277590783983208,1.5535770397723083,2023,2,8,False,False,True,False,True,False,False,False
1.4628281653915773,-0.5618494559297117,0.5919106192162009,-0.6720058234861235,1.5774098515213508,0.14320509999043815,2023,2,9,False,False,True,True,False,False,True,False
1.4628281653915773,0.2414360458230426,0.8877870284485064,0.9138112038079189,-1.1005293494272637,0.9411512335886252,2023,2,10,True,False,False,False,True,False,True,False
-0.5171774726587443,-0.18729801822388512,-0.9860968966894269,1.2309746092667273,0.7999436318911078,-0.312516805545243,2023,2,11,False,True,False,True,False,False,False,False
1.4628281653915773,0.5446105886324125,-0.8874714269453252,-1.6234960398625489,-0.8413739428838494,1.8827988835375309,2023,2,12,False,False,True,True,False,False,True,False
-0.5171774726587443,-1.5588806848062091,-0.6902204874571217,1.548138014725536,-0.23667799428254913,-1.1040661098526983,2023,2,13,False,True,False,False,False,True,True,False
0.967826755878997,-0.028590783379611837,0.2960342099838957,-0.6720058234861235,1.7501801225502938,0.5165171817269034,2023,2,14,False,False,True,True,False,False,False,True
0.967826755878997,-0.7105710159085041,-1.1833478361776304,-0.989169228944932,-1.359684755970678,0.052716363190643684,2023,2,15,False,False,False,False,True,False,False,False
-1.0121788821713247,-0.6062236679059029,-1.3805987756658338,0.9138112038079189,1.3182544449779365,-0.7650587134104836,2023,2,16,True,False,False,False,False,False,False,False
-1.0121788821713247,1.5877886344908076,0.5919106192162009,-0.354842418027315,1.5774098515213508,-0.1731616952769029,2023,2,17,False,True,False,False,False,False,True,False
0.4728253463664166,-1.1021985485026387,0.8877870284485064,0.9138112038079189,0.7135584963766364,-0.7040494144745028,2023,2,18,False,False,True,False,True,False,True,False
0.967826755878997,-0.6578655604054915,0.00015780075159044688,1.2309746092667273,-1.7052252980285638,-0.05973768570342923,2023,2,19,False,False,True,False,False,False,False,False
-1.507180291683905,0.028782531971762018,-0.4929695479689182,-0.037679012568506524,1.1454841739489936,-0.9155990664501414,2023,2,20,True,False,False,True,False,False,False,False
-1.0121788821713247,1.249398338901398,-0.2957186084807148,1.548138014725536,1.3182544449779365,-0.16514417219274202,2023,2,21,False,False,False,False,False,False,False,False
-0.5171774726587443,-0.29347705806571683,-0.3943440782248163,0.9138112038079189,1.6637949870358226,-0.4305941707831836,2023,2,22,False,True,False,False,True,False,False,True
-0.0221760631461638,0.8375040224086838,1.5781653166572187,-1.6234960398625489,1.2318693094634654,0.2088923105574531,2023,2,23,True,False,False,False,False,False,False,True
1.4628281653915773,1.2264135606607345,0.8877870284485064,-0.6720058234861235,-0.150292858768078,1.9870389616149056,2023,2,24,False,False,True,True,False,False,True,False
1.4628281653915773,-0.6621198124191875,-1.0847223664335286,-0.6720058234861235,0.7135584963766364,0.3192468243100381,2023,2,25,False,False,False,True,False,False,False,True
0.4728253463664166,-0.3761395381651728,-0.4929695479689182,1.2309746092667273,-0.06390772325360648,0.05700137935660411,2023,2,26,False,True,False,False,True,False,False,False
-1.0121788821713247,-0.5012263647345424,0.09878327049569227,1.2309746092667273,-0.49583340082596367,-0.8055146683297946,2023,2,27,False,False,True,False,True,False,False,False
-0.0221760631461638,1.1451100777323204,0.2960342099838957,-0.037679012568506524,0.4544030898332222,0.6982927242399232,2023,2,28,True,False,False,False,True,False,True,False
-0.0221760631461638,-1.5804473790423073,-0.19709313873661294,1.2309746092667273,0.9727139029200506,-1.081351840778123,2023,3,1,True,False,False,False,False,True,False,False
-1.0121788821713247,-0.6676148879368783,0.9864124981926082,-1.6234960398625489,0.4544030898332222,-0.9047207732609126,2023,3,2,False,True,False,False,False,True,False,True
-1.507180291683905,0.6146875731913509,0.8877870284485064,1.2309746092667273,1.1454841739489936,-0.8805699801421614,2023,3,3,False,False,False,True,False,False,False,False
-1.507180291683905,0.22075565408979772,0.00015780075159044688,-0.354842418027315,-1.1005293494272637,-0.902117840804799,2023,3,4,False,True,False,False,False,True,False,False
0.4728253463664166,-0.22564537318067351,1.1836634376808113,-0.989169228944932,-0.40944826531149214,-0.08899611986813893,2023,3,5,False,True,False,False,False,True,True,False
-1.507180291683905,0.13265718530617476,0.7891615587044045,-1.6234960398625489,-0.5822185363404352,-0.9496336361121537,2023,3,6,False,True,False,False,False,False,True,False
0.4728253463664166,-1.0507339165036205,0.8877870284485064,-0.037679012568506524,-1.014144213912792,-0.665017705616084,2023,3,7,False,False,False,False,False,True,True,False
-0.5171774726587443,-0.24490768090935297,1.479539846913117,-0.989169228944932,-0.150292858768078,-0.591398917847893,2023,3,8,False,False,True,False,False,False,True,False
-1.0121788821713247,0.0004799387139781958,-0.8874714269453252,-0.6720058234861235,1.5774098515213508,-0.5608758514049772,2023,3,9,False,False,True,False,True,False,False,False
-0.0221760631461638,1.3813392381595004,-0.8874714269453252,0.9138112038079189,0.19524768328980804,1.1729472799988447,2023,3,10,False,True,False,False,False,False,True,False
0.4728253463664166,-0.8321126324664605,1.282288907424913,-1.3063326344037405,-0.7549888073693778,-0.5403470633548746,2023,3,11,True,False,False,False,False,False,False,False
1.4628281653915773,1.266001739121517,0.8877870284485064,-1.6234960398625489,-0.49583340082596367,2.0290664983945117,2023,3,12,True,False,False,False,True,False,True,False
-1.507180291683905,0.49314595663339467,1.3809143771690149,1.2309746092667273,0.4544030898332222,-0.9230640802865424,2023,3,13,False,False,True,False,True,False,True,False
1.4628281653915773,-1.663405293309381,-1.5778497151540374,-0.037679012568506524,-0.49583340082596367,-1.0236821532952691,2023,3,14,False,False,False,True,False,False,True,False
0.4728253463664166,0.7710313346946824,0.3946596797279975,-1.6234960398625489,0.19524768328980804,0.8514360097356948,2023,3,15,False,True,False,True,False,False,False,True
0.967826755878997,-1.6108180114734152,-1.281973305921732,-1.6234960398625489,-0.7549888073693778,-0.9997032519424877,2023,3,16,False,False,True,True,False,False,True,False
0.4728253463664166,1.7138208503965544,0.00015780075159044688,0.27948439289030197,-0.49583340082596367,1.7624378134088488,2023,3,17,False,True,False,True,False,False,True,False
-1.507180291683905,1.282605139341637,-1.281973305921732,-1.3063326344037405,0.7135584963766364,-0.6373062973451021,2023,3,18,True,False,False,False,False,False,False,True
0.967826755878997,-0.7059031560601432,-1.3805987756658338,-0.6720058234861235,0.2816328188042792,0.08602653183892607,2023,3,19,False,True,False,False,False,False,False,True
0.967826755878997,-0.8439299991711718,-1.7751006546422408,-0.6720058234861235,-1.359684755970678,-0.03038102767245119,2023,3,20,False,True,False,True,False,False,False,False
-1.507180291683905,-0.4152550219577674,0.3946596797279975,-1.3063326344037405,1.6637949870358226,-1.0221842393346754,2023,3,21,True,False,False,False,False,True,True,False
0.967826755878997,-0.5025853619055842,-0.4929695479689182,-0.037679012568506524,-1.5324550269996209,0.18129140413602324,2023,3,22,True,False,False,True,False,False,True,False
-1.0121788821713247,-0.4466892173922996,-1.3805987756658338,1.2309746092667273,-1.4460698914851493,-0.7014096480685386,2023,3,23,False,True,False,False,False,True,False,True
-0.0221760631461638,-0.6335808718273097,-0.6902204874571217,-1.3063326344037405,0.7135584963766364,-0.37084950412540896,2023,3,24,False,False,True,False,True,False,False,True
1.4628281653915773,0.413260557709546,-1.1833478361776304,0.5966477983491104,0.7135584963766364,1.8064912174302414,2023,3,25,True,False,False,False,False,False,False,False
-1.0121788821713247,-1.1659532418745562,1.479539846913117,-0.6720058234861235,-1.6188401625140922,-1.067477719667707,2023,3,26,False,True,False,False,False,False,True,False
-1.0121788821713247,1.1904887658784118,-0.6902204874571217,-1.6234960398625489,0.5407882253476938,-0.1358734600447488,2023,3,27,False,False,True,False,False,True,True,False
-1.507180291683905,1.0744422248381462,-0.59159501771302,0.27948439289030197,-1.6188401625140922,-0.7205387460243161,2023,3,28,False,True,False,True,False,False,True,False
-1.507180291683905,-0.08673222756679157,1.0850379679367095,-0.037679012568506524,1.5774098515213508,-0.9941781594648883,2023,3,29,True,False,False,False,False,False,False,False
1.4628281653915773,1.213828065120217,0.49328514947209934,-0.037679012568506524,0.7135584963766364,2.150323861302893,2023,3,30,False,False,True,False,False,True,True,False
-0.0221760631461638,-0.8794411861188294,0.6905360889603027,1.548138014725536,-1.1005293494272637,-0.6624516071098211,2023,3,31,False,True,False,False,True,False,False,True
0.4728253463664166,-1.672977360340197,0.3946596797279975,-0.989169228944932,-1.186914484941735,-1.1291991416341338,2023,4,1,False,True,False,False,True,False,True,False
-1.0121788821713247,0.4066428323549076,1.479539846913117,1.2309746092667273,0.2816328188042792,-0.6295957238430301,2023,4,2,True,False,False,False,False,False,False,False
0.967826755878997,-0.15090052877337432,-1.0847223664335286,0.27948439289030197,0.4544030898332222,0.6877950485324844,2023,4,3,False,False,False,True,False,False,True,False
-0.0221760631461638,0.22672342427567724,1.6767907864013198,-0.037679012568506524,1.1454841739489936,-0.14320341606503068,2023,4,4,True,False,False,False,False,True,False,False
-1.0121788821713247,1.3748987733054328,1.0850379679367095,1.2309746092667273,1.4046395804924077,-0.3068320992849574,2023,4,5,False,False,True,False,False,False,True,False
0.4728253463664166,1.618927395757722,0.2960342099838957,1.2309746092667273,-0.3230631297970206,1.5743268315215149,2023,4,6,True,False,False,False,True,False,False,False
0.967826755878997,0.45934828785792037,0.49328514947209934,0.9138112038079189,1.2318693094634654,0.940218106859075,2023,4,7,False,True,False,True,False,False,False,False
-1.0121788821713247,0.9072855728000043,0.49328514947209934,-0.989169228944932,0.19524768328980804,-0.3767552140847986,2023,4,8,True,False,False,False,False,True,True,False
-0.5171774726587443,-1.4440158804364145,-1.5778497151540374,-0.989169228944932,-0.06390772325360648,-1.019114743513787,2023,4,9,False,False,True,False,False,False,False,True
1.4628281653915773,-1.1781842164139327,-0.9860968966894269,-0.6720058234861235,0.7135584963766364,-0.3882228504716381,2023,4,10,False,True,False,False,False,True,False,False
-0.0221760631461638,0.8006338382899842,1.5781653166572187,-0.989169228944932,-1.359684755970678,0.18867047208943932,2023,4,11,False,True,False,True,False,False,False,True
1.4628281653915773,-0.24266238123545783,0.09878327049569227,-0.6720058234861235,-0.7549888073693778,0.610934873177435,2023,4,12,False,True,False,True,False,False,False,True
-1.507180291683905,-0.19220222540634058,-0.4929695479689182,-0.037679012568506524,1.1454841739489936,-0.9555516240548269,2023,4,13,True,False,False,False,True,False,False,True
-1.0121788821713247,-0.6669649327681193,0.8877870284485064,-1.6234960398625489,0.022477412260865026,-0.899723634064506,2023,4,14,False,False,False,True,False,False,True,False
0.967826755878997,0.36563656988955917,0.00015780075159044688,-1.3063326344037405,1.4046395804924077,0.9866534396374772,2023,4,15,False,True,False,False,False,False,True,False
0.967826755878997,-1.0936900444752464,-1.7751006546422408,1.2309746092667273,-1.359684755970678,-0.3417752397099527,2023,4,16,True,False,False,False,False,True,False,True
-0.0221760631461638,0.43329099427403167,0.7891615587044045,-0.037679012568506524,-0.5822185363404352,0.13713977624836232,2023,4,17,False,True,False,True,False,False,False,False
-0.0221760631461638,-1.1329827887684116,0.7891615587044045,-0.037679012568506524,-0.49583340082596367,-0.8262399041124341,2023,4,18,False,False,False,True,False,False,True,False
1.4628281653915773,-1.5130883888254525,-1.1833478361776304,-1.6234960398625489,-0.23667799428254913,-0.8273940345410882,2023,4,19,False,True,False,False,False,False,False,False
0.967826755878997,-0.591806480526155,1.479539846913117,-0.037679012568506524,1.6637949870358226,-0.22232274034425384,2023,4,20,True,False,False,False,False,True,True,False
0.967826755878997,-0.9347464622968786,-0.9860968966894269,1.548138014725536,-0.6686036718549063,-0.23214512697109718,2023,4,21,False,False,True,False,False,True,False,False
0.967826755878997,1.3391512390236804,-0.19709313873661294,0.9138112038079189,0.10886254777533654,2.060755973249365,2023,4,22,False,False,True,False,True,False,False,True
-1.0121788821713247,-1.5437544554241784,-1.3805987756658338,0.5966477983491104,0.10886254777533654,-1.1390951961606786,2023,4,23,True,False,False,False,True,False,False,False
0.967826755878997,-1.1232334612370247,0.2960342099838957,1.2309746092667273,0.9727139029200506,-0.5616493643518411,2023,4,24,False,True,False,False,False,True,True,False
-1.507180291683905,0.16296873090375935,-0.4929695479689182,-0.354842418027315,0.10886254777533654,-0.8913377714818383,2023,4,25,True,False,False,False,False,False,True,False
0.967826755878997,-0.07089695618247831,-0.59159501771302,-0.6720058234861235,0.3680179543187507,0.6713793848823724,2023,4,26,False,True,False,False,False,False,True,False
-1.507180291683905,-1.5752477376922343,1.0850379679367095,-0.037679012568506524,0.8863287674055794,-1.2137944464578223,2023,4,27,False,True,False,False,True,False,False,False
-1.0121788821713247,-1.7086658077884254,-1.7751006546422408,1.548138014725536,-1.359684755970678,-1.2030020991515782,2023,4,28,True,False,False,True,False,False,True,False
-0.0221760631461638,1.6816185261262158,0.9864124981926082,-0.354842418027315,1.6637949870358226,0.8467089861715265,2023,4,29,False,True,False,False,False,False,False,False
-1.507180291683905,0.5436061124625122,0.1974087402397941,-0.037679012568506524,1.2318693094634654,-0.8569348623213195,2023,4,30,False,True,False,True,False,False,False,False
-1.0121788821713247,-0.47067847180286365,1.6767907864013198,1.2309746092667273,-0.3230631297970206,-0.8851128339570765,2023,5,1,False,False,True,False,False,False,False,False
0.967826755878997,-0.10764896663413079,0.2960342099838957,1.548138014725536,0.7999436318911078,0.4386502117426026,2023,5,2,False,False,False,False,False,True,False,True
-1.0121788821713247,-0.8123776300695925,-1.5778497151540374,-0.989169228944932,0.8863287674055794,-0.838910782861062,2023,5,3,True,False,False,False,True,False,False,False
0.967826755878997,-0.5416417588646553,-1.5778497151540374,0.27948439289030197,1.2318693094634654,0.314568912679004,2023,5,4,False,True,False,True,False,False,True,False
1.4628281653915773,0.5097493568535141,1.282288907424913,0.5966477983491104,-1.014144213912792,1.0903655644336592,2023,5,5,False,True,False,True,False,False,False,False
-1.0121788821713247,1.3177618052881535,1.0850379679367095,-0.354842418027315,0.7135584963766364,-0.3237020483165609,2023,5,6,False,False,False,False,False,True,False,False
-0.0221760631461638,-1.0972352544866597,-0.59159501771302,-0.354842418027315,-1.6188401625140922,-0.7198757349270041,2023,5,7,False,True,False,False,False,False,True,False
-1.507180291683905,1.1710491976491617,0.3946596797279975,-0.6720058234861235,-1.2732996204562066,-0.7650709913937671,2023,5,8,False,True,False,True,False,False,False,False
1.4628281653915773,-1.313552152016401,-0.09846766899251111,1.2309746092667273,0.9727139029200506,-0.6359802751504782,2023,5,9,True,False,False,False,False,False,True,False
-0.0221760631461638,-0.9905835199766397,1.5781653166572187,-0.354842418027315,1.1454841739489936,-0.7939610860599701,2023,5,10,True,False,False,False,False,True,True,False
-0.5171774726587443,-1.6052047622886774,1.479539846913117,1.2309746092667273,0.3680179543187507,-1.1595503163110799,2023,5,11,True,False,False,False,True,False,False,True
0.967826755878997,-1.2470203774688762,1.5781653166572187,1.548138014725536,0.2816328188042792,-0.7768210213961284,2023,5,12,False,True,False,True,False,False,False,True
-1.507180291683905,1.4369990353386908,1.1836634376808113,0.5966477983491104,0.8863287674055794,-0.7761580102988165,2023,5,13,False,True,False,False,False,False,False,False
-0.0221760631461638,-0.14564180058977785,1.3809143771690149,-0.354842418027315,1.4046395804924077,-0.30257163908556406,2023,5,14,False,False,False,True,False,False,False,False
-1.507180291683905,-1.4652871405048948,-0.9860968966894269,0.9138112038079189,-0.23667799428254913,-1.1819821917701334,2023,5,15,False,True,False,False,False,False,False,True
-0.5171774726587443,1.583652556144159,1.0850379679367095,-1.6234960398625489,-1.2732996204562066,0.25726756469465645,2023,5,16,False,False,True,False,False,False,False,True
0.4728253463664166,1.3045854414124003,0.6905360889603027,0.27948439289030197,1.2318693094634654,1.1863671157277695,2023,5,17,False,False,True,False,False,False,False,False
0.967826755878997,0.8749059880290951,1.5781653166572187,-0.354842418027315,-0.49583340082596367,0.9692432593413973,2023,5,18,True,False,False,False,False,True,False,False
0.967826755878997,1.4928951798519758,0.1974087402397941,-0.6720058234861235,-1.2732996204562066,2.056434123133554,2023,5,19,False,True,False,False,True,False,True,False
-1.0121788821713247,-0.9727983830860492,-1.4792242454099356,-0.989169228944932,0.4544030898332222,-0.9077779910985175,2023,5,20,False,True,False,True,False,False,True,False
0.967826755878997,1.1572819654381727,0.2960342099838957,1.2309746092667273,0.2816328188042792,1.6845462874579809,2023,5,21,True,False,False,False,True,False,True,False
0.967826755878997,0.6512623231424326,0.5919106192162009,0.27948439289030197,-0.06390772325360648,1.0936192300038012,2023,5,22,False,False,False,False,False,False,False,False
-0.0221760631461638,1.272678551309679,-0.9860968966894269,-1.3063326344037405,1.2318693094634654,1.116480834877779,2023,5,23,False,False,False,False,False,False,False,True
1.4628281653915773,1.0208504668322804,-0.3943440782248163,-0.354842418027315,-0.7549888073693778,2.3063893068201504,2023,5,24,False,True,False,False,True,False,False,True
0.967826755878997,-0.5360285096799174,0.2960342099838957,-1.3063326344037405,-1.6188401625140922,0.01671731620326286,2023,5,25,False,True,False,False,True,False,True,False
0.967826755878997,0.9430331070817559,-0.4929695479689182,0.27948439289030197,-0.5822185363404352,1.7493372052452965,2023,5,26,False,False,False,True,False,False,False,False
-0.5171774726587443,-0.8264993832817227,-0.4929695479689182,-0.037679012568506524,-1.7052252980285638,-0.7101515721664292,2023,5,27,False,False,True,False,False,False,True,False
1.4628281653915773,-0.5978924243790814,-1.281973305921732,1.2309746092667273,0.19524768328980804,0.4417565415133418,2023,5,28,False,False,False,False,True,False,True,False
-0.5171774726587443,-1.360762532001723,1.479539846913117,0.27948439289030197,-0.40944826531149214,-1.0574588853083267,2023,5,29,False,True,False,False,False,True,False,True
-1.507180291683905,1.4984493422031897,0.7891615587044045,0.9138112038079189,1.1454841739489936,-0.7396187320469593,2023,5,30,True,False,False,False,False,False,False,False
-1.507180291683905,-0.7278243712973826,-1.7751006546422408,-1.3063326344037405,1.0590990384345225,-1.0228104164821368,2023,5,31,False,False,True,False,False,False,False,False
0.967826755878997,0.06582997659103201,0.8877870284485064,0.9138112038079189,-0.23667799428254913,0.4682647074225355,2023,6,1,False,False,True,True,False,False,True,False
0.967826755878997,-0.3810437453476279,0.7891615587044045,0.27948439289030197,-0.9277590783983208,0.0795192006986424,2023,6,2,True,False,False,False,False,True,True,False
-1.0121788821713247,1.5843615981464412,-1.7751006546422408,-1.3063326344037405,-0.23667799428254913,0.16555102956650658,2023,6,3,False,True,False,True,False,False,False,False
-1.507180291683905,-0.5756166881407004,-0.4929695479689182,1.2309746092667273,0.5407882253476938,-1.0248608396904904,2023,6,4,True,False,False,False,False,True,True,False
-0.0221760631461638,0.9573912076279802,0.2960342099838957,-1.3063326344037405,-1.014144213912792,0.575021772073039,2023,6,5,False,True,False,True,False,False,True,False
0.967826755878997,1.223104697983415,-0.19709313873661294,-0.6720058234861235,0.9727139029200506,1.9392284947087455,2023,6,6,True,False,False,False,False,True,True,False
-0.0221760631461638,-0.228008846521616,0.8877870284485064,-1.3063326344037405,-0.5822185363404352,-0.28286547591545963,2023,6,7,False,False,False,False,False,True,False,False
0.967826755878997,-0.42654060716076675,-0.2957186084807148,-1.6234960398625489,1.4910247160068797,0.2289668132260641,2023,6,8,True,False,False,False,False,True,False,True
-0.0221760631461638,0.850916733618531,-1.281973305921732,-0.037679012568506524,0.022477412260865026,0.8606199412317933,2023,6,9,False,False,True,False,True,False,False,True
0.4728253463664166,1.4217546322896129,1.5781653166572187,1.2309746092667273,1.2318693094634654,0.9743140664375051,2023,6,10,False,True,False,False,False,False,False,True
-0.0221760631461638,0.8757922905319483,-0.9860968966894269,1.548138014725536,0.4544030898332222,0.8129936440748866,2023,6,11,False,False,True,False,False,True,False,True
1.4628281653915773,-0.9486318681749144,0.6905360889603027,-0.354842418027315,0.19524768328980804,-0.2970833805578153,2023,6,12,False,False,False,False,True,False,False,True
-1.507180291683905,1.3367877656827383,-1.281973305921732,-0.989169228944932,0.6271733608621652,-0.6266121739051265,2023,6,13,False,True,False,False,True,False,False,False
0.967826755878997,-0.39398376188928685,-0.59159501771302,1.548138014725536,1.0590990384345225,0.31690172950287937,2023,6,14,False,True,False,True,False,False,False,False
-1.507180291683905,0.2580394460431621,-0.2957186084807148,-1.6234960398625489,0.5407882253476938,-0.8827922951164847,2023,6,15,True,False,False,False,False,False,True,False
1.4628281653915773,1.140205870549865,-1.0847223664335286,0.9138112038079189,1.0590990384345225,2.749223934151831,2023,6,16,False,True,False,False,False,False,False,True
1.4628281653915773,-1.0825226329392943,-0.19709313873661294,0.5966477983491104,-1.014144213912792,-0.3463058155415841,2023,6,17,False,False,True,True,False,False,True,False
-0.0221760631461638,0.9780125125277016,-1.1833478361776304,-0.037679012568506524,-0.7549888073693778,0.9377011202859465,2023,6,18,False,False,False,False,False,False,True,False
-0.5171774726587443,0.32699378076515295,0.1974087402397941,-0.037679012568506524,-0.9277590783983208,-0.17835528220584634,2023,6,19,True,False,False,True,False,False,False,True
-0.5171774726587443,1.3541592947386643,0.49328514947209934,-0.6720058234861235,1.0590990384345225,0.2745058532247665,2023,6,20,False,True,False,False,True,False,True,False
1.4628281653915773,-1.1393050799554323,-1.5778497151540374,-1.3063326344037405,-1.4460698914851493,-0.2765791484742799,2023,6,21,True,False,False,False,True,False,False,True
-0.5171774726587443,-0.27959165218768084,1.1836634376808113,-0.6720058234861235,1.0590990384345225,-0.5770336774061346,2023,6,22,False,False,True,False,False,True,False,False
0.967826755878997,1.1450509908987965,-1.1833478361776304,-1.3063326344037405,-0.3230631297970206,2.227441874306897,2023,6,23,False,True,False,True,False,False,True,False
-1.0121788821713247,-1.667245937488412,-0.9860968966894269,0.27948439289030197,-1.4460698914851493,-1.190945119567128,2023,6,24,True,False,False,False,True,False,False,False
0.4728253463664166,-1.3458726499537867,0.49328514947209934,0.9138112038079189,-0.23667799428254913,-0.8690655098054713,2023,6,25,True,False,False,False,True,False,False,True
-0.0221760631461638,1.6902452038206552,-0.19709313873661294,-1.3063326344037405,-0.6686036718549063,1.202217992146838,2023,6,26,True,False,False,True,False,False,True,False
-1.0121788821713247,-0.7645172949155115,-0.09846766899251111,0.9138112038079189,0.3680179543187507,-0.8853583936227476,2023,6,27,False,True,False,False,True,False,False,False
-0.5171774726587443,1.6383078771534492,-1.3805987756658338,0.9138112038079189,-0.06390772325360648,0.8207901634599434,2023,6,28,False,False,True,False,False,False,False,True
-0.0221760631461638,-1.102789416837874,0.9864124981926082,0.5966477983491104,-0.6686036718549063,-0.8196220711225983,2023,6,29,False,True,False,False,True,False,True,False
-1.0121788821713247,-0.4855683538507999,0.3946596797279975,-1.6234960398625489,1.2318693094634654,-0.8169209148002166,2023,6,30,False,True,False,True,False,False,True,False
-1.507180291683905,0.8686427836755981,-1.281973305921732,-0.354842418027315,-0.3230631297970206,-0.7190285540804389,2023,7,1,False,False,False,False,False,False,True,False
-0.5171774726587443,0.5399427287840517,-0.4929695479689182,1.2309746092667273,-0.06390772325360648,0.03093522084561853,2023,7,2,False,False,True,False,False,False,True,False
-1.0121788821713247,0.2749973672644229,0.9864124981926082,1.548138014725536,1.2318693094634654,-0.6226709412711056,2023,7,3,False,True,False,False,True,False,True,False
0.967826755878997,0.0979141271943234,0.1974087402397941,-0.6720058234861235,-1.359684755970678,0.6650562234913421,2023,7,4,False,True,False,False,False,True,False,False
-1.507180291683905,1.181684827683402,-1.3805987756658338,0.27948439289030197,-0.3230631297970206,-0.650996248706265,2023,7,5,False,True,False,False,False,False,True,False
-0.5171774726587443,-0.921629185254649,-0.4929695479689182,1.548138014725536,-0.3230631297970206,-0.7617436579239238,2023,7,6,False,True,False,True,False,False,False,True
0.4728253463664166,-0.20425593944514595,-0.9860968966894269,0.5966477983491104,0.022477412260865026,0.29642205338591093,2023,7,7,False,True,False,False,False,True,True,False
1.4628281653915773,-1.196382961139188,0.00015780075159044688,1.2309746092667273,-1.359684755970678,-0.503623615353764,2023,7,8,False,True,False,False,False,True,False,False
-0.5171774726587443,0.3262256519293467,1.1836634376808113,1.548138014725536,-1.359684755970678,-0.3126764193279292,2023,7,9,True,False,False,False,False,False,False,False
0.967826755878997,-0.8676829062476417,-0.2957186084807148,0.5966477983491104,-0.23667799428254913,-0.23852967827854543,2023,7,10,False,False,True,False,True,False,False,True
0.4728253463664166,-0.5797527664873494,-0.2957186084807148,-1.3063326344037405,-1.6188401625140922,-0.15286618890918782,2023,7,11,True,False,False,False,False,True,False,False
0.4728253463664166,-0.10481279862499995,1.3809143771690149,-0.989169228944932,-0.8413739428838494,-0.036802412929750054,2023,7,12,False,False,True,False,True,False,True,False
0.4728253463664166,-1.6411886439045233,0.1974087402397941,1.2309746092667273,-1.014144213912792,-1.099670591837186,2023,7,13,False,True,False,False,False,False,False,True
-0.0221760631461638,-1.4159496345127252,0.1974087402397941,1.2309746092667273,0.022477412260865026,-0.9800093667556669,2023,7,14,False,False,False,True,False,False,True,False
-0.0221760631461638,0.6372587435973496,-0.8874714269453252,0.27948439289030197,-1.7052252980285638,0.6101368042640042,2023,7,15,False,False,True,False,False,True,True,False
1.4628281653915773,-0.250934537928756,0.2960342099838957,-0.6720058234861235,0.6271733608621652,0.5554752226856209,2023,7,16,False,False,True,True,False,False,True,False
0.4728253463664166,1.2554842827543242,0.1974087402397941,-0.037679012568506524,1.2318693094634654,1.3079928181346572,2023,7,17,False,False,True,False,True,False,False,False
1.4628281653915773,0.6674521155278872,-0.3943440782248163,0.5966477983491104,0.7135584963766364,1.8643205186957816,2023,7,18,False,False,False,False,True,False,True,False
-1.507180291683905,-1.7057114661122474,1.6767907864013198,0.5966477983491104,1.1454841739489936,-1.2344951262738946,2023,7,19,True,False,False,True,False,False,False,False
0.4728253463664166,0.3980161546604681,1.282288907424913,0.27948439289030197,0.5407882253476938,0.3415190859864055,2023,7,20,False,True,False,False,False,False,False,False
-1.0121788821713247,-1.4097455169927517,0.7891615587044045,-1.3063326344037405,0.022477412260865026,-1.123354821591162,2023,7,21,True,False,False,False,False,False,False,True
0.4728253463664166,0.9656633643212784,0.09878327049569227,-1.3063326344037405,-0.9277590783983208,1.0960625486772286,2023,7,22,False,False,True,False,False,True,True,False
-0.0221760631461638,1.6934949796644505,-0.19709313873661294,-0.989169228944932,-0.7549888073693778,1.2044894190542956,2023,7,23,False,False,True,False,False,True,True,False
-0.0221760631461638,0.10240472654211365,-1.1833478361776304,-0.6720058234861235,-0.5822185363404352,0.2535841697095902,2023,7,24,True,False,False,False,False,False,True,False
-1.0121788821713247,0.6263867662290152,-0.6902204874571217,-1.6234960398625489,-1.5324550269996209,-0.34451322998218514,2023,7,25,False,True,False,False,False,False,True,False
-1.0121788821713247,-0.9134161153948746,0.8877870284485064,-0.354842418027315,1.4910247160068797,-0.974496552261351,2023,7,26,True,False,False,True,False,False,False,False
-0.5171774726587443,-0.22115477383288326,-0.19709313873661294,0.27948439289030197,1.4046395804924077,-0.41179657837606226,2023,7,27,False,False,False,False,True,False,False,False
-1.507180291683905,1.2254681713243578,1.282288907424913,1.2309746092667273,-1.359684755970678,-0.8132497977984338,2023,7,28,True,False,False,False,True,False,False,False
-1.507180291683905,-1.1550221776726983,-1.281973305921732,1.548138014725536,0.19524768328980804,-1.1185172961774417,2023,7,29,True,False,False,False,False,True,False,True
-1.507180291683905,-0.8158637532474823,0.00015780075159044688,-0.354842418027315,-0.06390772325360648,-1.0787489083220096,2023,7,30,False,True,False,False,False,False,False,True
0.967826755878997,-0.19403391724557084,0.49328514947209934,0.27948439289030197,0.6271733608621652,0.31296049686885846,2023,7,31,True,False,False,True,False,False,True,False
-0.0221760631461638,0.7282524672236272,0.00015780075159044688,-0.354842418027315,0.3680179543187507,0.4881673183251769,2023,8,1,False,False,False,False,False,True,False,True
-1.507180291683905,-0.4344582428529234,1.282288907424913,1.548138014725536,-1.2732996204562066,-1.0512585037501319,2023,8,2,False,False,True,True,False,False,True,False
-0.5171774726587443,1.4730420037880605,1.6767907864013198,1.2309746092667273,0.5407882253476938,0.08504429317624179,2023,8,3,False,False,True,False,False,False,False,False
-0.5171774726587443,-1.4072047831512386,-1.3805987756658338,0.5966477983491104,0.3680179543187507,-1.0018027870839754,2023,8,4,True,False,False,False,False,False,False,False
-1.507180291683905,-0.45200703240941975,-1.281973305921732,0.27948439289030197,0.10886254777533654,-0.9797392511234286,2023,8,5,True,False,False,False,False,False,False,True
-1.0121788821713247,0.7168487083535807,-1.281973305921732,-1.6234960398625489,-0.3230631297970206,-0.24773816574121107,2023,8,6,False,True,False,False,True,False,False,False
-0.5171774726587443,-0.9525906860209928,0.5919106192162009,1.548138014725536,1.5774098515213508,-0.8381741038640488,2023,8,7,False,False,True,False,False,False,False,False
1.4628281653915773,0.5352157821021671,-0.4929695479689182,-1.6234960398625489,1.2318693094634654,1.7331916572274224,2023,8,8,True,False,False,False,False,True,False,True
-1.0121788821713247,-1.1660714155416034,0.7891615587044045,-0.354842418027315,0.2816328188042792,-1.0484222896116309,2023,8,9,True,False,False,False,True,False,False,False
1.4628281653915773,-1.540209245412765,-0.3943440782248163,-1.3063326344037405,-1.7052252980285638,-0.8973048713576459,2023,8,10,True,False,False,True,False,False,False,False
-0.0221760631461638,-1.3154429306891549,0.3946596797279975,0.9138112038079189,-0.23667799428254913,-0.9216152782590831,2023,8,11,False,False,False,False,False,True,True,False
0.967826755878997,1.4808414658131697,0.8877870284485064,-1.3063326344037405,0.7135584963766364,1.7561392079843854,2023,8,12,False,True,False,False,False,True,True,False
-0.5171774726587443,0.1734271004374288,0.09878327049569227,0.9138112038079189,-1.2732996204562066,-0.24249546687913345,2023,8,13,False,False,True,True,False,False,False,True
-1.0121788821713247,1.0189006013260031,0.09878327049569227,1.2309746092667273,-0.3230631297970206,-0.2938051590211064,2023,8,14,False,True,False,False,True,False,False,False
1.4628281653915773,-0.5838888448339985,-1.4792242454099356,-1.3063326344037405,-1.014144213912792,0.4971302461221714,2023,8,15,True,False,False,False,False,True,False,False
-1.507180291683905,0.3148809798928237,-0.3943440782248163,-0.6720058234861235,-0.49583340082596367,-0.8683165528251743,2023,8,16,False,True,False,False,False,True,True,False
1.4628281653915773,-0.022859360527826666,0.09878327049569227,-0.989169228944932,-1.6188401625140922,0.8699143745774437,2023,8,17,False,True,False,False,False,True,True,False
1.4628281653915773,1.5353195263218893,-0.19709313873661294,-0.037679012568506524,-1.2732996204562066,2.749223934151831,2023,8,18,True,False,False,False,True,False,True,False
-0.0221760631461638,0.8503258652832953,1.3809143771690149,-0.6720058234861235,-0.150292858768078,0.2603616164821121,2023,8,19,False,True,False,False,True,False,False,False
0.4728253463664166,0.7914753790938329,1.3809143771690149,0.9138112038079189,1.4046395804924077,0.5964345749195575,2023,8,20,True,False,False,False,True,False,True,False
0.4728253463664166,-1.5734751326865275,1.0850379679367095,0.9138112038079189,0.022477412260865026,-1.066655094787709,2023,8,21,False,False,False,False,False,True,True,False
-1.507180291683905,0.16627759358107855,-0.4929695479689182,1.2309746092667273,-0.150292858768078,-0.8907361503009442,2023,8,22,False,True,False,False,False,False,False,False
-0.0221760631461638,-0.11952542017236564,0.6905360889603027,0.9138112038079189,1.0590990384345225,-0.18873017808044953,2023,8,23,False,False,True,True,False,False,False,False
-0.0221760631461638,1.473455611622725,-0.3943440782248163,-0.989169228944932,-0.7549888073693778,1.1056516536216843,2023,8,24,True,False,False,False,False,False,True,False
-0.0221760631461638,-0.844166346505266,-0.9860968966894269,-0.989169228944932,-1.359684755970678,-0.502248481226006,2023,8,25,False,False,True,False,True,False,False,False
-0.0221760631461638,-0.8010329580330696,-0.59159501771302,-0.6720058234861235,-1.014144213912792,-0.5032184419054069,2023,8,26,False,True,False,False,False,True,False,True
0.4728253463664166,-0.31185306329154305,-1.5778497151540374,0.9138112038079189,1.0590990384345225,0.2877415192044382,2023,8,27,False,True,False,False,False,True,False,False
-1.0121788821713247,-0.8924993763275355,-0.59159501771302,-0.037679012568506524,0.6271733608621652,-0.910184475822094,2023,8,28,False,True,False,False,False,False,False,True
-0.0221760631461638,-1.287199424264895,-0.19709313873661294,0.9138112038079189,-1.359684755970678,-0.8766041915415733,2023,8,29,False,True,False,False,False,False,False,True
-1.0121788821713247,1.2300178575056715,1.479539846913117,0.5966477983491104,0.6271733608621652,-0.4003289419892226,2023,8,30,False,True,False,True,False,False,True,False
1.4628281653915773,0.19599827084342744,-0.6902204874571217,0.27948439289030197,1.4910247160068797,1.3626421217297573,2023,8,31,False,False,True,False,False,True,True,False
1.4628281653915773,1.2436669160496128,1.3809143771690149,-0.354842418027315,-1.5324550269996209,1.7823649802780572,2023,9,1,False,False,False,False,False,False,False,False
-0.0221760631461638,1.1391423075464409,-0.9860968966894269,0.9138112038079189,0.4544030898332222,1.014364847908459,2023,9,2,False,False,True,True,False,False,False,False
-0.5171774726587443,-0.75884495889725,-1.0847223664335286,-0.6720058234861235,-0.40944826531149214,-0.6336842922764537,2023,9,3,False,False,True,False,True,False,True,False
0.967826755878997,0.15960078139291667,0.00015780075159044688,-0.6720058234861235,0.022477412260865026,0.7760123584248212,2023,9,4,False,True,False,False,False,False,True,False
-0.5171774726587443,-1.446083919609739,0.5919106192162009,0.5966477983491104,0.10886254777533654,-1.0719837395327714,2023,9,5,False,True,False,False,True,False,False,False
1.4628281653915773,1.4299086153158638,-1.5778497151540374,-0.6720058234861235,0.9727139029200506,2.749223934151831,2023,9,6,False,True,False,True,False,False,True,False
0.967826755878997,-0.336374099203819,-0.9860968966894269,0.27948439289030197,0.19524768328980804,0.45420641656286587,2023,9,7,False,True,False,False,True,False,False,True
-0.5171774726587443,-0.3729488491549006,-0.19709313873661294,-0.6720058234861235,0.3680179543187507,-0.49127196417050856,2023,9,8,True,False,False,False,False,True,True,False
-0.0221760631461638,-0.6872317166666991,-0.59159501771302,1.548138014725536,-0.5822185363404352,-0.4199737152429093,2023,9,9,True,False,False,False,False,True,False,True
-1.0121788821713247,-0.1413875485760816,0.6905360889603027,-1.6234960398625489,-1.2732996204562066,-0.7262971201843029,2023,9,10,True,False,False,False,True,False,True,False
0.967826755878997,-0.8634877410674692,0.00015780075159044688,1.2309746092667273,0.6271733608621652,-0.26994903750116067,2023,9,11,True,False,False,False,False,True,True,False
0.4728253463664166,-0.4380034528643368,-1.1833478361776304,0.9138112038079189,-1.7052252980285638,0.10175462842515921,2023,9,12,False,False,True,True,False,False,True,False
-1.507180291683905,1.0313679231994737,1.282288907424913,-0.6720058234861235,-0.5822185363404352,-0.8410839859022511,2023,9,13,False,False,True,False,False,True,False,True
0.967826755878997,1.1499551980812521,-0.7888459572012234,-0.989169228944932,-0.9277590783983208,2.084968156284534,2023,9,14,False,True,False,False,True,False,True,False
0.967826755878997,-0.6822684226507205,0.7891615587044045,-0.989169228944932,-0.3230631297970206,-0.1983929509246067,2023,9,15,False,False,False,False,True,False,False,False
0.4728253463664166,-0.1125531738165859,0.8877870284485064,0.9138112038079189,-0.6686036718549063,0.0465528155822995,2023,9,16,False,False,False,False,True,False,False,True
-0.0221760631461638,1.286682130854762,1.5781653166572187,0.5966477983491104,0.7135584963766364,0.45531143505838556,2023,9,17,False,True,False,False,False,False,False,False
-0.5171774726587443,-1.551672091116335,-0.09846766899251111,1.2309746092667273,-0.8413739428838494,-1.110192823511192,2023,9,18,True,False,False,False,True,False,True,False
-0.5171774726587443,1.3396830205253927,0.3946596797279975,0.27948439289030197,0.19524768328980804,0.28726267785637943,2023,9,19,True,False,False,True,False,False,False,True
1.4628281653915773,-0.9761072457633684,-0.59159501771302,0.27948439289030197,-0.150292858768078,-0.16703498161840932,2023,9,20,False,False,False,False,False,True,False,True
-1.0121788821713247,0.6117332315151731,0.5919106192162009,-0.6720058234861235,1.0590990384345225,-0.48144957754366524,2023,9,21,False,False,False,False,False,True,True,False
-0.0221760631461638,0.27990157444687835,-0.19709313873661294,-0.989169228944932,-0.23667799428254913,0.21752373280579168,2023,9,22,False,True,False,False,False,False,False,False
0.4728253463664166,0.17756317878407804,-0.2957186084807148,-0.6720058234861235,1.3182544449779365,0.5159401165125763,2023,9,23,True,False,False,False,False,False,False,True
-0.0221760631461638,1.236753756527357,1.1836634376808113,-0.037679012568506524,-1.7052252980285638,0.5296177898904558,2023,9,24,True,False,False,True,False,False,False,True
-0.0221760631461638,-1.3826246604054389,-1.5778497151540374,-0.6720058234861235,0.3680179543187507,-0.8920621724955681,2023,9,25,True,False,False,False,True,False,True,False
-0.5171774726587443,-0.5341968178406872,1.282288907424913,-0.6720058234861235,-1.7052252980285638,-0.6961669492064609,2023,9,26,False,True,False,False,False,False,False,True
0.4728253463664166,0.12680758878734258,1.1836634376808113,-1.3063326344037405,0.7999436318911078,0.16734361512590554,2023,9,27,False,False,False,False,False,True,True,False
-1.507180291683905,1.0705424938255916,0.00015780075159044688,0.27948439289030197,-0.9277590783983208,-0.7573235839418444,2023,9,28,False,False,True,False,False,False,True,False
0.967826755878997,-0.9855611391271374,-0.09846766899251111,-0.037679012568506524,-0.40944826531149214,-0.384318451787468,2023,9,29,False,False,True,False,False,False,True,False
-0.5171774726587443,1.0416490322325722,-0.4929695479689182,-1.3063326344037405,-0.40944826531149214,0.30302760839246295,2023,9,30,False,False,False,False,True,False,True,False
0.4728253463664166,-0.3523275442551794,1.6767907864013198,-0.354842418027315,1.2318693094634654,-0.25748688446835305,2023,10,1,False,False,True,False,False,False,False,False
-1.0121788821713247,-1.0807500279335875,-1.3805987756658338,-0.037679012568506524,-1.359684755970678,-0.9543729376596056,2023,10,2,True,False,False,True,False,False,False,False
0.967826755878997,0.8897958700770313,0.2960342099838957,-0.354842418027315,0.6271733608621652,1.421085322159475,2023,10,3,True,False,False,False,False,True,True,False
0.967826755878997,-1.4194948445241384,0.5919106192162009,-0.6720058234861235,1.6637949870358226,-0.8685252785409948,2023,10,4,False,True,False,False,True,False,True,False
-0.5171774726587443,0.0456222795259755,1.479539846913117,1.548138014725536,-1.6188401625140922,-0.4700556090565268,2023,10,5,False,False,True,False,False,True,True,False
1.4628281653915773,-1.5129111283248817,0.8877870284485064,1.548138014725536,1.6637949870358226,-0.9216766681755009,2023,10,6,False,True,False,True,False,False,False,True
-1.0121788821713247,-0.5017581462362545,0.49328514947209934,0.9138112038079189,-1.6188401625140922,-0.8276518721900429,2023,10,7,False,False,True,True,False,False,False,True
-0.5171774726587443,0.3439517019864138,-1.3805987756658338,-0.989169228944932,1.2318693094634654,0.04617219810050938,2023,10,8,False,True,False,False,False,False,True,False
-0.0221760631461638,0.18855332981945935,-0.4929695479689182,1.548138014725536,1.5774098515213508,0.20389517136104635,2023,10,9,False,True,False,False,False,False,False,True
1.4628281653915773,-0.33501510203277723,-1.281973305921732,-1.3063326344037405,1.7501801225502938,0.8050129549405763,2023,10,10,False,True,False,False,False,False,True,False
0.4728253463664166,-0.25069819059466164,1.282288907424913,0.9138112038079189,-0.150292858768078,-0.12353408684477687,2023,10,11,False,True,False,False,False,True,False,False
-1.0121788821713247,-0.9498726916789092,0.7891615587044045,0.5966477983491104,1.3182544449779365,-0.9819247321479013,2023,10,12,False,False,True,True,False,False,False,True
0.967826755878997,-0.15793186196267756,0.8877870284485064,0.9138112038079189,-1.2732996204562066,0.2646097986982219,2023,10,13,False,False,True,False,True,False,True,False
-0.5171774726587443,1.5612586462387306,0.49328514947209934,1.2309746092667273,-0.23667799428254913,0.37390840588842134,2023,10,14,True,False,False,False,False,False,False,False
0.967826755878997,1.20591042942806,0.00015780075159044688,1.548138014725536,-0.6686036718549063,1.8457070960379136,2023,10,15,False,True,False,False,False,True,True,False
-1.0121788821713247,-1.2317168875862752,-1.281973305921732,-0.989169228944932,-0.3230631297970206,-1.0170643203054335,2023,10,16,False,True,False,False,False,False,True,False
0.967826755878997,-1.6307893612043773,-0.59159501771302,-1.6234960398625489,0.7135584963766364,-1.040073260978814,2023,10,17,False,True,False,True,False,False,False,False
-0.5171774726587443,1.4930724403525462,-1.281973305921732,1.548138014725536,-1.4460698914851493,0.7131981959461582,2023,10,18,False,True,False,False,True,False,False,True
1.4628281653915773,0.08704214982598875,0.6905360889603027,-1.6234960398625489,1.7501801225502938,0.8327611971614087,2023,10,19,False,False,False,True,False,False,False,False
-0.5171774726587443,0.12538950478277716,-1.1833478361776304,-0.989169228944932,0.4544030898332222,-0.10891100875406373,2023,10,20,False,True,False,False,False,True,False,True
-1.507180291683905,0.9648952354854722,0.6905360889603027,-0.6720058234861235,1.3182544449779365,-0.8158650082378307,2023,10,21,True,False,False,False,False,False,False,True
0.967826755878997,-0.6459891068672565,0.5919106192162009,-1.3063326344037405,1.1454841739489936,-0.13559106642922703,2023,10,22,False,True,False,True,False,False,True,False
-1.507180291683905,-0.06794261450630047,-0.19709313873661294,0.5966477983491104,0.9727139029200506,-0.9440225977515695,2023,10,23,False,True,False,False,False,True,True,False
1.4628281653915773,1.6145549700769786,-1.281973305921732,-0.989169228944932,-1.5324550269996209,2.749223934151831,2023,10,24,True,False,False,False,False,False,False,False
-1.507180291683905,0.5896347557773628,-0.6902204874571217,-0.6720058234861235,0.10886254777533654,-0.8041763681518871,2023,10,25,True,False,False,False,True,False,False,False
0.967826755878997,-1.2022916444915437,-0.6902204874571217,-0.037679012568506524,-0.5822185363404352,-0.5622141515828847,2023,10,26,False,True,False,True,False,False,True,False
-1.0121788821713247,-1.273195844719812,0.6905360889603027,1.2309746092667273,-1.2732996204562066,-1.0790804138706658,2023,10,27,False,True,False,False,False,False,False,True
-0.0221760631461638,-1.0276900514294334,-1.3805987756658338,-0.037679012568506524,-0.49583340082596367,-0.6161636101308218,2023,10,28,True,False,False,False,False,False,False,False
1.4628281653915773,0.9165031188296788,1.0850379679367095,-1.3063326344037405,0.5407882253476938,1.5782803421388192,2023,10,29,False,True,False,False,False,False,True,False
-0.5171774726587443,-0.7126981419153522,0.8877870284485064,-0.037679012568506524,-0.9277590783983208,-0.7452788823406777,2023,10,30,False,True,False,False,False,False,False,False
0.4728253463664166,-1.659800996464444,-1.0847223664335286,-0.6720058234861235,-0.150292858768078,-1.0931878166634694,2023,10,31,False,False,False,True,False,False,True,False
1.4628281653915773,1.5298835376377222,0.6905360889603027,-0.354842418027315,-0.3230631297970206,2.4067986541130564,2023,11,1,True,False,False,False,False,False,False,False
-1.507180291683905,-1.1471045419805417,0.49328514947209934,0.27948439289030197,-1.5324550269996209,-1.1422015259314178,2023,11,2,True,False,False,False,False,True,False,True
-1.0121788821713247,-1.7006890852627454,0.7891615587044045,0.27948439289030197,0.4544030898332222,-1.212836763761705,2023,11,3,True,False,False,True,False,False,False,True
0.967826755878997,-0.9140660705636338,-1.0847223664335286,-0.037679012568506524,0.4544030898332222,-0.19709148469655002,2023,11,4,True,False,False,False,False,False,True,False
-1.0121788821713247,-0.9213337510870312,-1.1833478361776304,1.2309746092667273,1.6637949870358226,-0.8982625540537631,2023,11,5,True,False,False,True,False,False,False,False
-1.0121788821713247,-0.27504196600636704,-0.9860968966894269,-0.037679012568506524,-0.6686036718549063,-0.6586454322919193,2023,11,6,False,False,True,False,False,True,False,False
0.967826755878997,1.4476937522064544,-0.4929695479689182,-0.037679012568506524,-0.23667799428254913,2.2967388119592766,2023,11,7,False,False,True,False,False,True,True,False
0.4728253463664166,1.3052353965811594,0.9864124981926082,-0.6720058234861235,-0.3230631297970206,1.089383325770975,2023,11,8,False,True,False,True,False,False,True,False
0.967826755878997,-0.15444573878478784,0.7891615587044045,-0.989169228944932,1.4910247160068797,0.28857642206771966,2023,11,9,True,False,False,False,False,False,False,False
0.4728253463664166,-0.31338932096315547,1.3809143771690149,-1.6234960398625489,-0.3230631297970206,-0.1841627682989675,2023,11,10,True,False,False,False,False,False,False,False
0.967826755878997,0.18471268564042828,-1.5778497151540374,-0.989169228944932,-0.150292858768078,1.2020583783641519,2023,11,11,False,False,False,False,False,True,True,False
-1.507180291683905,-0.8922039421599178,-1.7751006546422408,-0.989169228944932,-0.8413739428838494,-1.0569677659769845,2023,11,12,True,False,False,False,False,False,True,False
0.4728253463664166,-1.5533265224549944,0.5919106192162009,0.9138112038079189,-1.7052252980285638,-1.0378263900379237,2023,11,13,True,False,False,False,False,True,True,False
-1.507180291683905,1.5128074427494145,-0.7888459572012234,-0.989169228944932,-1.359684755970678,-0.626513950038858,2023,11,14,False,True,False,False,False,False,True,False
1.4628281653915773,-1.0883722294581262,-0.59159501771302,0.5966477983491104,0.7135584963766364,-0.3107364979691276,2023,11,15,True,False,False,False,False,True,False,False
0.4728253463664166,-1.0479568353280133,0.09878327049569227,0.5966477983491104,0.6271733608621652,-0.5985447041189216,2023,11,16,False,True,False,False,True,False,True,False
0.4728253463664166,-0.10061763344482755,-1.3805987756658338,-0.989169228944932,-0.5822185363404352,0.46703690909418005,2023,11,17,False,True,False,False,False,False,True,False
0.967826755878997,-0.034440379898444014,0.3946596797279975,1.2309746092667273,-0.06390772325360648,0.48846198992398193,2023,11,18,False,True,False,False,False,False,False,True
0.4728253463664166,-1.670023018664019,-0.6902204874571217,1.2309746092667273,-0.6686036718549063,-1.109394754597761,2023,11,19,False,False,True,False,False,False,True,False
-1.507180291683905,-1.2223220810560294,0.3946596797279975,-0.037679012568506524,0.7999436318911078,-1.152993873237662,2023,11,20,False,True,False,True,False,False,False,False
1.4628281653915773,-0.42659969399429026,1.0850379679367095,0.5966477983491104,1.2318693094634654,0.1911997366458514,2023,11,21,True,False,False,False,False,False,False,True
0.967826755878997,0.629636542072811,-1.1833478361776304,0.5966477983491104,1.4046395804924077,1.623401930705881,2023,11,22,False,False,False,True,False,False,False,False
-0.5171774726587443,-0.9442003556606476,1.479539846913117,1.2309746092667273,-1.1005293494272637,-0.8834675841970802,2023,11,23,False,True,False,True,False,False,False,False
1.4628281653915773,-0.2715558428284774,0.09878327049569227,1.2309746092667273,0.7135584963766364,0.576900303515423,2023,11,24,True,False,False,False,False,True,True,False
1.4628281653915773,0.1928075818331556,1.3809143771690149,0.9138112038079189,1.6637949870358226,0.7429600274254935,2023,11,25,True,False,False,True,False,False,True,False
-1.507180291683905,1.3377922418526391,-1.0847223664335286,0.9138112038079189,0.5407882253476938,-0.6395531682859925,2023,11,26,False,True,False,True,False,False,False,False
1.4628281653915773,-0.6066372757405678,0.2960342099838957,0.5966477983491104,-0.49583340082596367,0.14674115917610162,2023,11,27,False,False,True,False,True,False,False,False
-0.5171774726587443,-1.2720731948828643,-0.3943440782248163,0.27948439289030197,0.4544030898332222,-0.9552323964894545,2023,11,28,False,True,False,False,False,False,True,False
-1.0121788821713247,-0.042535276091170984,0.8877870284485064,1.2309746092667273,0.7135584963766364,-0.7102866299825483,2023,11,29,True,False,False,True,False,False,False,False
0.967826755878997,0.8473715236071175,0.2960342099838957,-0.989169228944932,-0.3230631297970206,1.3792910670622567,2023,11,30,True,False,False,False,False,False,False,True
-1.0121788821713247,-1.3539675461465142,-0.09846766899251111,0.27948439289030197,-1.359684755970678,-1.088681796798405,2023,12,1,True,False,False,True,False,False,True,False
0.967826755878997,-0.2657653331431687,1.3809143771690149,-0.6720058234861235,0.3680179543187507,0.06943897642284437,2023,12,2,False,False,True,False,False,True,False,False
1.4628281653915773,-1.6722683183379146,-0.4929695479689182,-1.3063326344037405,1.0590990384345225,-1.060319655413395,2023,12,3,False,True,False,False,True,False,False,False
0.967826755878997,-1.6177311709956714,-0.9860968966894269,0.5966477983491104,1.7501801225502938,-1.0155418503782727,2023,12,4,False,True,False,True,False,False,False,True
-1.507180291683905,-0.06433831766136376,0.2960342099838957,-1.3063326344037405,-0.9277590783983208,-0.9616537817467532,2023,12,5,False,False,True,False,False,False,False,True
-0.5171774726587443,-0.7029488143839654,0.3946596797279975,-1.6234960398625489,0.7135584963766364,-0.7059525018834536,2023,12,6,True,False,False,False,False,True,False,False
0.967826755878997,1.1874753373687104,-0.2957186084807148,-0.354842418027315,-1.6188401625140922,1.939437220424566,2023,12,7,False,False,True,False,False,False,True,False
-0.5171774726587443,0.3476741724983978,-0.09846766899251111,1.2309746092667273,1.6637949870358226,-0.12745076351223059,2023,12,8,False,False,True,False,False,True,True,False
0.967826755878997,-0.16466776098436295,1.5781653166572187,0.9138112038079189,-1.6188401625140922,0.11381160800960935,2023,12,9,False,False,True,False,True,False,True,False
-0.5171774726587443,-0.3236704299962544,0.7891615587044045,-0.354842418027315,-0.49583340082596367,-0.558899096096325,2023,12,10,True,False,False,False,False,True,False,False
-1.0121788821713247,-0.014941724835670207,-1.3805987756658338,1.548138014725536,-1.4460698914851493,-0.5291495426002732,2023,12,11,False,True,False,False,False,False,False,False
-1.507180291683905,-1.593919177085678,-1.0847223664335286,-1.3063326344037405,0.4544030898332222,-1.2061084289223174,2023,12,12,False,False,True,False,False,False,False,True
0.967826755878997,1.3522685160659103,1.5781653166572187,1.2309746092667273,-0.49583340082596367,1.3620527785321466,2023,12,13,True,False,False,True,False,False,False,False
-0.0221760631461638,1.7170115394068264,0.6905360889603027,-0.6720058234861235,0.7999436318911078,0.9561426511778449,2023,12,14,False,True,False,False,False,True,False,False
-0.5171774726587443,-1.106393713682811,1.3809143771690149,0.5966477983491104,-0.06390772325360648,-0.9467483100405186,2023,12,15,False,False,False,False,False,False,False,False
-0.5171774726587443,-1.3176291435295264,-0.6902204874571217,0.27948439289030197,-0.23667799428254913,-0.9702238140786741,2023,12,16,False,False,False,True,False,False,True,False
-0.0221760631461638,-1.23744831043806,0.7891615587044045,-0.354842418027315,-0.49583340082596367,-0.8904905906352732,2023,12,17,True,False,False,False,True,False,False,False
-1.507180291683905,0.5511692271535273,0.6905360889603027,-0.6720058234861235,-1.4460698914851493,-0.8803489764430574,2023,12,18,False,True,False,False,False,False,False,False
-0.5171774726587443,0.5525873111580928,-0.7888459572012234,-0.354842418027315,-1.014144213912792,0.08220807903774084,2023,12,19,True,False,False,True,False,False,False,True
-1.507180291683905,1.1972246649000975,0.09878327049569227,0.27948439289030197,0.5407882253476938,-0.7420129387872524,2023,12,20,False,False,True,False,False,False,True,False
-0.5171774726587443,0.8650384868306611,0.3946596797279975,-0.354842418027315,0.022477412260865026,0.0564734260754112,2023,12,21,False,False,False,False,False,True,False,True
1.4628281653915773,-0.17932129569820515,-0.09846766899251111,0.5966477983491104,-1.4460698914851493,0.7333709224810375,2023,12,22,False,True,False,True,False,False,False,False
0.4728253463664166,0.3846625302841443,1.0850379679367095,0.27948439289030197,0.19524768328980804,0.37781280457259164,2023,12,23,False,True,False,False,False,True,True,False
1.4628281653915773,0.6454127266236004,1.0850379679367095,0.27948439289030197,-1.5324550269996209,1.2983177673072164,2023,12,24,False,False,False,False,True,False,True,False
-0.5171774726587443,0.038590946336672254,1.1836634376808113,0.9138112038079189,0.022477412260865026,-0.43819424243570376,2023,12,25,True,False,False,False,False,True,True,False
0.4728253463664166,-0.0895683955759224,0.9864124981926082,0.5966477983491104,1.6637949870358226,0.04598802835125596,2023,12,26,True,False,False,True,False,False,False,False
0.967826755878997,0.4961002983095725,-0.09846766899251111,0.5966477983491104,-0.6686036718549063,1.1489315446962127,2023,12,27,False,False,False,False,False,False,True,False
-1.507180291683905,0.19322118966782045,-0.4929695479689182,-0.037679012568506524,0.7999436318911078,-0.8858740689206568,2023,12,28,False,True,False,True,False,False,True,False
-0.5171774726587443,0.4921414804634941,1.0850379679367095,0.27948439289030197,0.8863287674055794,-0.2258465215466339,2023,12,29,True,False,False,False,False,True,False,True
-1.0121788821713247,0.3846625302841443,-0.09846766899251111,0.5966477983491104,-0.3230631297970206,-0.4889637033132004,2023,12,30,False,True,False,False,False,True,False,False
-1.0121788821713247,0.7522417216341913,-0.8874714269453252,-0.354842418027315,0.3680179543187507,-0.2765668704909964,2023,12,31,True,False,False,False,False,False,False,False
-0.0221760631461638,0.48818266261741605,0.00015780075159044688,1.2309746092667273,-0.06390772325360648,0.3245386351052499,2024,1,1,False,False,True,False,True,False,True,False
-1.0121788821713247,0.06281654808133068,-1.281973305921732,-1.3063326344037405,-0.7549888073693778,-0.5059564321776393,2024,1,2,True,False,False,True,False,False,False,False
0.4728253463664166,0.6229597298846491,0.5919106192162009,0.27948439289030197,0.8863287674055794,0.6806247062948889,2024,1,3,False,False,False,False,False,False,True,False
-1.0121788821713247,-0.18003033770048785,-0.59159501771302,1.2309746092667273,0.7135584963766364,-0.649621114578507,2024,1,4,True,False,False,False,False,False,False,True
-1.0121788821713247,-0.8983489728463676,-0.8874714269453252,-0.989169228944932,1.4046395804924077,-0.9008040965934587,2024,1,5,False,True,False,False,False,False,True,False
-1.0121788821713247,-1.7288144180199583,1.479539846913117,1.2309746092667273,0.4544030898332222,-1.2242061762822762,2024,1,6,False,True,False,True,False,False,False,False
-0.5171774726587443,0.20184786736225963,0.8877870284485064,1.548138014725536,-0.3230631297970206,-0.32909208297804116,2024,1,7,True,False,False,True,False,False,False,False
-0.0221760631461638,0.307908733537044,0.9864124981926082,0.5966477983491104,0.7999436318911078,0.024612059454588008,2024,1,8,True,False,False,True,False,False,False,False
-1.507180291683905,1.626254163114643,0.3946596797279975,-0.037679012568506524,0.4544030898332222,-0.6912925898428899,2024,1,9,False,True,False,False,True,False,False,True
-0.0221760631461638,-0.48426844351328163,1.0850379679367095,1.548138014725536,0.4544030898332222,-0.4605892839449066,2024,1,10,True,False,False,False,False,False,True,False
0.4728253463664166,-0.3713535046497647,0.8877870284485064,-0.6720058234861235,1.2318693094634654,-0.14973530317188144,2024,1,11,True,False,False,False,False,True,True,False
-0.5171774726587443,-1.0361985554568256,0.2960342099838957,-1.3063326344037405,1.4046395804924077,-0.8630861319463802,2024,1,12,False,False,True,False,False,True,False,False
0.967826755878997,-1.4899263500842181,1.5781653166572187,0.27948439289030197,-1.1005293494272637,-0.9767065892523908,2024,1,13,False,False,True,False,False,False,False,False
-0.5171774726587443,0.9375380315640651,-1.0847223664335286,-1.6234960398625489,-0.5822185363404352,0.34979444671952103,2024,1,14,False,False,True,False,False,True,True,False
1.4628281653915773,-0.8706963347573431,1.479539846913117,0.27948439289030197,0.5407882253476938,-0.3228057555368614,2024,1,15,False,True,False,False,True,False,True,False
-1.0121788821713247,0.37101347174020266,-0.3943440782248163,1.2309746092667273,0.19524768328980804,-0.4663231021383264,2024,1,16,False,True,False,False,True,False,False,False
-1.0121788821713247,0.643640121617894,0.00015780075159044688,1.2309746092667273,0.5407882253476938,-0.40988121298382774,2024,1,17,False,False,True,True,False,False,False,True
0.4728253463664166,-0.10487188545852345,-1.3805987756658338,0.27948439289030197,-0.23667799428254913,0.46280100486135384,2024,1,18,True,False,False,True,False,False,False,False
0.967826755878997,1.295486069049772,0.09878327049569227,1.2309746092667273,-0.3230631297970206,1.8984164782742114,2024,1,19,False,True,False,True,False,False,False,True
1.4628281653915773,-0.19970625326383218,0.2960342099838957,-0.989169228944932,-1.2732996204562066,0.6143481525302633,2024,1,20,False,False,True,True,False,False,False,False
-0.5171774726587443,-0.7489183708652926,1.6767907864013198,-0.6720058234861235,0.4544030898332222,-0.8152879430235037,2024,1,21,False,False,True,True,False,False,True,False
0.967826755878997,1.3634359276018624,1.5781653166572187,-0.6720058234861235,-1.1005293494272637,1.3712367100282452,2024,1,22,True,False,False,False,False,True,True,False
-1.507180291683905,1.2443759580518956,1.5781653166572187,-0.6720058234861235,0.6271733608621652,-0.8296654614485456,2024,1,23,False,True,False,False,False,True,False,False
-0.0221760631461638,-1.1667213707103627,-0.59159501771302,0.9138112038079189,1.6637949870358226,-0.7706943077376348,2024,1,24,False,False,True,True,False,False,False,False
-0.5171774726587443,-1.6439657250801307,1.6767907864013198,-0.037679012568506524,-0.8413739428838494,-1.1779672912364112,2024,1,25,True,False,False,False,True,False,False,False
0.967826755878997,-1.4226855335344106,-0.19709313873661294,1.2309746092667273,-1.186914484941735,-0.8316790507070486,2024,1,26,False,False,True,False,False,True,False,False
-1.507180291683905,-0.7432460348470311,1.1836634376808113,0.9138112038079189,-1.6188401625140922,-1.0932860405297378,2024,1,27,False,False,True,False,True,False,False,True
-1.507180291683905,1.6269632051169258,-0.9860968966894269,-0.6720058234861235,-0.40944826531149214,-0.5908341306168494,2024,1,28,False,False,True,False,True,False,False,False
1.4628281653915773,0.1968254865127575,0.00015780075159044688,0.27948439289030197,-0.9277590783983208,1.1581154761923114,2024,1,29,True,False,False,False,False,False,True,False
1.4628281653915773,-0.4434985283820274,1.5781653166572187,1.2309746092667273,0.022477412260865026,0.0734661549398501,2024,1,30,False,True,False,False,False,False,True,False
-0.0221760631461638,1.3382058496873037,1.479539846913117,0.9138112038079189,0.10886254777533654,0.5098379588206499,2024,1,31,False,False,True,True,False,False,False,False
-1.507180291683905,-0.16744484215997027,0.5919106192162009,1.2309746092667273,-0.49583340082596367,-0.98889862665296,2024,2,1,True,False,False,False,True,False,False,True
0.4728253463664166,-0.6440983281945027,0.9864124981926082,-0.989169228944932,0.8863287674055794,-0.3688359148669061,2024,2,2,False,False,True,False,False,True,True,False
-1.507180291683905,1.5196615154381468,-1.1833478361776304,-0.989169228944932,1.4046395804924077,-0.5974642415899688,2024,2,3,False,True,False,False,False,False,False,True
0.967826755878997,1.2027197404177883,0.6905360889603027,-0.037679012568506524,-1.014144213912792,1.5784399559215054,2024,2,4,False,True,False,False,False,False,False,True
1.4628281653915773,1.1825120433527319,0.3946596797279975,0.5966477983491104,1.1454841739489936,2.158955283551231,2024,2,5,False,False,False,False,True,False,False,False
0.4728253463664166,0.037054688665059836,-1.4792242454099356,-1.6234960398625489,-1.2732996204562066,0.6236794198257644,2024,2,6,False,False,True,False,False,False,True,False
1.4628281653915773,0.995029520582486,-1.3805987756658338,-0.6720058234861235,-0.9277590783983208,2.683900458839591,2024,2,7,False,False,False,False,False,False,True,False
1.4628281653915773,-1.1137795678732556,-1.3805987756658338,0.5966477983491104,0.19524768328980804,-0.26081421793819626,2024,2,8,False,False,True,False,False,True,True,False
1.4628281653915773,0.24769925017653963,0.6905360889603027,-0.037679012568506524,-0.6686036718549063,1.0080171305508614,2024,2,9,True,False,False,False,True,False,True,False
-1.507180291683905,1.6670240782458972,-1.281973305921732,-1.3063326344037405,-1.5324550269996209,-0.5614283606527373,2024,2,10,False,False,True,False,False,False,False,False
-1.0121788821713247,-0.7280016317979534,-0.19709313873661294,0.5966477983491104,-0.6686036718549063,-0.8682183289589059,2024,2,11,False,False,False,False,True,False,True,False
-1.507180291683905,1.0120465286372704,-0.59159501771302,-1.6234960398625489,1.4046395804924077,-0.7319449924947379,2024,2,12,True,False,False,False,False,False,False,False
1.4628281653915773,-0.03834011091099857,0.09878327049569227,-1.6234960398625489,-1.1005293494272637,0.8516692914180823,2024,2,13,True,False,False,False,False,True,True,False
0.4728253463664166,-1.5961053899260496,0.6905360889603027,0.27948439289030197,0.9727139029200506,-1.07394821685814,2024,2,14,False,True,False,False,True,False,True,False
-1.507180291683905,0.9037403627885908,0.5919106192162009,1.2309746092667273,0.7999436318911078,-0.8197325729721504,2024,2,15,True,False,False,False,False,False,False,False
1.4628281653915773,-1.15106335982662,0.00015780075159044688,-0.989169228944932,-1.359684755970678,-0.4495759329395585,2024,2,16,False,False,True,False,False,True,False,True
1.4628281653915773,0.44900809199129793,-0.19709313873661294,0.5966477983491104,-0.5822185363404352,1.5249816167049106,2024,2,17,False,True,False,False,False,False,False,False
-1.507180291683905,-1.4376345024158703,-0.3943440782248163,0.9138112038079189,-1.014144213912792,-1.1815033504220747,2024,2,18,False,True,False,False,True,False,False,False
-1.507180291683905,1.5392192573344439,1.1836634376808113,0.5966477983491104,-1.6188401625140922,-0.7612893725424323,2024,2,19,False,True,False,False,False,False,False,False
0.4728253463664166,-0.7253427242893934,-0.59159501771302,-1.6234960398625489,-1.1005293494272637,-0.24725932439315249,2024,2,20,False,True,False,False,True,False,False,False
-1.507180291683905,-0.9509362546823332,-0.8874714269453252,-1.6234960398625489,-1.014144213912792,-1.0854649651781139,2024,2,21,False,True,False,False,True,False,False,True
-0.0221760631461638,-1.2873766847654653,0.7891615587044045,-0.037679012568506524,-1.1005293494272637,-0.9211978268274422,2024,2,22,True,False,False,False,False,False,True,False
0.967826755878997,1.5362058288247424,-0.4929695479689182,-1.6234960398625489,-1.359684755970678,2.39275264123667,2024,2,23,False,False,False,False,False,True,False,True
-0.0221760631461638,0.7270116437196323,1.1836634376808113,0.5966477983491104,0.10886254777533654,0.233043103676204,2024,2,24,True,False,False,True,False,False,True,False
0.4728253463664166,0.8298818208841449,-0.6902204874571217,-0.037679012568506524,-0.5822185363404352,1.2022425481134051,2024,2,25,False,True,False,False,False,True,False,True
-1.0121788821713247,-0.007496783811702105,0.6905360889603027,-0.354842418027315,1.4046395804924077,-0.6845765329867858,2024,2,26,False,True,False,False,False,True,True,False
-0.0221760631461638,-0.09275908458619425,-1.5778497151540374,-0.037679012568506524,-1.1005293494272637,0.15860169102801508,2024,2,27,False,False,True,False,False,False,False,True
1.4628281653915773,-1.3534357646448019,-0.4929695479689182,-0.6720058234861235,0.3680179543187507,-0.6568528467325203,2024,2,28,True,False,False,False,False,True,False,True
0.967826755878997,0.20143425952759478,-0.59159501771302,-1.6234960398625489,1.4046395804924077,0.9701641080876638,2024,2,29,False,False,True,False,False,True,True,False
-0.5171774726587443,-0.8802093149546357,1.0850379679367095,0.27948439289030197,-1.5324550269996209,-0.8332506325673436,2024,3,1,False,False,True,True,False,False,False,True
0.967826755878997,1.643862039504663,1.5781653166572187,1.2309746092667273,0.10886254777533654,1.6019891278593628,2024,3,2,False,False,True,False,False,True,True,False
-0.0221760631461638,1.0197278169953328,-0.19709313873661294,0.9138112038079189,-0.150292858768078,0.7340707675282002,2024,3,3,False,True,False,True,False,False,True,False
-0.5171774726587443,-0.3061807272732814,1.0850379679367095,-0.6720058234861235,1.4910247160068797,-0.5791823244807567,2024,3,4,False,False,True,False,False,False,True,False
0.4728253463664166,-1.2106228880183652,0.5919106192162009,-0.6720058234861235,0.6271733608621652,-0.7672196384683891,2024,3,5,False,True,False,True,False,False,False,True
0.967826755878997,0.9808486805368325,1.5781653166572187,0.9138112038079189,-0.49583340082596367,1.056416940654632,2024,3,6,False,False,False,False,True,False,False,False
-1.0121788821713247,-1.311838633844218,0.9864124981926082,-0.6720058234861235,0.7135584963766364,-1.0974851108127135,2024,3,7,True,False,False,False,True,False,False,False
-0.5171774726587443,-1.0792728570954986,-1.4792242454099356,1.2309746092667273,0.2816328188042792,-0.8009227025817455,2024,3,8,False,True,False,True,False,False,False,False
-0.5171774726587443,-1.0025781471819217,0.6905360889603027,-0.6720058234861235,-0.49583340082596367,-0.8669659746639834,2024,3,9,False,True,False,False,True,False,False,True
0.967826755878997,0.19121223732801934,0.09878327049569227,0.5966477983491104,0.9727139029200506,0.7832195346122677,2024,3,10,False,True,False,False,False,False,False,False
-0.0221760631461638,0.9868164507227116,-1.676475184898139,1.548138014725536,0.6271733608621652,1.0613281339680538,2024,3,11,False,False,True,False,True,False,True,False
-0.5171774726587443,-0.6472890172047748,-0.8874714269453252,-0.6720058234861235,-1.7052252980285638,-0.5836515103959703,2024,3,12,False,True,False,True,False,False,True,False
0.4728253463664166,-1.4410615387602368,1.3809143771690149,0.9138112038079189,1.3182544449779365,-0.9808688255855157,2024,3,13,True,False,False,False,False,False,True,False
0.967826755878997,-0.1279748373662343,1.3809143771690149,1.548138014725536,-0.3230631297970206,0.1862517093825791,2024,3,14,False,True,False,False,True,False,False,False
0.4728253463664166,0.8521575571225256,0.9864124981926082,0.5966477983491104,0.5407882253476938,0.7504495972284615,2024,3,15,False,False,True,False,False,False,True,False
0.967826755878997,-0.9675396549024528,1.5781653166572187,-0.354842418027315,-0.3230631297970206,-0.5468543944951584,2024,3,16,False,False,True,True,False,False,True,False
0.4728253463664166,-0.9735074250883319,0.9864124981926082,0.9138112038079189,1.3182544449779365,-0.6152550393678389,2024,3,17,False,False,True,False,True,False,False,True
-0.0221760631461638,1.5404600808384388,-1.7751006546422408,0.5966477983491104,0.5407882253476938,1.5448596716409848,2024,3,18,False,False,True,False,False,False,True,False
0.967826755878997,1.5643902484154788,-0.7888459572012234,1.2309746092667273,0.2816328188042792,2.5499967731491493,2024,3,19,False,True,False,False,False,False,False,False
1.4628281653915773,1.6898906828195135,-1.676475184898139,-0.6720058234861235,1.6637949870358226,2.749223934151831,2024,3,20,False,True,False,False,True,False,True,False
-1.0121788821713247,1.0580160851185976,-1.4792242454099356,-0.6720058234861235,-0.7549888073693778,-0.08910662171769082,2024,3,21,False,False,True,False,False,False,True,False
-0.0221760631461638,-1.0832316749415767,-0.9860968966894269,-1.6234960398625489,-1.4460698914851493,-0.6850553743348443,2024,3,22,True,False,False,False,False,False,True,False
0.4728253463664166,-1.0009828026767857,0.00015780075159044688,-0.6720058234861235,0.10886254777533654,-0.5504763995638068,2024,3,23,True,False,False,True,False,False,True,False
0.967826755878997,-0.5577133775830627,1.1836634376808113,0.5966477983491104,-0.23667799428254913,-0.14654302751815745,2024,3,24,False,True,False,True,False,False,False,True
-0.0221760631461638,-0.634053566495498,1.1836634376808113,-0.354842418027315,-0.150292858768078,-0.5588622621464744,2024,3,25,False,True,False,True,False,False,True,False
0.4728253463664166,1.572603318275254,0.3946596797279975,-0.037679012568506524,0.4544030898332222,1.5010272713186965,2024,3,26,False,True,False,True,False,False,True,False
-1.507180291683905,0.9937886970784914,1.3809143771690149,-0.6720058234861235,0.4544030898332222,-0.8523306185899867,2024,3,27,False,False,False,True,False,False,False,False
-1.507180291683905,0.7689042086878343,0.00015780075159044688,-0.354842418027315,-0.3230631297970206,-0.8087192219668022,2024,3,28,False,True,False,True,False,False,False,False
-0.5171774726587443,-1.090912963299639,1.282288907424913,1.2309746092667273,1.3182544449779365,-0.9356244571856184,2024,3,29,True,False,False,False,True,False,False,False
-1.0121788821713247,1.4101145260854728,-0.19709313873661294,0.5966477983491104,0.5407882253476938,-0.12180289120179563,2024,3,30,False,True,False,True,False,False,False,True
-1.507180291683905,1.1278567223434417,-0.7888459572012234,0.9138112038079189,1.4046395804924077,-0.6985120440136198,2024,3,31,False,False,True,False,False,False,False,False
1.4628281653915773,-1.1680803678814042,1.3809143771690149,-0.989169228944932,1.4910247160068797,-0.6031121139004036,2024,4,1,False,True,False,False,True,False,True,False
0.4728253463664166,1.277523671658611,-0.3943440782248163,1.2309746092667273,-1.1005293494272637,1.5195547480935796,2024,4,2,False,False,False,False,False,False,False,True
-0.0221760631461638,-0.7927017145062482,0.00015780075159044688,-0.6720058234861235,0.6271733608621652,-0.5484750882885875,2024,4,3,False,False,False,True,False,False,False,False
0.967826755878997,-1.4541788158024662,-0.59159501771302,-1.6234960398625489,-0.5822185363404352,-0.8463021287977617,2024,4,4,False,True,False,True,False,False,True,False
-0.0221760631461638,0.5366338661067325,0.49328514947209934,1.548138014725536,1.1454841739489936,0.2595267136188306,2024,4,5,False,False,False,False,False,False,True,False
-0.5171774726587443,0.5262345834065866,1.6767907864013198,-0.354842418027315,0.7999436318911078,-0.2985935725016925,2024,4,6,False,False,False,False,False,False,True,False
-0.0221760631461638,-1.405550351812579,-1.676475184898139,-0.6720058234861235,-1.014144213912792,-0.9072745937838917,2024,4,7,False,False,True,False,False,False,True,False
-1.507180291683905,-0.6315719194875087,1.282288907424913,-0.037679012568506524,1.5774098515213508,-1.07951014328559,2024,4,8,False,False,True,False,False,True,True,False
-0.0221760631461638,1.6980446658457644,-1.7751006546422408,-0.037679012568506524,0.6271733608621652,1.6758411973099407,2024,4,9,False,True,False,False,False,True,True,False
-1.507180291683905,0.6113196236805082,-0.4929695479689182,1.2309746092667273,1.5774098515213508,-0.8102785258438135,2024,4,10,True,False,False,False,False,True,False,True
-1.507180291683905,0.7898209477551732,-1.1833478361776304,-0.037679012568506524,-1.014144213912792,-0.7400239054953165,2024,4,11,False,True,False,False,False,True,False,True
-1.0121788821713247,-0.9977330268329901,0.8877870284485064,-0.989169228944932,1.3182544449779365,-1.0000715914409943,2024,4,12,False,True,False,False,True,False,False,False
-0.5171774726587443,-1.4613874094923403,-1.5778497151540374,0.27948439289030197,0.6271733608621652,-1.0297351990540613,2024,4,13,False,False,False,True,False,False,False,True
1.4628281653915773,-0.7765710089543171,0.09878327049569227,-0.989169228944932,0.19524768328980804,-0.018115322372180536,2024,4,14,False,True,False,False,False,False,True,False
1.4628281653915773,-0.873355242265903,-0.7888459572012234,-0.037679012568506524,1.1454841739489936,-0.007912318263546929,2024,4,15,False,False,True,True,False,False,False,True
0.4728253463664166,-0.9229881824256908,-1.281973305921732,1.2309746092667273,0.4544030898332222,-0.36254958742572635,2024,4,16,False,False,True,False,False,False,False,False
1.4628281653915773,-1.0674554903907871,0.8877870284485064,-1.6234960398625489,0.6271733608621652,-0.448679640159859,2024,4,17,False,False,False,True,False,False,True,False
-1.507180291683905,0.25295797836013645,-0.9860968966894269,0.5966477983491104,-0.8413739428838494,-0.8535093049852079,2024,4,18,False,False,False,False,True,False,True,False
0.967826755878997,-0.5996059425512645,-0.9860968966894269,0.27948439289030197,1.1454841739489936,0.15227852963698454,2024,4,19,False,True,False,False,False,True,True,False
-0.5171774726587443,1.1018585155930765,-0.7888459572012234,0.9138112038079189,0.5407882253476938,0.3903731814716676,2024,4,20,False,True,False,True,False,False,True,False
0.4728253463664166,-1.0978852096554188,0.2960342099838957,-0.989169228944932,1.2318693094634654,-0.6556127704208814,2024,4,21,True,False,False,False,False,False,True,False
1.4628281653915773,-0.12767940319861645,0.49328514947209934,0.5966477983491104,-0.49583340082596367,0.6478179349612321,2024,4,22,False,True,False,True,False,False,True,False
1.4628281653915773,-1.6865082452170916,-1.676475184898139,-1.3063326344037405,-0.5822185363404352,-1.054634949153109,2024,4,23,False,True,False,False,True,False,True,False
0.967826755878997,-0.06876983017563051,-0.9860968966894269,0.9138112038079189,-1.6188401625140922,0.7611682766350043,2024,4,24,True,False,False,False,True,False,True,False
-0.0221760631461638,-1.5406819400809533,-0.2957186084807148,-1.6234960398625489,0.9727139029200506,-1.0512462257668482,2024,4,25,False,False,True,True,False,False,False,True
-0.5171774726587443,1.645870991844464,-0.59159501771302,1.2309746092667273,-0.5822185363404352,0.6523485107928634,2024,4,26,True,False,False,False,False,True,True,False
0.967826755878997,0.9990474252620879,1.282288907424913,0.27948439289030197,-0.5822185363404352,1.1769253465827163,2024,4,27,False,True,False,False,False,False,True,False
1.4628281653915773,-0.03958093441499314,0.9864124981926082,1.2309746092667273,0.7135584963766364,0.6168283051535413,2024,4,28,False,False,True,False,True,False,False,False
-0.5171774726587443,-1.4344438134055983,0.3946596797279975,-1.6234960398625489,-0.8413739428838494,-1.0616333996247351,2024,4,29,False,True,False,False,True,False,False,True
-0.5171774726587443,0.31411285105701753,-0.59159501771302,-0.037679012568506524,1.4046395804924077,-0.07822832852846179,2024,4,30,False,True,False,True,False,False,True,False
1.4628281653915773,0.8890277412412251,0.6905360889603027,-1.6234960398625489,0.19524768328980804,1.7076657299809135,2024,5,1,False,False,True,False,True,False,False,True
-0.0221760631461638,-1.0744868235800904,1.1836634376808113,-0.6720058234861235,1.6637949870358226,-0.8151160512575341,2024,5,2,True,False,False,False,True,False,True,False
-0.0221760631461638,0.23032772112061395,0.2960342099838957,0.27948439289030197,-1.4460698914851493,0.09760467007531776,2024,5,3,False,False,True,False,False,False,True,False
1.4628281653915773,1.0806463423581198,0.8877870284485064,-1.3063326344037405,-0.5822185363404352,1.8322504263591382,2024,5,4,False,True,False,False,False,True,True,False
-0.5171774726587443,0.9217618470132757,0.7891615587044045,-0.989169228944932,-0.40944826531149214,0.015624575691026415,2024,5,5,False,False,True,False,False,False,False,False
0.967826755878997,1.0418853795666665,0.1974087402397941,-0.6720058234861235,0.7999436318911078,1.6065933715906957,2024,5,6,True,False,False,False,False,True,True,False
-1.0121788821713247,1.3057080912493475,-0.6902204874571217,-0.037679012568506524,-0.9277590783983208,-0.09325658006753212,2024,5,7,True,False,False,False,False,False,False,False
-1.507180291683905,1.5074305408987703,0.7891615587044045,0.9138112038079189,-0.40944826531149214,-0.7382313199359176,2024,5,8,True,False,False,True,False,False,True,False
-0.0221760631461638,-0.3320016735230759,-1.0847223664335286,-0.6720058234861235,1.4046395804924077,-0.09820460733080458,2024,5,9,False,False,False,False,True,False,False,False
1.4628281653915773,0.23227758662689157,0.8877870284485064,-0.037679012568506524,-1.2732996204562066,0.9314270708280504,2024,5,10,True,False,False,False,False,True,True,False
-1.0121788821713247,0.9992837725961822,0.9864124981926082,0.27948439289030197,0.8863287674055794,-0.40593998034980694,2024,5,11,True,False,False,True,False,False,False,False
-0.0221760631461638,0.6760197063888028,1.0850379679367095,-0.6720058234861235,0.7135584963766364,0.22414156579562722,2024,5,12,False,False,False,False,True,False,False,False
-0.5171774726587443,1.7073803855424865,-0.09846766899251111,-0.037679012568506524,-1.2732996204562066,0.5760776786354248,2024,5,13,False,False,True,False,True,False,False,False
1.4628281653915773,-1.6864491583835681,-1.0847223664335286,-0.989169228944932,0.7135584963766364,-1.0664095351220377,2024,5,14,True,False,False,False,True,False,True,False
-1.0121788821713247,-0.5061896587505212,-1.4792242454099356,-0.354842418027315,0.2816328188042792,-0.7196670092111837,2024,5,15,False,False,True,False,False,False,False,True
1.4628281653915773,-0.7623310820751399,0.7891615587044045,1.548138014725536,-0.6686036718549063,-0.10926707026928689,2024,5,16,True,False,False,True,False,False,False,False
0.967826755878997,-0.8270311647834346,1.282288907424913,1.2309746092667273,-0.6686036718549063,-0.3940057805981922,2024,5,17,False,True,False,True,False,False,True,False
0.967826755878997,-0.9645262263927512,0.49328514947209934,-0.6720058234861235,1.1454841739489936,-0.4267266060488641,2024,5,18,True,False,False,False,True,False,False,True
0.4728253463664166,0.7174395766888161,-1.281973305921732,0.27948439289030197,-0.9277590783983208,1.2565971801096996,2024,5,19,False,False,False,False,False,True,False,False
-1.507180291683905,-1.440766104592619,1.479539846913117,-0.037679012568506524,0.10886254777533654,-1.1971209451587557,2024,5,20,False,False,False,True,False,False,False,False
-1.507180291683905,0.829704560383574,1.6767907864013198,0.27948439289030197,0.6271733608621652,-0.892037616529001,2024,5,21,False,True,False,False,False,False,True,False
-0.0221760631461638,0.6631387766806675,-0.2957186084807148,-0.037679012568506524,-1.2732996204562066,0.50576166837051,2024,5,22,True,False,False,False,False,True,False,False
-1.507180291683905,-0.8667966037447883,0.2960342099838957,-1.3063326344037405,1.4910247160068797,-1.0933842643960063,2024,5,23,False,True,False,False,False,True,True,False
1.4628281653915773,-0.859765270555485,0.8877870284485064,0.27948439289030197,-0.8413739428838494,-0.22814250442065853,2024,5,24,False,False,False,False,False,True,True,False
1.4628281653915773,0.4399678064621935,0.7891615587044045,0.5966477983491104,-0.5822185363404352,1.184869201767176,2024,5,25,False,False,False,False,False,True,True,False
0.4728253463664166,0.900786021112413,1.5781653166572187,0.27948439289030197,0.6271733608621652,0.6170738648192121,2024,5,26,True,False,False,True,False,False,False,False
0.967826755878997,1.2958996768844373,-1.3805987756658338,-0.6720058234861235,-1.4460698914851493,2.4819890237415425,2024,5,27,False,False,True,False,True,False,True,False
-1.0121788821713247,1.2117600259468924,0.1974087402397941,-0.6720058234861235,0.4544030898332222,-0.24148867224988196,2024,5,28,False,False,True,False,False,True,False,True
-1.0121788821713247,1.601496779868273,0.5919106192162009,-0.354842418027315,1.4910247160068797,-0.16882756717780828,2024,5,29,True,False,False,False,False,False,True,False
0.967826755878997,0.27588366976727646,1.282288907424913,0.9138112038079189,-0.8413739428838494,0.5548122115883091,2024,5,30,False,True,False,False,False,False,True,False
-0.5171774726587443,1.4071010975757707,1.282288907424913,-0.354842418027315,-0.49583340082596367,0.13885869390806002,2024,5,31,True,False,False,False,True,False,False,False
0.967826755878997,1.0609704267947755,1.5781653166572187,-1.3063326344037405,-0.9277590783983208,1.1223497108873182,2024,6,1,False,False,True,True,False,False,False,False
-1.0121788821713247,1.3587680677535015,0.00015780075159044688,-0.354842418027315,1.1454841739489936,-0.1661755227885605,2024,6,2,False,False,True,False,True,False,True,False
-0.0221760631461638,-1.6935395784063947,1.0850379679367095,-0.989169228944932,-1.1005293494272637,-1.1742347843182106,2024,6,3,True,False,False,False,False,True,True,False
0.4728253463664166,1.6049829030461624,-0.2957186084807148,1.2309746092667273,-0.49583340082596367,1.776532938218369,2024,6,4,False,False,False,True,False,False,True,False
0.967826755878997,-0.09689516293284349,-0.2957186084807148,0.5966477983491104,0.3680179543187507,0.5783122715930316,2024,6,5,False,True,False,True,False,False,False,False
-0.5171774726587443,1.025281979346547,-0.8874714269453252,1.2309746092667273,-0.3230631297970206,0.36516648179053085,2024,6,6,True,False,False,False,False,True,True,False
-0.0221760631461638,-1.2940534969536275,1.0850379679367095,1.2309746092667273,-1.4460698914851493,-0.9384852272906866,2024,6,7,False,False,True,False,False,False,False,False
0.967826755878997,-0.36509030029626766,1.6767907864013198,-1.3063326344037405,1.5774098515213508,-0.06927767871475082,2024,6,8,False,False,True,False,False,True,False,False
-0.0221760631461638,-0.7954197088483317,-0.8874714269453252,1.548138014725536,-0.49583340082596367,-0.4735057223592056,2024,6,9,True,False,False,False,True,False,True,False
0.967826755878997,-0.7255790716234876,-1.5778497151540374,-0.6720058234861235,-0.150292858768078,0.08983270665682803,2024,6,10,False,True,False,False,False,True,True,False
-0.0221760631461638,-1.307702555497569,1.0850379679367095,-0.354842418027315,-1.1005293494272637,-0.9465395843246981,2024,6,11,False,True,False,False,False,False,True,False
1.4628281653915773,1.0514574465974829,0.3946596797279975,-0.6720058234861235,1.3182544449779365,2.01026890598739,2024,6,12,True,False,False,False,False,True,True,False
-1.507180291683905,-1.7017526482661691,1.5781653166572187,-0.354842418027315,-0.6686036718549063,-1.2337093353437472,2024,6,13,True,False,False,False,True,False,False,False
-0.0221760631461638,-0.6534931347247483,-0.8874714269453252,1.2309746092667273,-1.6188401625140922,-0.36615931451109135,2024,6,14,False,True,False,False,True,False,False,False
1.4628281653915773,-1.1308556627615636,-1.5778497151540374,1.548138014725536,-0.5822185363404352,-0.26453444687311317,2024,6,15,False,False,True,False,False,False,False,False
-1.507180291683905,0.30235457118582965,-0.09846766899251111,-0.6720058234861235,1.6637949870358226,-0.8837990897457363,2024,6,16,True,False,False,False,True,False,True,False
-1.0121788821713247,-0.8548610633730298,-1.4792242454099356,-0.989169228944932,-1.186914484941735,-0.8602253618413122,2024,6,17,False,False,True,False,True,False,False,True
-1.507180291683905,-0.8384940104870047,-0.8874714269453252,-1.6234960398625489,-1.6188401625140922,-1.0642117761142815,2024,6,18,False,False,True,False,False,True,True,False
-0.0221760631461638,-0.045725965101443174,-1.3805987756658338,-0.6720058234861235,0.2816328188042792,0.16738044907575617,2024,6,19,False,True,False,True,False,False,True,False
0.4728253463664166,0.5223348523940317,-0.9860968966894269,0.9138112038079189,-0.40944826531149214,0.9909384558034373,2024,6,20,False,True,False,False,True,False,False,False
0.4728253463664166,-1.3144384545192547,-1.3805987756658338,-1.6234960398625489,1.0590990384345225,-0.743645910563965,2024,6,21,False,False,True,False,True,False,False,True
-1.0121788821713247,-1.1270741054160558,1.479539846913117,0.27948439289030197,0.7999436318911078,-1.0566485384116122,2024,6,22,True,False,False,False,False,False,True,False
-0.0221760631461638,-0.8793230124517823,-0.7888459572012234,-0.989169228944932,-1.1005293494272637,-0.5448039712868049,2024,6,23,False,False,True,False,False,False,False,False
-1.507180291683905,1.632103759633475,-0.19709313873661294,0.5966477983491104,0.2816328188042792,-0.6472760197713481,2024,6,24,False,False,True,False,False,True,False,True
0.4728253463664166,-0.36095422194961857,1.282288907424913,-0.037679012568506524,-1.6188401625140922,-0.20257974322429878,2024,6,25,False,False,True,False,False,True,False,False
0.967826755878997,0.33674310829654003,0.5919106192162009,-1.6234960398625489,-0.150292858768078,0.7955957417620902,2024,6,26,False,False,False,False,True,False,True,False
-0.5171774726587443,-0.898821667514556,0.3946596797279975,1.2309746092667273,0.7999436318911078,-0.8011928182139835,2024,6,27,True,False,False,True,False,False,False,True
-0.0221760631461638,-0.03839919774452207,0.6905360889603027,-0.354842418027315,-0.23667799428254913,-0.13815716493548988,2024,6,28,True,False,False,True,False,False,False,False
1.4628281653915773,-1.477518115044271,1.0850379679367095,0.5966477983491104,-1.2732996204562066,-0.8941248736872052,2024,6,29,True,False,False,False,False,True,False,False
1.4628281653915773,-1.613654179482546,1.282288907424913,1.548138014725536,-1.5324550269996209,-1.04078538400926,2024,6,30,False,True,False,False,False,False,False,False
0.967826755878997,-0.11349856315296296,0.3946596797279975,-0.989169228944932,1.2318693094634654,0.41157725860236566,2024,7,1,True,False,False,False,True,False,False,True
0.967826755878997,-0.3556954937660221,1.282288907424913,-0.6720058234861235,1.4046395804924077,0.011474617341185241,2024,7,2,False,True,False,False,True,False,True,False
-0.0221760631461638,-1.2606103491792944,0.09878327049569227,0.27948439289030197,-0.49583340082596367,-0.8720490597433749,2024,7,3,False,False,False,True,False,False,True,False
-0.5171774726587443,0.6430492532826583,-0.7888459572012234,1.548138014725536,-1.1005293494272637,0.1329652619319538,2024,7,4,True,False,False,False,False,True,False,False
0.4728253463664166,1.6983401000133826,1.282288907424913,-0.037679012568506524,1.6637949870358226,1.2737126888069739,2024,7,5,True,False,False,True,False,False,True,False
-0.5171774726587443,-0.36615386329969174,0.09878327049569227,0.27948439289030197,0.19524768328980804,-0.5149561939244846,2024,7,6,True,False,False,True,False,False,True,False
-1.0121788821713247,0.42513701124778086,1.3809143771690149,0.9138112038079189,-0.06390772325360648,-0.6151077035684362,2024,7,7,False,True,False,False,False,True,False,False
-1.507180291683905,1.5948790545136347,-1.676475184898139,0.9138112038079189,0.8863287674055794,-0.5472595679435157,2024,7,8,False,True,False,False,False,False,True,False
-1.507180291683905,1.1405603915510063,-0.3943440782248163,-1.3063326344037405,-1.1005293494272637,-0.72075974972342,2024,7,9,True,False,False,False,True,False,False,False
0.967826755878997,-0.1314018737106005,1.479539846913117,-0.989169228944932,0.2816328188042792,0.16226053004651425,2024,7,10,False,True,False,False,False,False,False,True
0.4728253463664166,0.815464633504397,-0.8874714269453252,-0.6720058234861235,1.4046395804924077,1.2437298536285348,2024,7,11,True,False,False,False,False,True,True,False
-0.5171774726587443,-1.290803721109832,1.479539846913117,-0.037679012568506524,-1.6188401625140922,-1.0282372850934676,2024,7,12,False,False,False,False,False,True,False,True
0.967826755878997,0.03640473349630063,1.479539846913117,-0.354842418027315,0.6271733608621652,0.3024382651948523,2024,7,13,False,False,False,False,True,False,True,False
-0.0221760631461638,-0.769126067930349,1.282288907424913,-0.037679012568506524,0.19524768328980804,-0.6462078352256789,2024,7,14,False,False,True,False,False,False,False,True
0.967826755878997,-1.17664795874232,0.1974087402397941,1.548138014725536,1.5774098515213508,-0.606218443671143,2024,7,15,False,True,False,False,True,False,False,True
-0.0221760631461638,-0.2602702576254779,0.49328514947209934,0.5966477983491104,-0.8413739428838494,-0.2505007119800108,2024,7,16,False,False,False,True,False,False,True,False
-0.0221760631461638,-1.2808771330778743,1.1836634376808113,-1.3063326344037405,1.2318693094634654,-0.9352070057539775,2024,7,17,False,False,False,True,False,False,True,False
-1.0121788821713247,0.6824010844093472,0.8877870284485064,-0.037679012568506524,-0.6686036718549063,-0.49035111542424203,2024,7,18,False,True,False,True,False,False,True,False
-1.0121788821713247,-0.15669103845868299,0.3946596797279975,0.9138112038079189,-0.23667799428254913,-0.7103111859491154,2024,7,19,False,False,True,False,False,False,False,True
-0.0221760631461638,0.10222746604154315,1.5781653166572187,-0.354842418027315,-0.9277590783983208,-0.19446399627386943,2024,7,20,False,True,False,True,False,False,False,True
0.4728253463664166,-1.2277580697401966,0.5919106192162009,-1.6234960398625489,1.3182544449779365,-0.7807499760468658,2024,7,21,False,False,True,False,True,False,True,False
-1.0121788821713247,-1.2505655874802897,1.5781653166572187,0.5966477983491104,-1.014144213912792,-1.0934088203625734,2024,7,22,False,False,False,False,False,False,False,False
-1.0121788821713247,0.2829150029565797,-1.5778497151540374,-0.6720058234861235,1.2318693094634654,-0.3928148162196874,2024,7,23,False,True,False,False,True,False,True,False
-1.507180291683905,1.6710419829254992,-1.281973305921732,0.5966477983491104,-0.150292858768078,-0.5606302917393062,2024,7,24,False,False,False,False,False,True,False,False
0.967826755878997,-1.4010006656312652,-0.19709313873661294,-0.6720058234861235,1.1454841739489936,-0.8089770596157569,2024,7,25,True,False,False,False,False,False,False,True
-1.507180291683905,-0.7460822028561618,-0.4929695479689182,1.548138014725536,-0.7549888073693778,-1.0556785777322113,2024,7,26,False,False,False,False,True,False,True,False
0.4728253463664166,1.2716149883062553,0.8877870284485064,0.5966477983491104,-1.2732996204562066,1.096381776242601,2024,7,27,True,False,False,False,True,False,False,True
-1.0121788821713247,-1.4838994930648153,-1.1833478361776304,0.9138112038079189,0.19524768328980804,-1.1180261768460997,2024,7,28,False,False,True,False,False,False,False,True
1.4628281653915773,1.2938316377111125,1.5781653166572187,-0.354842418027315,0.022477412260865026,1.741331960144419,2024,7,29,False,True,False,False,False,True,False,True
-1.0121788821713247,0.07853364579859659,-0.6902204874571217,-0.354842418027315,-0.49583340082596367,-0.5471613440772473,2024,7,30,False,True,False,False,False,False,True,False
-0.5171774726587443,-0.32248869332578317,-0.2957186084807148,-1.3063326344037405,0.6271733608621652,-0.4555061988655152,2024,7,31,False,True,False,True,False,False,True,False
0.4728253463664166,-0.6633015490896588,-0.7888459572012234,0.9138112038079189,-1.359684755970678,-0.1664456384207987,2024,8,1,False,False,False,True,False,False,True,False
1.4628281653915773,-0.706730371729473,0.1974087402397941,1.548138014725536,0.4544030898332222,0.04795250567662452,2024,8,2,False,False,True,False,False,True,False,False
0.967826755878997,-0.6767142602995062,-1.5778497151540374,-0.6720058234861235,-1.014144213912792,0.1495282613814684,2024,8,3,False,False,False,False,True,False,False,False
0.967826755878997,1.3246749648104095,-1.281973305921732,-0.989169228944932,-1.2732996204562066,2.4772006102609563,2024,8,4,False,False,False,False,True,False,True,False
1.4628281653915773,0.768136079852028,0.7891615587044045,-1.3063326344037405,1.4046395804924077,1.53810678083503,2024,8,5,False,True,False,False,True,False,False,False
0.967826755878997,0.5812444254170179,-1.0847223664335286,-0.989169228944932,-0.150292858768078,1.5367193687239884,2024,8,6,True,False,False,False,False,False,True,False
1.4628281653915773,1.0272318448528244,-0.9860968966894269,-0.6720058234861235,0.9727139029200506,2.5630728253461346,2024,8,7,False,True,False,False,False,False,True,False
0.4728253463664166,-0.8449935621745959,0.9864124981926082,0.9138112038079189,-1.359684755970678,-0.5191184302576094,2024,8,8,False,True,False,False,False,True,True,False
1.4628281653915773,0.40262492767530567,-1.4792242454099356,-0.037679012568506524,-1.5324550269996209,1.8890360990455763,2024,8,9,False,True,False,True,False,False,True,False
1.4628281653915773,-0.14345558774940623,-0.2957186084807148,1.2309746092667273,0.022477412260865026,0.8255049090408284,2024,8,10,True,False,False,False,True,False,True,False
-0.5171774726587443,0.9708630056713514,-1.676475184898139,-0.354842418027315,-0.5822185363404352,0.4735933521675979,2024,8,11,False,True,False,True,False,False,True,False
-0.5171774726587443,-0.6647787199277476,-0.59159501771302,0.9138112038079189,-1.7052252980285638,-0.6152304834012716,2024,8,12,False,True,False,False,False,False,False,True
-1.507180291683905,0.4894825729549341,0.5919106192162009,0.5966477983491104,-1.1005293494272637,-0.8851496679069271,2024,8,13,False,True,False,False,False,False,False,False
0.4728253463664166,1.315693766114829,-1.4792242454099356,-0.037679012568506524,-0.9277590783983208,1.9123028773679112,2024,8,14,False,True,False,False,False,False,True,False
0.4728253463664166,-0.3436417797272166,1.282288907424913,-0.989169228944932,-0.6686036718549063,-0.19016670212462547,2024,8,15,False,False,False,True,False,False,False,False
-0.5171774726587443,-1.5034572349611126,1.3809143771690149,0.27948439289030197,1.3182544449779365,-1.115067182874763,2024,8,16,False,False,True,False,False,True,False,False
-0.0221760631461638,0.05005379204024226,-1.3805987756658338,1.2309746092667273,-0.23667799428254913,0.24381089501588102,2024,8,17,False,False,False,False,False,True,True,False
-0.0221760631461638,-0.5378602015191477,1.6767907864013198,-0.037679012568506524,0.6271733608621652,-0.556283885656928,2024,8,18,True,False,False,False,False,False,False,False
-1.507180291683905,0.5898711031114572,-0.7888459572012234,1.548138014725536,-1.6188401625140922,-0.7991301170223465,2024,8,19,False,True,False,False,True,False,False,False
-0.0221760631461638,1.5535773578806684,-1.4792242454099356,0.5966477983491104,1.1454841739489936,1.4715846674047337,2024,8,20,False,False,True,True,False,False,False,False
-0.0221760631461638,-0.05517985846521239,-1.7751006546422408,-0.037679012568506524,-0.8413739428838494,0.21859191735146075,2024,8,21,False,True,False,False,False,False,False,False
-0.0221760631461638,-0.12230250134797264,-0.3943440782248163,1.548138014725536,-0.6686036718549063,-0.03502210535363464,2024,8,22,False,True,False,True,False,False,False,False
-1.0121788821713247,0.5288934909151466,0.3946596797279975,1.2309746092667273,-1.5324550269996209,-0.4880674105335009,2024,8,23,False,True,False,True,False,False,True,False
-1.507180291683905,-1.3759478482172771,-0.59159501771302,-0.6720058234861235,-0.3230631297970206,-1.1686237459576263,2024,8,24,False,True,False,False,False,True,False,True
-0.5171774726587443,-0.8574608840480663,1.0850379679367095,1.2309746092667273,1.2318693094634654,-0.823182686274829,2024,8,25,False,True,False,False,False,False,True,False
-0.0221760631461638,1.4427895450239994,0.6905360889603027,0.27948439289030197,-0.40944826531149214,0.7851962899209198,2024,8,26,True,False,False,False,False,True,False,True
0.967826755878997,0.5820125542528242,-0.59159501771302,0.27948439289030197,1.4046395804924077,1.3877260415780583,2024,8,27,False,False,True,False,False,False,True,False
1.4628281653915773,-1.6872763740528978,0.7891615587044045,1.548138014725536,1.3182544449779365,-1.1048641787661295,2024,8,28,False,True,False,True,False,False,True,False
-1.0121788821713247,-1.0263901410919152,1.479539846913117,0.5966477983491104,-1.5324550269996209,-1.028617902575258,2024,8,29,False,True,False,False,False,True,False,False
-0.0221760631461638,0.6265640267295858,-1.4792242454099356,-1.3063326344037405,-0.6686036718549063,0.7241747130016554,2024,8,30,False,False,True,True,False,False,True,False
1.4628281653915773,0.9084673094704754,-0.6902204874571217,1.548138014725536,1.4046395804924077,2.284976503973632,2024,8,31,False,True,False,False,False,False,False,True
1.4628281653915773,1.1693356794769785,-0.19709313873661294,-0.037679012568506524,-1.6188401625140922,2.4051042924199257,2024,9,1,False,True,False,False,True,False,True,False
-1.0121788821713247,-0.7238064666177809,-0.09846766899251111,-0.989169228944932,0.9727139029200506,-0.8713123807463615,2024,9,2,False,False,False,False,False,True,False,False
-1.507180291683905,1.4844457626581067,0.09878327049569227,0.5966477983491104,1.4046395804924077,-0.6936622406166159,2024,9,3,False,True,False,False,False,True,True,False
0.967826755878997,0.17756317878407804,-0.6902204874571217,-0.6720058234861235,0.9727139029200506,0.9689117537927413,2024,9,4,False,True,False,True,False,False,True,False
0.967826755878997,0.6739516672154785,0.49328514947209934,-0.6720058234861235,0.8863287674055794,1.1462426663571144,2024,9,5,True,False,False,True,False,False,True,False
0.967826755878997,0.32894364627143025,0.49328514947209934,-1.3063326344037405,1.2318693094634654,0.8150317892999565,2024,9,6,False,True,False,False,True,False,False,False
-0.0221760631461638,-1.3094751605032757,0.1974087402397941,-0.037679012568506524,0.6271733608621652,-0.9092145151426934,2024,9,7,True,False,False,False,False,True,False,False
-1.0121788821713247,1.5953517491818228,-1.3805987756658338,-0.037679012568506524,-0.23667799428254913,0.11330821069498352,2024,9,8,False,False,True,False,False,False,False,False
0.967826755878997,-1.3090024658350874,-0.09846766899251111,-1.6234960398625489,-1.4460698914851493,-0.7190285540804389,2024,9,9,False,True,False,False,False,False,False,True
1.4628281653915773,-0.8526748505326581,-0.59159501771302,0.5966477983491104,1.0590990384345225,-0.009041892725634004,2024,9,10,True,False,False,False,False,True,False,False
1.4628281653915773,1.078637390018319,-0.09846766899251111,-0.989169228944932,1.4046395804924077,2.2520960647402735,2024,9,11,True,False,False,False,False,True,False,True
0.4728253463664166,0.40451570634805945,1.3809143771690149,-1.6234960398625489,0.022477412260865026,0.3230407211446565,2024,9,12,False,True,False,False,False,True,True,False
0.4728253463664166,1.1634269961246229,-0.09846766899251111,1.2309746092667273,0.10886254777533654,1.3245435396008882,2024,9,13,True,False,False,False,True,False,True,False
-1.0121788821713247,0.0489902290368182,-1.7751006546422408,-1.6234960398625489,-0.3230631297970206,-0.4725357616798049,2024,9,14,False,True,False,False,False,False,True,False
-0.0221760631461638,-0.43061759867389215,-0.2957186084807148,-1.6234960398625489,1.2318693094634654,-0.26697776554654046,2024,9,15,True,False,False,False,False,False,True,False
-0.0221760631461638,1.4527161330559568,1.0850379679367095,-0.354842418027315,-1.6188401625140922,0.6825032377372726,2024,9,16,False,True,False,True,False,False,False,False
-1.507180291683905,-1.6083954512989496,0.8877870284485064,-0.354842418027315,0.4544030898332222,-1.217797069008261,2024,9,17,True,False,False,True,False,False,False,False
-1.507180291683905,1.2255863449914048,0.00015780075159044688,-1.6234960398625489,1.4046395804924077,-0.7309013639156358,2024,9,18,False,True,False,False,False,True,False,False
0.967826755878997,-0.9358691121338262,-0.8874714269453252,-0.354842418027315,-1.359684755970678,-0.24448450017106924,2024,9,19,False,False,True,True,False,False,False,False
-0.5171774726587443,1.2000017460757044,-0.19709313873661294,0.27948439289030197,1.5774098515213508,0.33239654440672467,2024,9,20,False,True,False,False,True,False,False,True
1.4628281653915773,-1.2525745398200905,0.1974087402397941,-0.354842418027315,1.6637949870358226,-0.5872244035314845,2024,9,21,True,False,False,False,False,False,False,True
-1.507180291683905,0.27186576508767457,1.6767907864013198,0.9138112038079189,1.4910247160068797,-0.9673875999401731,2024,9,22,True,False,False,False,False,False,True,False
-0.0221760631461638,1.3360787236804557,0.49328514947209934,-0.6720058234861235,-0.06390772325360648,0.7711748330111011,2024,9,23,False,False,True,True,False,False,True,False
1.4628281653915773,-0.09689516293284349,0.5919106192162009,0.9138112038079189,-0.40944826531149214,0.6571983141898673,2024,9,24,True,False,False,False,False,True,True,False
-0.5171774726587443,0.8468397421054057,-0.09846766899251111,0.5966477983491104,0.7135584963766364,0.1308166148573318,2024,9,25,False,False,True,True,False,False,True,False
-1.507180291683905,1.0476758892519753,-0.59159501771302,-1.6234960398625489,-0.5822185363404352,-0.7254376613544542,2024,9,26,False,False,True,False,False,True,False,False
-1.0121788821713247,0.8120375971600308,0.9864124981926082,-0.6720058234861235,-1.4460698914851493,-0.46197669605594827,2024,9,27,False,False,False,False,True,False,False,False
0.4728253463664166,1.4647698470947628,-0.09846766899251111,0.27948439289030197,1.4046395804924077,1.584407055797313,2024,9,28,False,True,False,False,False,False,True,False
-1.507180291683905,-0.18918879689663923,1.6767907864013198,-1.6234960398625489,0.4544030898332222,-1.02966153115436,2024,9,29,True,False,False,False,True,False,False,False
-1.507180291683905,-1.1352871752758302,-0.19709313873661294,0.5966477983491104,-1.014144213912792,-1.1303164381129374,2024,9,30,False,False,True,False,False,False,False,False
-1.0121788821713247,-1.5684527518370253,-1.5778497151540374,1.548138014725536,-1.6188401625140922,-1.1468426036126012,2024,10,1,False,False,False,False,True,False,True,False
-0.0221760631461638,-0.8818046594597717,0.5919106192162009,-1.3063326344037405,0.7999436318911078,-0.6561038897522237,2024,10,2,False,False,False,True,False,False,True,False
0.967826755878997,-1.2387482207755784,-1.5778497151540374,0.5966477983491104,1.2318693094634654,-0.5371793436677177,2024,10,3,True,False,False,False,True,False,False,True
-1.0121788821713247,0.1948756210064799,-0.8874714269453252,1.548138014725536,-0.3230631297970206,-0.48735528750305473,2024,10,4,False,True,False,False,True,False,False,False
0.967826755878997,-1.0944581733110526,-0.59159501771302,-0.6720058234861235,-1.4460698914851493,-0.45163863413119554,2024,10,5,True,False,False,True,False,False,True,False
-1.507180291683905,-1.599118818435751,0.7891615587044045,0.5966477983491104,0.5407882253476938,-1.2159185375658772,2024,10,6,False,False,True,False,False,False,True,False
-0.0221760631461638,-1.6093408406353265,-0.09846766899251111,-1.6234960398625489,-0.6686036718549063,-1.1032925969058345,2024,10,7,True,False,False,False,False,False,True,False
-0.5171774726587443,1.1406785652180536,-1.676475184898139,-0.354842418027315,-1.186914484941735,0.5783982174760164,2024,10,8,True,False,False,True,False,False,True,False
-1.507180291683905,0.31068581471265133,0.3946596797279975,0.9138112038079189,0.022477412260865026,-0.9045243255283756,2024,10,9,False,False,True,False,True,False,False,True
-1.0121788821713247,-0.495967636550946,-0.3943440782248163,0.27948439289030197,-0.06390772325360648,-0.7761825662653836,2024,10,10,True,False,False,False,True,False,True,False
-0.5171774726587443,1.3572318100818892,1.3809143771690149,-0.989169228944932,0.10886254777533654,0.09758011410875067,2024,10,11,False,False,False,False,True,False,True,False
0.4728253463664166,-1.4910489999211658,-0.09846766899251111,-0.6720058234861235,1.1454841739489936,-0.9645513858016722,2024,10,12,True,False,False,False,False,True,True,False
-0.5171774726587443,1.6548521905400446,0.6905360889603027,1.2309746092667273,-0.06390772325360648,0.3754799877487162,2024,10,13,False,True,False,False,False,False,False,False
-1.0121788821713247,0.3965389838223792,-0.9860968966894269,0.27948439289030197,1.4046395804924077,-0.40186368989966686,2024,10,14,True,False,False,False,True,False,True,False
1.4628281653915773,-1.0995396409940785,0.8877870284485064,-0.037679012568506524,1.2318693094634654,-0.48273876578843833,2024,10,15,False,False,True,False,False,False,True,False
-0.5171774726587443,0.6135649233544034,0.6905360889603027,-0.6720058234861235,0.5407882253476938,-0.11136660541077457,2024,10,16,False,True,False,False,True,False,False,False
-1.0121788821713247,0.9049811862925854,1.3809143771690149,-0.989169228944932,-1.5324550269996209,-0.47949737820158006,2024,10,17,False,True,False,True,False,False,True,False
1.4628281653915773,-0.24963462759123758,-1.676475184898139,1.548138014725536,1.3182544449779365,1.0144999057245778,2024,10,18,False,False,False,True,False,False,True,False
-1.507180291683905,1.2446123053859897,-0.19709313873661294,-1.3063326344037405,1.4046395804924077,-0.7149154296804482,2024,10,19,False,True,False,False,False,False,True,False
1.4628281653915773,-1.2126909271916897,0.5919106192162009,1.2309746092667273,-0.40944826531149214,-0.5762847204258378,2024,10,20,True,False,False,False,False,False,False,False
-0.0221760631461638,-0.7698941967661551,-1.4792242454099356,0.9138112038079189,0.10886254777533654,-0.40170407611698067,2024,10,21,True,False,False,True,False,False,False,True
0.4728253463664166,-1.4105727326620814,-0.3943440782248163,-0.989169228944932,-0.7549888073693778,-0.8823134537684262,2024,10,22,True,False,False,False,False,True,True,False
1.4628281653915773,-1.0048234468558168,1.479539846913117,0.27948439289030197,-1.6188401625140922,-0.4535171655735794,2024,10,23,True,False,False,True,False,False,True,False
-0.0221760631461638,-0.9085119082124195,-0.2957186084807148,-1.6234960398625489,-0.06390772325360648,-0.6046223058442808,2024,10,24,False,True,False,False,True,False,True,False
-0.0221760631461638,1.4381807720091622,1.5781653166572187,0.5966477983491104,-1.2732996204562066,0.5384088259214804,2024,10,25,True,False,False,False,False,True,False,False
-0.0221760631461638,-1.4637508828332826,-1.5778497151540374,-1.6234960398625489,-1.1005293494272637,-0.9581545565109404,2024,10,26,True,False,False,True,False,False,False,False
1.4628281653915773,-0.25631143977939946,0.6905360889603027,-1.3063326344037405,-0.06390772325360648,0.45818448314673743,2024,10,27,False,False,True,False,False,True,False,False
-1.0121788821713247,0.10654080488876255,0.1974087402397941,-1.6234960398625489,1.3182544449779365,-0.6089441559600919,2024,10,28,False,True,False,False,False,True,False,False
-1.0121788821713247,1.372712560465061,0.00015780075159044688,-0.6720058234861235,1.2318693094634654,-0.16142394325782514,2024,10,29,True,False,False,False,False,True,False,True
0.4728253463664166,1.714884413399978,1.5781653166572187,-1.3063326344037405,1.6637949870358226,1.1753169307725708,2024,10,30,False,True,False,False,False,False,False,True
-1.0121788821713247,0.8704153886813049,-1.281973305921732,-1.6234960398625489,-0.06390772325360648,-0.18710948428702046,2024,10,31,False,True,False,True,False,False,False,False
0.967826755878997,1.6218817374338999,1.282288907424913,-1.6234960398625489,0.19524768328980804,1.7127365370770213,2024,11,1,False,True,False,False,False,False,False,False
-1.0121788821713247,0.9869346243897587,0.5919106192162009,-1.3063326344037405,1.1454841739489936,-0.36294248289080017,2024,11,2,False,True,False,False,False,False,True,False
-1.0121788821713247,1.595647183349441,-0.8874714269453252,-0.037679012568506524,0.7135584963766364,0.04240285723245805,2024,11,3,False,False,True,False,True,False,False,False
-1.0121788821713247,0.7109991118347485,1.3809143771690149,-1.3063326344037405,-1.1005293494272637,-0.5343185735626496,2024,11,4,False,True,False,False,True,False,False,False
-1.507180291683905,-1.4580194599814975,-0.2957186084807148,1.548138014725536,-0.3230631297970206,-1.185898868437587,2024,11,5,False,False,False,False,False,True,False,False
0.4728253463664166,-0.3444689953965463,0.9864124981926082,-1.3063326344037405,1.4910247160068797,-0.14470133002562433,2024,11,6,False,False,False,False,False,True,True,False
0.967826755878997,0.5012999396596455,-0.3943440782248163,0.5966477983491104,-1.186914484941735,1.2412251450386897,2024,11,7,True,False,False,False,True,False,False,False
-1.0121788821713247,-0.521434061799599,1.1836634376808113,-0.354842418027315,-1.014144213912792,-0.8717912220944202,2024,11,8,False,True,False,False,True,False,False,False
0.4728253463664166,-0.7887428966601697,0.3946596797279975,0.5966477983491104,-0.3230631297970206,-0.41260692527277676,2024,11,9,True,False,False,True,False,False,False,False
-0.5171774726587443,0.2621164375562875,-1.281973305921732,0.5966477983491104,1.5774098515213508,-0.01579478353158881,2024,11,10,False,False,True,False,False,True,True,False
-1.507180291683905,1.4930133535190226,0.49328514947209934,-1.3063326344037405,-1.2732996204562066,-0.7197775110607356,2024,11,11,True,False,False,False,False,True,True,False
1.4628281653915773,-1.6128269638132164,-1.0847223664335286,0.27948439289030197,0.6271733608621652,-0.9668228127091296,2024,11,12,False,True,False,False,True,False,True,False
-1.0121788821713247,0.9251888833576419,-0.3943440782248163,0.9138112038079189,-1.2732996204562066,-0.2682546758080302,2024,11,13,True,False,False,True,False,False,False,True
0.967826755878997,0.7644726961735675,-1.1833478361776304,0.5966477983491104,0.10886254777533654,1.7814195755652236,2024,11,14,False,False,True,False,True,False,False,False
-1.507180291683905,1.598247004024477,-1.676475184898139,0.9138112038079189,0.10886254777533654,-0.5465720008796366,2024,11,15,False,False,True,False,True,False,True,False
0.967826755878997,1.483382199654683,-1.0847223664335286,0.5966477983491104,-1.5324550269996209,2.5827421545663882,2024,11,16,False,True,False,False,False,False,True,False
1.4628281653915773,0.9010223684465073,0.09878327049569227,-0.6720058234861235,1.5774098515213508,1.9584312605642245,2024,11,17,False,False,True,False,False,True,False,False
1.4628281653915773,0.0651209345887493,-0.09846766899251111,1.2309746092667273,1.0590990384345225,1.0284845286845463,2024,11,18,False,True,False,True,False,False,True,False
-1.507180291683905,-1.0276309645959099,0.00015780075159044688,0.27948439289030197,-0.6686036718549063,-1.1148339011923756,2024,11,19,False,True,False,False,False,False,False,True
-0.5171774726587443,0.15091501686495365,-0.8874714269453252,0.9138112038079189,-1.2732996204562066,-0.13085176488177508,2024,11,20,False,False,False,False,False,True,False,False
0.4728253463664166,0.9117761721477946,0.5919106192162009,0.9138112038079189,-0.49583340082596367,0.9086759678036243,2024,11,21,False,True,False,False,True,False,True,False
-1.507180291683905,1.3622541909313917,0.6905360889603027,-0.6720058234861235,1.4046395804924077,-0.7539348605555835,2024,11,22,False,True,False,True,False,False,False,False
-0.0221760631461638,0.9959749099188631,-0.4929695479689182,0.27948439289030197,-1.2732996204562066,0.7877623884271828,2024,11,23,False,True,False,False,False,True,True,False
1.4628281653915773,-1.0587697258628244,1.282288907424913,-0.037679012568506524,-0.49583340082596367,-0.48388061823380896,2024,11,24,False,False,False,False,True,False,False,True
-0.5171774726587443,0.33916566847100565,0.49328514947209934,-0.989169228944932,0.022477412260865026,-0.212709079433231,2024,11,25,False,False,True,False,False,False,True,False
1.4628281653915773,-0.585543276172658,0.6905360889603027,1.2309746092667273,-1.6188401625140922,0.09901663815292659,2024,11,26,True,False,False,True,False,False,False,True
-0.0221760631461638,-1.7018708219332164,-0.7888459572012234,-0.037679012568506524,-0.7549888073693778,-1.160127381525407,2024,11,27,False,False,True,False,False,True,False,False
-0.5171774726587443,-1.0416345441409929,-1.7751006546422408,0.5966477983491104,0.3680179543187507,-0.76356079944989,2024,11,28,False,True,False,False,False,False,False,True
1.4628281653915773,-1.3423865267758968,1.1836634376808113,-1.3063326344037405,-0.5822185363404352,-0.761547210191387,2024,11,29,True,False,False,False,True,False,True,False
-0.0221760631461638,1.1792031806754126,1.0850379679367095,-0.989169228944932,1.3182544449779365,0.5210845915083856,2024,11,30,True,False,False,False,True,False,True,False
-0.0221760631461638,-0.8401484418256643,-1.3805987756658338,0.5966477983491104,1.4910247160068797,-0.4665195498708632,2024,12,1,False,True,False,False,False,True,False,False
1.4628281653915773,-0.7496274128675752,-0.4929695479689182,-0.6720058234861235,-0.150292858768078,0.10725516493619151,2024,12,2,True,False,False,False,True,False,False,False
1.4628281653915773,1.5843615981464412,0.49328514947209934,-0.6720058234861235,0.10886254777533654,2.565331974270308,2024,12,3,False,False,False,True,False,False,True,False
0.967826755878997,-0.42334991815049455,0.49328514947209934,-1.3063326344037405,0.4544030898332222,0.09281625659473179,2024,12,4,False,True,False,False,False,True,True,False
-1.507180291683905,-1.700570911595698,1.1836634376808113,1.548138014725536,0.6271733608621652,-1.232530648948526,2024,12,5,False,True,False,False,False,False,True,False
-1.507180291683905,-0.752581754543753,-1.281973305921732,1.2309746092667273,-1.4460698914851493,-1.0390664663495626,2024,12,6,False,True,False,False,False,True,False,False
-0.5171774726587443,-1.3213516140415105,-0.2957186084807148,-1.6234960398625489,-1.5324550269996209,-0.9847855022529693,2024,12,7,False,True,False,False,False,True,True,False
0.4728253463664166,-1.378370408391743,-1.4792242454099356,0.27948439289030197,1.3182544449779365,-0.8028012340241292,2024,12,8,False,False,False,False,False,False,True,False
1.4628281653915773,-1.4658780088401306,-0.3943440782248163,-0.6720058234861235,-0.9277590783983208,-0.8043237039512899,2024,12,9,True,False,False,False,True,False,True,False
0.967826755878997,0.31694901906614836,-1.676475184898139,-0.037679012568506524,0.2816328188042792,1.3903044180676045,2024,12,10,True,False,False,False,False,False,True,False
-1.507180291683905,-1.079213770261975,1.282288907424913,0.5966477983491104,0.4544030898332222,-1.1436994398920115,2024,12,11,False,False,True,True,False,False,True,False
-1.507180291683905,-0.4850365723490878,0.00015780075159044688,1.548138014725536,-1.1005293494272637,-1.0223806870672123,2024,12,12,False,True,False,False,True,False,False,True
0.967826755878997,1.2459122157235079,1.1836634376808113,0.27948439289030197,0.8863287674055794,1.427555819349908,2024,12,13,True,False,False,False,False,True,True,False
-1.0121788821713247,-0.26694706981363975,-1.5778497151540374,0.27948439289030197,1.3182544449779365,-0.6167652313117159,2024,12,14,True,False,False,False,True,False,False,True
0.967826755878997,1.431444872987476,-0.9860968966894269,-0.037679012568506524,-0.7549888073693778,2.481952189791692,2024,12,15,True,False,False,False,True,False,True,False
-1.507180291683905,-0.012578251494727733,-0.8874714269453252,1.548138014725536,1.3182544449779365,-0.9080358287474721,2024,12,16,False,False,False,True,False,False,True,False
0.4728253463664166,-0.3551046254307866,-0.3943440782248163,-0.6720058234861235,-1.4460698914851493,0.06077072022465517,2024,12,17,False,False,True,False,True,False,True,False
-1.0121788821713247,0.8600751928146824,0.9864124981926082,-0.6720058234861235,1.0590990384345225,-0.44759917763090623,2024,12,18,True,False,False,False,True,False,False,False
-0.0221760631461638,-1.4807678908880668,-0.3943440782248163,0.9138112038079189,0.5407882253476938,-1.0060755252666524,2024,12,19,False,False,True,False,True,False,False,False
0.967826755878997,-1.4244581385401172,-1.0847223664335286,1.548138014725536,0.2816328188042792,-0.7888902789638622,2024,12,20,False,True,False,False,False,True,False,False
-0.0221760631461638,0.5198532053860422,-1.5778497151540374,-0.354842418027315,-0.9277590783983208,0.6576157656215084,2024,12,21,False,True,False,False,True,False,True,False
-1.0121788821713247,-0.05057108545037479,-1.4792242454099356,0.9138112038079189,-0.49583340082596367,-0.5360006572724965,2024,12,22,False,True,False,False,False,False,False,True
-1.0121788821713247,0.9983974700933287,0.8877870284485064,1.548138014725536,1.4046395804924077,-0.3944846219462508,2024,12,23,False,True,False,False,True,False,False,True
-1.0121788821713247,1.4334538253272773,-0.19709313873661294,0.9138112038079189,-0.06390772325360648,-0.11366258828479921,2024,12,24,True,False,False,True,False,False,True,False
-0.5171774726587443,-0.39132485438072684,0.6905360889603027,-0.6720058234861235,0.3680179543187507,-0.581183635755976,2024,12,25,True,False,False,False,True,False,False,False
0.967826755878997,0.32782099643448265,0.5919106192162009,-1.3063326344037405,1.4910247160068797,0.7871362112797216,2024,12,26,False,False,False,False,True,False,False,False
1.4628281653915773,-0.0030061844639115067,-1.281973305921732,-1.3063326344037405,-0.06390772325360648,1.263792078313862,2024,12,27,True,False,False,False,False,True,True,False
0.4728253463664166,1.6592837030543115,-1.281973305921732,0.9138112038079189,-0.3230631297970206,2.186224684424005,2024,12,28,True,False,False,False,False,False,True,False
0.4728253463664166,1.1389650470458703,0.7891615587044045,0.9138112038079189,1.4046395804924077,1.0265446073257445,2024,12,29,False,True,False,False,True,False,False,False
-0.0221760631461638,1.4177958144435348,0.6905360889603027,-0.989169228944932,1.4046395804924077,0.7696155291340895,2024,12,30,False,True,False,False,False,False,False,True
-0.0221760631461638,-0.8545656292054121,-0.4929695479689182,-0.354842418027315,-0.49583340082596367,-0.5504150096473891,2024,12,31,True,False,False,True,False,False,True,False
1.4628281653915773,0.9365926422276883,-1.4792242454099356,-0.354842418027315,0.3680179543187507,2.642425431307745,2025,1,1,True,False,False,False,False,True,False,False
-0.0221760631461638,-0.8161001005815766,-1.7751006546422408,-1.3063326344037405,1.6637949870358226,-0.4138715575509828,2025,1,2,False,False,True,False,False,False,False,True
0.967826755878997,-1.0122093010462614,-0.7888459572012234,-1.3063326344037405,-1.5324550269996209,-0.3411981744956256,2025,1,3,False,True,False,False,False,True,True,False
-1.507180291683905,1.5302380586388633,-1.7751006546422408,1.2309746092667273,-1.5324550269996209,-0.5535950073178296,2025,1,4,False,True,False,False,True,False,True,False
-0.0221760631461638,-1.6670095901543178,-0.9860968966894269,-1.6234960398625489,0.10886254777533654,-1.131458290558308,2025,1,5,True,False,False,True,False,False,False,False
-1.0121788821713247,1.6032102980404561,-0.2957186084807148,-1.3063326344037405,-0.6686036718549063,-0.04015430236616024,2025,1,6,False,True,False,False,False,True,True,False
-0.0221760631461638,-1.2177723948747157,-1.3805987756658338,1.548138014725536,0.2816328188042792,-0.7678335376325668,2025,1,7,False,True,False,False,True,False,True,False
-1.0121788821713247,1.0987269134163282,-1.3805987756658338,0.27948439289030197,0.7999436318911078,-0.08483388353501393,2025,1,8,False,False,True,False,False,False,True,False
-0.5171774726587443,-0.7799980452986834,1.282288907424913,-1.6234960398625489,-1.4460698914851493,-0.8018926632611462,2025,1,9,False,True,False,True,False,False,True,False
-1.507180291683905,-0.5214931486331225,0.1974087402397941,-1.6234960398625489,1.3182544449779365,-1.0339956592534547,2025,1,10,True,False,False,True,False,False,False,True
-1.507180291683905,-0.9844975761237134,1.479539846913117,0.9138112038079189,-0.7549888073693778,-1.1335946596496462,2025,1,11,False,True,False,False,False,False,False,False
1.4628281653915773,0.29018268347997694,-0.59159501771302,-1.3063326344037405,-0.40944826531149214,1.4538307035767142,2025,1,12,False,True,False,False,False,False,True,False
0.967826755878997,-0.5304743473287031,0.5919106192162009,1.548138014725536,-0.5822185363404352,-0.026132845456341394,2025,1,13,True,False,False,True,False,False,False,False
0.967826755878997,0.5385837316130098,-1.0847223664335286,-0.6720058234861235,1.2318693094634654,1.4872513740745485,2025,1,14,False,False,True,False,False,True,False,True
0.4728253463664166,-1.6796541725283591,0.3946596797279975,1.548138014725536,-1.1005293494272637,-1.1346137322621814,2025,1,15,True,False,False,True,False,False,True,False
-0.5171774726587443,-1.5111976101526987,-1.281973305921732,-0.989169228944932,-1.6188401625140922,-1.0659798057071133,2025,1,16,False,False,True,False,False,False,True,False
1.4628281653915773,-1.3892423857600773,-1.7751006546422408,1.548138014725536,1.6637949870358226,-0.6202644565475289,2025,1,17,False,True,False,False,False,True,False,True
0.967826755878997,-0.285441248706513,1.479539846913117,-0.6720058234861235,1.6637949870358226,0.03358726523486633,2025,1,18,False,False,True,False,True,False,False,True
-1.0121788821713247,1.0827143815314444,0.09878327049569227,1.548138014725536,-0.8413739428838494,-0.27231868827488653,2025,1,19,False,True,False,True,False,False,True,False
-0.5171774726587443,1.3363150710145502,1.3809143771690149,1.548138014725536,-1.7052252980285638,0.0887154101780245,2025,1,20,False,False,True,False,False,False,True,False
-1.507180291683905,-0.8875360823115567,-0.59159501771302,0.27948439289030197,0.5407882253476938,-1.0793136955530531,2025,1,21,True,False,False,False,True,False,True,False
-1.0121788821713247,0.25165806802261803,-0.6902204874571217,1.2309746092667273,0.5407882253476938,-0.48311938327022863,2025,1,22,False,False,False,True,False,False,True,False
1.4628281653915773,0.9221754548479405,-0.3943440782248163,-1.3063326344037405,1.5774098515213508,2.18295874087058,2025,1,23,True,False,False,True,False,False,False,False
1.4628281653915773,-0.7353283991548745,0.6905360889603027,-1.3063326344037405,-0.6686036718549063,-0.06439104136789622,2025,1,24,False,True,False,False,False,True,True,False
-0.5171774726587443,-0.3199479594842702,0.1974087402397941,0.9138112038079189,-1.014144213912792,-0.5009838489477999,2025,1,25,False,True,False,False,False,False,True,False
-1.507180291683905,0.07741099596164902,1.3809143771690149,-0.037679012568506524,0.4544030898332222,-0.9818142302983494,2025,1,26,False,False,True,False,True,False,False,False
0.967826755878997,-1.2675235087015504,-1.676475184898139,1.548138014725536,0.2816328188042792,-0.5654187052198923,2025,1,27,True,False,False,True,False,False,False,True
-1.0121788821713247,-1.6439066382466072,0.6905360889603027,0.27948439289030197,0.7999436318911078,-1.1946285145521942,2025,1,28,False,False,True,False,False,True,True,False
-1.0121788821713247,-1.2055414203353394,-0.59159501771302,-0.354842418027315,1.3182544449779365,-1.0246643919579534,2025,1,29,False,True,False,False,True,False,True,False
-1.507180291683905,0.4330546469399373,-1.1833478361776304,-0.354842418027315,0.19524768328980804,-0.8097014606294866,2025,1,30,False,True,False,False,True,False,False,True
-1.0121788821713247,-1.4792316332164543,0.00015780075159044688,-0.6720058234861235,-1.186914484941735,-1.133324544017408,2025,1,31,False,True,False,True,False,False,False,False
0.967826755878997,-1.078032033591504,0.00015780075159044688,0.5966477983491104,0.3680179543187507,-0.48929520886185635,2025,2,1,False,False,False,False,True,False,True,False
0.967826755878997,-0.5659264474428373,-1.281973305921732,0.27948439289030197,-0.40944826531149214,0.23790518505649152,2025,2,2,False,False,True,True,False,False,True,False
0.967826755878997,-1.4645780985026122,-1.0847223664335286,1.2309746092667273,-0.150292858768078,-0.8354115576252491,2025,2,3,False,False,False,False,False,True,True,False
-1.507180291683905,-1.0711188740692477,-0.3943440782248163,-1.3063326344037405,1.5774098515213508,-1.116000309604313,2025,2,4,False,True,False,False,False,True,False,False
-0.0221760631461638,1.4161413831048755,-0.3943440782248163,-1.3063326344037405,0.19524768328980804,1.064680023404464,2025,2,5,True,False,False,False,True,False,True,False
-0.0221760631461638,-1.6670095901543178,-0.6902204874571217,-0.037679012568506524,-1.186914484941735,-1.135338133275911,2025,2,6,False,False,True,True,False,False,True,False
1.4628281653915773,0.5249346730690682,-1.281973305921732,1.548138014725536,-0.150292858768078,1.9933252890560857,2025,2,7,False,True,False,False,False,False,True,False
1.4628281653915773,-0.4049739129246685,-1.7751006546422408,-1.6234960398625489,-0.9277590783983208,0.8114220622145917,2025,2,8,False,False,True,False,False,True,True,False
-1.0121788821713247,0.591348273949546,1.5781653166572187,0.27948439289030197,-1.2732996204562066,-0.5881943642108853,2025,2,9,False,False,False,True,False,False,False,False
0.967826755878997,0.3011137476818351,1.479539846913117,0.5966477983491104,0.7135584963766364,0.5235647441316635,2025,2,10,False,False,False,True,False,False,True,False
-1.0121788821713247,-0.9611582768819085,-0.09846766899251111,1.2309746092667273,0.4544030898332222,-0.9531942512643845,2025,2,11,False,False,True,True,False,False,True,False
-1.507180291683905,1.194743017892108,1.6767907864013198,0.5966477983491104,0.022477412260865026,-0.842741513645531,2025,2,12,False,True,False,False,True,False,False,True
-1.0121788821713247,-0.03325864322797261,0.5919106192162009,-0.989169228944932,-0.23667799428254913,-0.6851658761843964,2025,2,13,False,True,False,False,False,False,False,False
0.4728253463664166,1.109421630284092,-1.5778497151540374,0.27948439289030197,-0.5822185363404352,1.7348737409372699,2025,2,14,False,False,False,False,True,False,True,False
-0.0221760631461638,-0.3302881553508926,-1.3805987756658338,-1.6234960398625489,-1.359684755970678,-0.059676295787011516,2025,2,15,False,True,False,False,False,True,False,False
-1.0121788821713247,1.6699193330885513,1.3809143771690149,1.548138014725536,-0.6686036718549063,-0.26333120451132497,2025,2,16,False,False,True,False,True,False,True,False
-1.0121788821713247,0.9295613090383852,0.3946596797279975,-0.989169228944932,1.2318693094634654,-0.35819090336006465,2025,2,17,False,False,True,True,False,False,False,False
-0.5171774726587443,1.6051601635467336,1.1836634376808113,-0.037679012568506524,0.9727139029200506,0.24541931082602683,2025,2,18,True,False,False,False,True,False,False,False
-1.0121788821713247,0.044086021854363076,1.282288907424913,0.9138112038079189,1.6637949870358226,-0.7150382095132838,2025,2,19,False,False,False,True,False,False,False,False
0.4728253463664166,-0.0963633814311313,-0.19709313873661294,-0.354842418027315,0.5407882253476938,0.2560888782994352,2025,2,20,False,True,False,False,False,False,False,False
-0.0221760631461638,0.8775648955376552,-1.5778497151540374,-0.354842418027315,0.19524768328980804,0.9489845869235328,2025,2,21,False,True,False,False,True,False,True,False
-0.5171774726587443,1.3090760407601905,-1.0847223664335286,0.9138112038079189,-0.6686036718549063,0.5651993854461956,2025,2,22,False,True,False,False,True,False,False,False
-1.507180291683905,1.5989560460267598,-1.5778497151540374,0.9138112038079189,-1.4460698914851493,-0.5535336174014118,2025,2,23,True,False,False,False,True,False,True,False
1.4628281653915773,-0.6118960039241642,-1.0847223664335286,-0.037679012568506524,0.4544030898332222,0.3871931838012272,2025,2,24,False,True,False,True,False,False,True,False
-1.507180291683905,1.0270545843522538,-0.3943440782248163,-0.354842418027315,0.022477412260865026,-0.7410429781078515,2025,2,25,False,True,False,True,False,False,False,True
-0.0221760631461638,-1.0055915756916232,-1.3805987756658338,1.2309746092667273,0.8863287674055794,-0.5985324261356381,2025,2,26,False,False,True,False,True,False,False,False
1.4628281653915773,0.15209675353542507,-1.1833478361776304,-1.3063326344037405,-0.3230631297970206,1.4493983516113509,2025,2,27,False,False,False,False,True,False,False,True
-1.507180291683905,-1.1120660497010726,-0.19709313873661294,1.548138014725536,1.6637949870358226,-1.1262647036293645,2025,2,28,False,True,False,False,False,False,True,False
0.4728253463664166,-0.532896907503169,-0.59159501771302,0.5966477983491104,-0.3230631297970206,-0.07130354595653723,2025,3,1,True,False,False,False,False,False,False,False
-1.0121788821713247,1.4855684124950546,-0.19709313873661294,0.5966477983491104,-0.5822185363404352,-0.09546661705857197,2025,3,2,False,False,False,False,False,True,True,False
-0.0221760631461638,-1.2287625459100973,-0.2957186084807148,0.27948439289030197,1.3182544449779365,-0.8308809817936175,2025,3,3,False,True,False,False,False,False,False,False
1.4628281653915773,0.45219878100156974,0.49328514947209934,0.5966477983491104,-0.3230631297970206,1.2972864167113982,2025,3,4,False,True,False,False,False,False,True,False
-0.5171774726587443,0.3158854560627243,1.479539846913117,-0.989169228944932,1.3182544449779365,-0.3571718307475296,2025,3,5,False,True,False,False,False,False,True,False
-1.0121788821713247,-1.316388320025532,-1.3805987756658338,-0.989169228944932,-1.6188401625140922,-1.0483854556617802,2025,3,6,True,False,False,True,False,False,True,False
-1.507180291683905,-0.6069327099081856,-1.4792242454099356,-1.3063326344037405,0.7135584963766364,-1.0052651783699378,2025,3,7,False,True,False,False,False,False,False,False
-1.507180291683905,0.21224715006240558,1.1836634376808113,-1.6234960398625489,-1.4460698914851493,-0.9542992697599044,2025,3,8,False,False,False,False,False,False,True,False
-0.5171774726587443,-1.0867177981194667,0.00015780075159044688,-0.989169228944932,-1.186914484941735,-0.8742099848012803,2025,3,9,True,False,False,False,True,False,False,True
0.4728253463664166,1.0336723097068923,0.8877870284485064,-0.989169228944932,0.7135584963766364,0.9159076999576378,2025,3,10,True,False,False,True,False,False,True,False
-0.5171774726587443,1.6266086841157847,-0.9860968966894269,0.27948439289030197,-0.6686036718549063,0.7277844400870204,2025,3,11,False,True,False,False,False,True,True,False
-0.0221760631461638,-0.9914107356459696,1.0850379679367095,1.2309746092667273,-1.014144213912792,-0.7598774044648237,2025,3,12,True,False,False,False,False,True,True,False
-0.5171774726587443,-1.0876631874558436,1.3809143771690149,0.9138112038079189,1.0590990384345225,-0.9388167328393425,2025,3,13,False,False,True,False,False,False,False,True
-1.507180291683905,-0.16118163780647324,0.3946596797279975,-1.6234960398625489,1.5774098515213508,-0.9810038834016348,2025,3,14,False,False,True,False,False,True,True,False
0.4728253463664166,0.8509758204520546,-1.3805987756658338,0.5966477983491104,-0.9277590783983208,1.4161741288460534,2025,3,15,False,False,True,False,False,True,True,False
0.4728253463664166,-0.760322129735339,1.282288907424913,-1.6234960398625489,-0.5822185363404352,-0.488890035413499,2025,3,16,True,False,False,False,False,True,False,False
0.967826755878997,-1.665000637814517,0.9864124981926082,-0.989169228944932,0.7999436318911078,-1.1090018591326873,2025,3,17,False,False,False,False,False,False,True,False
-0.5171774726587443,0.13702961098691802,0.7891615587044045,-0.6720058234861235,1.1454841739489936,-0.3463794834412855,2025,3,18,False,False,True,False,False,True,False,False
-0.0221760631461638,1.572839665609348,-1.676475184898139,1.548138014725536,1.7501801225502938,1.5435582054129282,2025,3,19,False,False,True,False,False,False,True,False
-1.507180291683905,-0.3812210058481986,0.9864124981926082,0.5966477983491104,-0.7549888073693778,-1.0346341143841995,2025,3,20,False,True,False,False,True,False,False,False
-1.0121788821713247,-0.28148243086043495,-1.281973305921732,-1.6234960398625489,0.19524768328980804,-0.6418982630931513,2025,3,21,False,True,False,False,True,False,True,False
0.4728253463664166,1.6153821857463084,-0.9860968966894269,-1.3063326344037405,-1.2732996204562066,2.0357457213007653,2025,3,22,False,True,False,False,False,True,False,False
-0.5171774726587443,0.6672748550273166,0.1974087402397941,1.548138014725536,-0.5822185363404352,-0.008648997260560207,2025,3,23,False,False,True,False,True,False,False,False
0.967826755878997,0.7521826348006678,-0.8874714269453252,-0.354842418027315,-1.5324550269996209,1.6707212782806993,2025,3,24,True,False,False,False,False,False,False,False
-0.0221760631461638,0.21130176072602885,0.49328514947209934,-0.037679012568506524,-1.014144213912792,0.05130439511303484,2025,3,25,True,False,False,False,True,False,False,False
-0.0221760631461638,1.6351171881431765,0.2960342099838957,-0.354842418027315,0.022477412260865026,1.0200372761854608,2025,3,26,False,False,False,False,False,True,False,True
1.4628281653915773,0.6474216789634015,-1.3805987756658338,-0.989169228944932,-1.1005293494272637,2.1985026677075594,2025,3,27,False,False,False,False,False,False,True,False
-1.507180291683905,1.3600088912574964,0.49328514947209934,1.2309746092667273,1.4046395804924077,-0.7410675340744187,2025,3,28,False,False,False,True,False,False,True,False
0.4728253463664166,0.6837600815803888,1.3809143771690149,0.27948439289030197,0.7135584963766364,0.5203356345280886,2025,3,29,False,True,False,False,False,False,False,False
-1.507180291683905,0.8072515636446227,-1.1833478361776304,-1.6234960398625489,-1.6188401625140922,-0.7366106261424884,2025,3,30,False,False,True,False,True,False,False,False
0.967826755878997,-0.7298924104707073,0.2960342099838957,-1.3063326344037405,1.3182544449779365,-0.1742298798225721,2025,3,31,False,True,False,True,False,False,True,False
-1.0121788821713247,-0.6846909828251864,-0.59159501771302,1.548138014725536,1.6637949870358226,-0.8341837592968937,2025,4,1,False,True,False,False,False,False,False,False
-1.0121788821713247,0.9727537843441052,-0.19709313873661294,0.9138112038079189,0.022477412260865026,-0.2744918913160756,2025,4,2,False,True,False,True,False,False,True,False
-1.0121788821713247,-0.7081484557340384,-0.7888459572012234,-0.6720058234861235,-0.5822185363404352,-0.8334961922330146,2025,4,3,False,True,False,True,False,False,False,False
-0.0221760631461638,0.2115381080601232,-0.59159501771302,0.5966477983491104,-0.7549888073693778,0.23741406572514953,2025,4,4,True,False,False,True,False,False,False,True
0.4728253463664166,-0.8718189845942906,-1.676475184898139,0.9138112038079189,-1.4460698914851493,-0.2725396919739906,2025,4,5,False,False,True,False,False,False,False,False
-1.507180291683905,1.0902774962224595,1.5781653166572187,0.27948439289030197,0.022477412260865026,-0.8507958706795424,2025,4,6,False,True,False,False,True,False,True,False
-1.507180291683905,-1.3517813333061426,0.3946596797279975,-1.6234960398625489,-1.5324550269996209,-1.173976946669256,2025,4,7,False,False,True,False,False,False,False,False
0.967826755878997,1.1333517978611325,0.00015780075159044688,-0.354842418027315,0.022477412260865026,1.771523521038679,2025,4,8,True,False,False,False,True,False,False,False
-1.0121788821713247,0.3496831248381989,-0.4929695479689182,-0.037679012568506524,-0.8413739428838494,-0.4649234120440012,2025,4,9,False,True,False,False,False,False,True,False
0.4728253463664166,-1.0876631874558436,0.09878327049569227,1.548138014725536,-0.06390772325360648,-0.6319530966334724,2025,4,10,True,False,False,False,False,False,False,False
0.4728253463664166,0.13986577899604852,-0.4929695479689182,0.5966477983491104,-0.23667799428254913,0.5234174083322607,2025,4,11,False,True,False,False,False,False,False,True
0.967826755878997,-0.757249614392114,-0.4929695479689182,1.2309746092667273,-0.6686036718549063,-0.09493866377737906,2025,4,12,True,False,False,False,True,False,True,False
-0.5171774726587443,-0.6156184744361485,-0.19709313873661294,0.5966477983491104,-0.150292858768078,-0.6183490911552945,2025,4,13,True,False,False,False,False,False,True,False
0.4728253463664166,-0.5186569806239918,-0.7888459572012234,0.9138112038079189,-0.06390772325360648,-0.031191374569165726,2025,4,14,False,True,False,True,False,False,True,False
0.4728253463664166,-1.514860993831159,-1.1833478361776304,0.9138112038079189,1.1454841739489936,-0.9499405856942426,2025,4,15,False,True,False,False,False,False,False,False
-1.507180291683905,1.6743508456028182,0.09878327049569227,-0.6720058234861235,0.6271733608621652,-0.6617026501295243,2025,4,16,True,False,False,True,False,False,False,True
0.967826755878997,-1.6247034173514512,1.0850379679367095,-0.037679012568506524,-0.23667799428254913,-1.0752865170360475,2025,4,17,False,False,False,False,False,True,False,False
0.4728253463664166,0.5562506948365533,-1.281973305921732,-0.989169228944932,1.4046395804924077,1.0974990727214045,2025,4,18,False,True,False,False,False,True,True,False
0.4728253463664166,-0.45052986157133085,-1.676475184898139,-1.6234960398625489,0.8863287674055794,0.1607871720524877,2025,4,19,False,False,True,False,True,False,False,False
-1.507180291683905,0.49929098731984467,-0.8874714269453252,-0.037679012568506524,-1.4460698914851493,-0.8112362085399308,2025,4,20,False,False,True,False,True,False,False,False
0.4728253463664166,-0.5022899277379665,1.5781653166572187,-1.6234960398625489,-1.186914484941735,-0.34505346124666164,2025,4,21,False,False,False,False,False,True,False,False
-1.507180291683905,0.5951298312950536,1.0850379679367095,0.9138112038079189,-1.4460698914851493,-0.8935846424227288,2025,4,22,False,False,True,False,False,False,True,False
-0.5171774726587443,0.7869256929125191,0.2960342099838957,1.548138014725536,-0.5822185363404352,0.03475367364680376,2025,4,23,True,False,False,False,False,False,False,False
-0.0221760631461638,0.6532121886487102,1.479539846913117,-0.037679012568506524,-0.23667799428254913,0.1283732961839045,2025,4,24,False,False,True,False,False,False,True,False
1.4628281653915773,-1.3397867061008604,-0.19709313873661294,-1.6234960398625489,0.022477412260865026,-0.6606344655838551,2025,4,25,False,False,False,False,False,True,True,False
-1.507180291683905,0.5368702134408265,1.5781653166572187,1.548138014725536,1.2318693094634654,-0.9266983633384746,2025,4,26,True,False,False,True,False,False,False,False
-1.507180291683905,-0.7659353789200769,-0.7888459572012234,-0.989169228944932,-1.6188401625140922,-1.052682749811024,2025,4,27,False,True,False,False,True,False,False,True
0.4728253463664166,-1.63415731071522,-0.9860968966894269,-1.6234960398625489,-0.23667799428254913,-1.0703630457393423,2025,4,28,False,True,False,True,False,False,True,False
-1.507180291683905,-0.2997993492527373,0.3946596797279975,-1.3063326344037405,-0.3230631297970206,-1.0034725928105388,2025,4,29,False,False,True,False,False,True,False,True
0.967826755878997,-0.23515835337796623,-0.4929695479689182,-0.037679012568506524,1.5774098515213508,0.47137103719327467,2025,4,30,False,False,True,True,False,False,True,False
-1.0121788821713247,-0.11887546500360645,0.3946596797279975,0.27948439289030197,-0.8413739428838494,-0.6980454806488448,2025,5,1,False,True,False,False,False,False,False,False
-1.0121788821713247,0.7025496946408799,-0.6902204874571217,-1.6234960398625489,-1.2732996204562066,-0.3163475363297119,2025,5,2,True,False,False,False,False,False,True,False
-0.5171774726587443,-0.6661968039323131,0.3946596797279975,1.2309746092667273,-1.186914484941735,-0.6880757582225987,2025,5,3,True,False,False,True,False,False,True,False
-1.507180291683905,-0.6439210676939321,-0.7888459572012234,-0.354842418027315,0.10886254777533654,-1.029857978886897,2025,5,4,False,True,False,False,False,True,False,False
0.967826755878997,-1.5244330608619752,-1.5778497151540374,-0.037679012568506524,-0.3230631297970206,-0.8862424084191635,2025,5,5,False,False,False,True,False,False,False,False
0.4728253463664166,0.6403312589405747,1.3809143771690149,-0.6720058234861235,0.8863287674055794,0.4896529543024867,2025,5,6,False,True,False,False,False,False,False,False
0.4728253463664166,0.2290278107830959,1.282288907424913,-0.037679012568506524,-0.5822185363404352,0.22037222492757616,2025,5,7,False,True,False,False,False,False,False,False
1.4628281653915773,-0.5259246611473892,1.5781653166572187,-0.354842418027315,-1.2732996204562066,-0.0056654473226566,2025,5,8,True,False,False,False,False,True,False,False
-0.0221760631461638,0.7038496049783983,0.6905360889603027,1.548138014725536,-0.40944826531149214,0.3245509130885334,2025,5,9,False,False,True,True,False,False,False,True
-0.5171774726587443,0.12367598661059423,0.5919106192162009,0.27948439289030197,1.3182544449779365,-0.3282694580980431,2025,5,10,False,True,False,False,False,False,False,False
0.967826755878997,-0.1117259581472562,0.1974087402397941,-0.6720058234861235,-0.3230631297970206,0.4559621681724142,2025,5,11,False,False,True,False,False,False,True,False
0.967826755878997,0.03368673915421714,-1.3805987756658338,-1.6234960398625489,1.1454841739489936,0.9712445706166165,2025,5,12,True,False,False,True,False,False,True,False
1.4628281653915773,0.4658478395455114,-1.0847223664335286,-1.3063326344037405,-0.40944826531149214,1.845105474857019,2025,5,13,False,True,False,True,False,False,True,False
1.4628281653915773,0.5476240171421142,-0.7888459572012234,-0.037679012568506524,-0.7549888073693778,1.8523126510444652,2025,5,14,False,True,False,False,True,False,False,False
0.4728253463664166,-0.7349147913202096,1.282288907424913,1.2309746092667273,0.9727139029200506,-0.4706695082207045,2025,5,15,True,False,False,False,False,True,True,False
-0.0221760631461638,-1.2472567248029705,-1.1833478361776304,1.548138014725536,-1.014144213912792,-0.8009227025817455,2025,5,16,False,True,False,False,False,True,True,False
0.4728253463664166,-1.1923059696260627,1.3809143771690149,-1.3063326344037405,-0.9277590783983208,-0.8051217728647208,2025,5,17,False,False,False,True,False,False,True,False
-0.0221760631461638,0.47636529591270466,0.00015780075159044688,-0.354842418027315,-1.5324550269996209,0.31648427807123836,2025,5,18,False,False,True,False,False,True,False,False
-1.0121788821713247,1.2834323550109668,0.6905360889603027,-0.6720058234861235,-1.014144213912792,-0.28220246481814765,2025,5,19,False,False,False,False,False,False,True,False
0.967826755878997,-0.3182344413120871,-1.3805987756658338,0.27948439289030197,-0.40944826531149214,0.5500360760910064,2025,5,20,False,True,False,True,False,False,True,False
1.4628281653915773,-1.1477544971493008,-0.8874714269453252,-0.6720058234861235,-0.3230631297970206,-0.3573191665469323,2025,5,21,False,False,False,True,False,False,False,False
-1.0121788821713247,0.8815237133837335,1.5781653166572187,0.27948439289030197,-0.23667799428254913,-0.5085961985836036,2025,5,22,True,False,False,True,False,False,False,False
0.4728253463664166,1.1438692542283255,-0.8874714269453252,1.548138014725536,-0.06390772325360648,1.5542277728863367,2025,5,23,False,True,False,False,True,False,True,False
-0.5171774726587443,1.3100805169300906,-0.7888459572012234,0.5966477983491104,0.2816328188042792,0.5071981924146859,2025,5,24,False,True,False,False,False,True,False,False
-1.507180291683905,0.3638639648838524,-1.0847223664335286,0.27948439289030197,-1.014144213912792,-0.8277623740395947,2025,5,25,False,True,False,False,True,False,True,False
-0.5171774726587443,1.2414807032092412,-1.281973305921732,-1.3063326344037405,0.4544030898332222,0.5642048688002278,2025,5,26,False,False,True,False,False,False,False,True
-0.5171774726587443,-1.6804223013641653,-0.9860968966894269,1.548138014725536,-0.5822185363404352,-1.1688447496567305,2025,5,27,True,False,False,False,False,True,True,False
-1.507180291683905,-1.3630669185091417,0.3946596797279975,-1.6234960398625489,0.7999436318911078,-1.1758063661785056,2025,5,28,False,True,False,False,True,False,False,True
0.967826755878997,-1.4137043348388298,-0.19709313873661294,-0.354842418027315,0.19524768328980804,-0.822274115511846,2025,5,29,True,False,False,True,False,False,False,True
-1.0121788821713247,0.7294342038940983,0.09878327049569227,0.27948439289030197,0.19524768328980804,-0.3912432343593925,2025,5,30,False,True,False,False,True,False,False,False
-1.0121788821713247,-1.4931761259280136,-1.3805987756658338,-1.6234960398625489,0.6271733608621652,-1.1189224696257989,2025,5,31,True,False,False,True,False,False,True,False
0.967826755878997,-0.018014240178895052,0.9864124981926082,1.548138014725536,-0.5822185363404352,0.36946377593977486,2025,6,1,True,False,False,False,True,False,False,False
-1.507180291683905,-0.09979041777549782,0.8877870284485064,0.5966477983491104,-0.23667799428254913,-0.9889477385860942,2025,6,2,False,False,True,False,True,False,True,False
-0.0221760631461638,-0.6597563390782454,-1.676475184898139,-0.989169228944932,0.2816328188042792,-0.2935841553220025,2025,6,3,False,False,True,False,True,False,False,True
-0.5171774726587443,1.2749238509835747,-0.4929695479689182,0.27948439289030197,-0.23667799428254913,0.4295522261294891,2025,6,4,True,False,False,True,False,False,False,False
0.4728253463664166,-1.1446228949725523,-1.5778497151540374,-0.989169228944932,-0.150292858768078,-0.5601882843410982,2025,6,5,True,False,False,False,True,False,False,True
-1.0121788821713247,-0.5154072047801961,0.9864124981926082,-0.6720058234861235,-0.7549888073693778,-0.85918173326221,2025,6,6,True,False,False,False,False,True,False,False
0.967826755878997,0.9422649782459497,0.7891615587044045,0.5966477983491104,-0.7549888073693778,1.3004173024487042,2025,6,7,False,False,True,False,False,True,False,False
0.4728253463664166,-1.6285440615304823,1.3809143771690149,-1.3063326344037405,0.7135584963766364,-1.1133237092484982,2025,6,8,False,True,False,False,False,True,False,False
1.4628281653915773,0.5924118369529701,-0.9860968966894269,-0.037679012568506524,-1.7052252980285638,1.981194641571934,2025,6,9,False,True,False,True,False,False,True,False
-1.507180291683905,1.088209457049135,-0.19709313873661294,1.2309746092667273,-1.359684755970678,-0.7422093865197892,2025,6,10,False,True,False,True,False,False,False,False
0.4728253463664166,1.4887591015053265,-1.1833478361776304,0.9138112038079189,1.5774098515213508,1.9835151804125255,2025,6,11,True,False,False,False,False,True,False,False
0.4728253463664166,1.295249721715678,-0.4929695479689182,1.2309746092667273,-1.1005293494272637,1.5677826664313805,2025,6,12,True,False,False,False,False,True,False,True
-0.5171774726587443,-0.6297402276482784,0.00015780075159044688,0.9138112038079189,-0.23667799428254913,-0.6406090748483783,2025,6,13,False,False,True,False,False,True,False,False
-1.507180291683905,0.2930779383226313,-1.5778497151540374,-0.354842418027315,1.2318693094634654,-0.8194624573399122,2025,6,14,False,True,False,False,False,False,False,True
0.4728253463664166,-1.4665279640088897,0.6905360889603027,-0.989169228944932,-1.7052252980285638,-0.9729863603174738,2025,6,15,True,False,False,False,False,True,False,True
-1.0121788821713247,-0.8423937414995594,0.09878327049569227,-0.037679012568506524,1.4910247160068797,-0.9203629239641606,2025,6,16,False,False,True,False,True,False,False,False
-1.507180291683905,-1.4080319988205685,1.0850379679367095,0.9138112038079189,-1.5324550269996209,-1.1891157000578785,2025,6,17,False,False,True,False,False,False,True,False
-1.0121788821713247,-0.6442755886950735,-0.7888459572012234,-0.037679012568506524,-1.1005293494272637,-0.8096155147465017,2025,6,18,True,False,False,False,False,False,False,False
0.967826755878997,1.291409077536647,1.3809143771690149,-0.6720058234861235,-1.6188401625140922,1.3896168510037255,2025,6,19,True,False,False,True,False,False,True,False
0.967826755878997,-0.5337241231724987,1.6767907864013198,1.548138014725536,0.10886254777533654,-0.20594391064399264,2025,6,20,False,True,False,False,True,False,True,False
1.4628281653915773,0.2085246795504215,1.3809143771690149,-0.354842418027315,1.5774098515213508,0.758503954262473,2025,6,21,False,False,False,True,False,False,True,False
-0.0221760631461638,-0.23569013487967844,0.8877870284485064,0.27948439289030197,1.2318693094634654,-0.28751883157992664,2025,6,22,False,True,False,True,False,False,False,True
0.967826755878997,-0.14741440559548427,0.9864124981926082,1.2309746092667273,0.5407882253476938,0.25330177609406845,2025,6,23,False,False,False,False,True,False,True,False
0.4728253463664166,1.6176865722537277,0.1974087402397941,-0.989169228944932,-1.1005293494272637,1.6090489682474065,2025,6,24,False,False,True,True,False,False,False,False
-1.507180291683905,-0.7100392344067922,-1.0847223664335286,0.9138112038079189,1.3182544449779365,-1.0352971254815113,2025,6,25,True,False,False,False,True,False,False,True
0.967826755878997,0.43464999144507355,0.5919106192162009,-1.6234960398625489,0.8863287674055794,0.8883681834526257,2025,6,26,False,True,False,False,True,False,False,False
-1.0121788821713247,-0.28171877819452895,0.6905360889603027,0.5966477983491104,-0.7549888073693778,-0.7700435746236065,2025,6,27,True,False,False,True,False,False,False,False
0.4728253463664166,-1.5223650216886508,1.5781653166572187,-0.354842418027315,1.0590990384345225,-1.0445424468940276,2025,6,28,True,False,False,False,False,True,False,False
0.967826755878997,-0.04229892875707697,0.09878327049569227,1.2309746092667273,1.3182544449779365,0.547396309685042,2025,6,29,False,True,False,True,False,False,True,False
-0.5171774726587443,1.077692000681942,-0.8874714269453252,0.9138112038079189,0.7135584963766364,0.3948914793200156,2025,6,30,False,False,True,False,False,False,True,False
-1.0121788821713247,-1.392373987936826,0.5919106192162009,-1.3063326344037405,-1.359684755970678,-1.1144410057273018,2025,7,1,False,False,False,True,False,False,False,True
1.4628281653915773,-1.4931761259280136,1.5781653166572187,-1.6234960398625489,1.6637949870358226,-0.9342370450745768,2025,7,2,True,False,False,False,True,False,True,False
1.4628281653915773,-1.2027052523262085,-1.1833478361776304,1.2309746092667273,-1.4460698914851493,-0.403017820328321,2025,7,3,False,False,True,False,False,False,False,False
1.4628281653915773,0.9084673094704754,-0.6902204874571217,0.27948439289030197,0.5407882253476938,2.284976503973632,2025,7,4,False,True,False,False,True,False,False,False
-1.0121788821713247,0.7688451218543108,0.09878327049569227,1.2309746092667273,-1.359684755970678,-0.377983012413154,2025,7,5,True,False,False,False,False,True,True,False
1.4628281653915773,0.21933757008523266,-1.1833478361776304,1.548138014725536,1.4046395804924077,1.541335890438605,2025,7,6,False,True,False,False,False,True,False,True
-0.0221760631461638,-0.1152711681586694,-1.676475184898139,0.9138112038079189,-0.49583340082596367,0.15445173267817364,2025,7,7,True,False,False,False,False,False,False,False
-0.5171774726587443,1.3368468525162618,-0.59159501771302,-0.354842418027315,0.022477412260865026,0.48282639559683066,2025,7,8,False,False,False,False,False,True,True,False
-0.0221760631461638,0.9164440319961554,1.1836634376808113,1.548138014725536,-1.1005293494272637,0.34326255961267,2025,7,9,False,False,True,False,False,True,False,True
0.967826755878997,1.0728468803330105,-1.5778497151540374,-0.6720058234861235,0.19524768328980804,2.2872110969312387,2025,7,10,False,True,False,True,False,False,False,False
-0.5171774726587443,1.0773965665143241,-0.2957186084807148,-0.6720058234861235,1.5774098515213508,0.2862681612104116,2025,7,11,True,False,False,True,False,False,False,False
-1.0121788821713247,0.48788722844979815,0.8877870284485064,0.5966477983491104,1.4046395804924077,-0.5493591030850034,2025,7,12,True,False,False,False,False,True,False,False
-0.0221760631461638,-0.15054600777223295,1.479539846913117,-1.6234960398625489,-1.4460698914851493,-0.3192328624013472,2025,7,13,True,False,False,False,False,True,True,False
0.4728253463664166,1.2551297617531831,1.5781653166572187,-1.6234960398625489,-0.40944826531149214,0.8600551540007497,2025,7,14,False,False,True,True,False,False,False,False
-0.5171774726587443,1.4670742336021814,-0.2957186084807148,0.5966477983491104,-0.7549888073693778,0.4927470060899423,2025,7,15,False,False,True,False,False,True,True,False
-1.0121788821713247,-1.6514106661040988,1.479539846913117,-1.3063326344037405,-0.06390772325360648,-1.202646037636355,2025,7,16,True,False,False,False,False,True,False,False
-1.507180291683905,-1.5555127352953662,-1.676475184898139,1.2309746092667273,1.1454841739489936,-1.195352915565924,2025,7,17,True,False,False,False,True,False,False,False
-0.5171774726587443,1.5802255197997925,0.7891615587044045,-0.037679012568506524,0.8863287674055794,0.3193818821261573,2025,7,18,False,True,False,False,False,True,False,True
-0.5171774726587443,-0.7756847064514638,0.3946596797279975,-1.3063326344037405,-0.49583340082596367,-0.7413130937400897,2025,7,19,False,True,False,False,False,False,False,False
0.967826755878997,1.2851458731831495,-0.8874714269453252,-0.354842418027315,-0.40944826531149214,2.2753996770124596,2025,7,20,True,False,False,False,True,False,True,False
0.4728253463664166,-0.3897885967091144,0.00015780075159044688,-0.989169228944932,0.5407882253476938,-0.02976712850827348,2025,7,21,True,False,False,False,False,False,False,True
0.967826755878997,-1.3220606560437933,-1.281973305921732,0.27948439289030197,-1.014144213912792,-0.6576877495958021,2025,7,22,False,False,True,False,False,True,False,False
1.4628281653915773,-1.4556559866405552,1.282288907424913,0.9138112038079189,-1.359684755970678,-0.8822152299021576,2025,7,23,False,False,True,True,False,False,False,False
-0.5171774726587443,-1.1927195774607275,-0.4929695479689182,-1.3063326344037405,-0.8413739428838494,-0.9087725077444854,2025,7,24,False,True,False,False,True,False,True,False
-0.5171774726587443,-0.8699282059215369,0.3946596797279975,0.27948439289030197,-1.2732996204562066,-0.7871468053375976,2025,7,25,True,False,False,True,False,False,False,True
1.4628281653915773,-0.045135096766207805,-1.1833478361776304,0.5966477983491104,-0.49583340082596367,1.1797247267713669,2025,7,26,False,True,False,False,True,False,False,True
0.4728253463664166,0.6910868489373099,-1.0847223664335286,1.2309746092667273,1.5774098515213508,1.1783618706268923,2025,7,27,False,True,False,True,False,False,False,False
0.4728253463664166,1.6758280164409072,1.6767907864013198,0.5966477983491104,-1.2732996204562066,1.1121958187118188,2025,7,28,False,False,True,False,True,False,False,True
-0.0221760631461638,-0.20762388895598896,0.7891615587044045,0.27948439289030197,1.1454841739489936,-0.2570694330367123,2025,7,29,False,True,False,False,True,False,True,False
-1.0121788821713247,0.057439646230686855,1.5781653166572187,-0.6720058234861235,0.10886254777533654,-0.7346461488171199,2025,7,30,True,False,False,False,False,False,False,True
-1.0121788821713247,0.06996605493768092,-0.7888459572012234,-0.6720058234861235,0.4544030898332222,-0.542458876479646,2025,7,31,False,True,False,True,False,False,False,False
-0.0221760631461638,0.13088458030046798,-1.1833478361776304,1.2309746092667273,-1.1005293494272637,0.2758318754193906,2025,8,1,False,False,False,False,False,False,True,False
-1.0121788821713247,0.05590338855907443,0.00015780075159044688,0.9138112038079189,-1.186914484941735,-0.6101719542884473,2025,8,2,True,False,False,False,False,False,False,False
-0.5171774726587443,-1.7034070796048288,-0.09846766899251111,1.2309746092667273,-1.1005293494272637,-1.188710526609521,2025,8,3,False,True,False,True,False,False,False,False
-0.0221760631461638,-1.7277508550165344,-1.1833478361776304,0.9138112038079189,0.6271733608621652,-1.1763343194596985,2025,8,4,True,False,False,False,True,False,True,False
-0.0221760631461638,-1.3961555452823335,0.7891615587044045,-0.354842418027315,0.8863287674055794,-0.9881128357228126,2025,8,5,False,False,True,False,False,False,True,False
-1.0121788821713247,-1.3826837472389626,-0.4929695479689182,0.27948439289030197,1.4910247160068797,-1.0912847292545185,2025,8,6,False,False,False,True,False,False,True,False
-1.507180291683905,0.7027860419749742,-1.0847223664335286,0.27948439289030197,-0.3230631297970206,-0.7622716112051168,2025,8,7,False,True,False,False,True,False,True,False
-1.0121788821713247,-1.0253856649220148,-0.59159501771302,0.9138112038079189,-0.150292858768078,-0.9587807336584017,2025,8,8,False,False,False,False,False,False,True,False
0.967826755878997,1.358945328254072,0.1974087402397941,0.27948439289030197,-0.06390772325360648,1.9228373870252007,2025,8,9,False,False,False,False,False,False,True,False
-1.507180291683905,1.476055432297762,0.6905360889603027,0.5966477983491104,-0.7549888073693778,-0.7362054526941312,2025,8,10,False,False,False,False,False,False,True,False
-0.0221760631461638,1.6395487006574434,-0.09846766899251111,0.27948439289030197,-0.5822185363404352,1.1380532515069839,2025,8,11,True,False,False,False,True,False,False,True
-1.507180291683905,1.5122756612477022,0.00015780075159044688,1.548138014725536,1.2318693094634654,-0.6820472684303737,2025,8,12,True,False,False,False,False,False,False,False
-0.5171774726587443,-0.7939425380102427,-1.281973305921732,-0.6720058234861235,-0.49583340082596367,-0.6412106960292723,2025,8,13,True,False,False,False,True,False,True,False
0.4728253463664166,0.02836892413709716,1.3809143771690149,-1.3063326344037405,1.3182544449779365,0.05729605095540942,2025,8,14,False,False,True,False,False,True,False,True
-1.507180291683905,-1.1272513659166268,1.479539846913117,-0.989169228944932,-0.6686036718549063,-1.1534727145857204,2025,8,15,True,False,False,False,False,False,False,False
0.967826755878997,1.052993704269095,0.5919106192162009,0.27948439289030197,-0.49583340082596367,1.474273545743832,2025,8,16,False,False,True,False,False,True,False,False
0.4728253463664166,1.3372013735174035,-1.676475184898139,1.548138014725536,0.19524768328980804,1.9996238944805484,2025,8,17,True,False,False,True,False,False,False,False
-0.5171774726587443,1.2088056842707144,0.09878327049569227,1.548138014725536,-1.359684755970678,0.28031333931788766,2025,8,18,False,False,True,False,False,False,True,False
0.967826755878997,-0.23574922171320195,0.3946596797279975,0.9138112038079189,1.4910247160068797,0.2926895464677105,2025,8,19,False,False,True,True,False,False,True,False
1.4628281653915773,0.8886732202400838,1.6767907864013198,1.548138014725536,1.1454841739489936,1.3129408453979299,2025,8,20,False,True,False,True,False,False,True,False
0.4728253463664166,-1.3964509794499513,1.6767907864013198,-1.3063326344037405,0.6271733608621652,-0.9626237424261541,2025,8,21,False,False,True,True,False,False,False,False
1.4628281653915773,-1.5946282190879606,1.1836634376808113,0.27948439289030197,1.7501801225502938,-1.0183780645167737,2025,8,22,True,False,False,False,False,True,False,False
-0.5171774726587443,0.8698836071795927,-1.5778497151540374,-0.6720058234861235,-1.6188401625140922,0.39448630587165817,2025,8,23,False,False,True,False,True,False,False,False
0.4728253463664166,-0.26346094663575004,1.479539846913117,0.27948439289030197,-0.3230631297970206,-0.16508278227632417,2025,8,24,True,False,False,False,False,True,True,False
0.4728253463664166,1.7074985592095335,0.2960342099838957,-0.354842418027315,1.2318693094634654,1.6470247705434393,2025,8,25,True,False,False,False,False,True,False,False
-1.0121788821713247,-1.397573629286899,0.9864124981926082,0.27948439289030197,-0.23667799428254913,-1.1231460958753416,2025,8,26,False,False,False,True,False,False,False,False
0.967826755878997,1.2238137399856976,-0.3943440782248163,-0.037679012568506524,-1.7052252980285638,2.015929056281109,2025,8,27,False,True,False,False,False,False,False,True
0.967826755878997,-0.07461942669446235,-0.6902204874571217,-1.3063326344037405,-1.186914484941735,0.6890842367772576,2025,8,28,False,False,True,False,True,False,True,False
-1.507180291683905,1.1253750753354523,-0.19709313873661294,0.27948439289030197,-0.23667799428254913,-0.7357266113460725,2025,8,29,True,False,False,True,False,False,False,True
1.4628281653915773,1.0907501908906478,-1.281973305921732,-0.354842418027315,0.6271733608621652,2.749223934151831,2025,8,30,True,False,False,False,True,False,False,True
1.4628281653915773,1.4325084359909006,-0.59159501771302,0.9138112038079189,-1.1005293494272637,2.749223934151831,2025,8,31,False,True,False,False,False,True,False,False
0.967826755878997,-0.70418963788796,1.1836634376808113,1.548138014725536,-0.150292858768078,-0.27438138946652374,2025,9,1,True,False,False,False,True,False,False,False
0.967826755878997,1.549323105866972,-1.676475184898139,-1.6234960398625489,-1.6188401625140922,2.749223934151831,2025,9,2,False,True,False,False,True,False,True,False
0.4728253463664166,-1.209441151347894,-1.281973305921732,-1.6234960398625489,-0.06390772325360648,-0.6452869864794123,2025,9,3,False,True,False,False,False,False,False,True
1.4628281653915773,-1.4503972584569587,-1.3805987756658338,-1.3063326344037405,1.4046395804924077,-0.7308645299657851,2025,9,4,False,True,False,True,False,False,True,False
-0.0221760631461638,-0.24177607873260462,-0.3943440782248163,0.5966477983491104,0.3680179543187507,-0.12042775707403756,2025,9,5,False,True,False,False,True,False,False,False
-1.0121788821713247,1.1294520668485777,1.6767907864013198,1.548138014725536,-0.150292858768078,-0.45286643245955094,2025,9,6,False,False,False,False,True,False,True,False
-1.507180291683905,-0.09730877076750835,-1.1833478361776304,0.9138112038079189,-1.186914484941735,-0.913303083576117,2025,9,7,False,False,False,False,False,True,True,False
-1.0121788821713247,1.132760929525897,-1.281973305921732,1.548138014725536,-1.014144213912792,-0.08353241730695726,2025,9,8,True,False,False,False,False,True,False,False
-1.507180291683905,0.7885210374176551,1.3809143771690149,1.548138014725536,-1.4460698914851493,-0.8813312151057417,2025,9,9,False,False,True,False,True,False,False,True
-0.5171774726587443,-1.0097867408717958,1.282288907424913,0.27948439289030197,0.8863287674055794,-0.9007304286937574,2025,9,10,False,True,False,True,False,False,False,False
0.4728253463664166,1.5461915036902238,-1.676475184898139,-1.6234960398625489,-1.4460698914851493,2.214599103792299,2025,9,11,False,False,True,False,True,False,False,True
0.967826755878997,-1.5236058451926455,0.7891615587044045,0.27948439289030197,-0.40944826531149214,-0.9746193320941865,2025,9,12,False,False,True,False,True,False,False,False
0.967826755878997,1.3712353896269722,0.49328514947209934,0.5966477983491104,0.8863287674055794,1.815638314976489,2025,9,13,False,False,False,False,False,False,True,False
-0.0221760631461638,-0.6813821201478671,0.8877870284485064,0.27948439289030197,0.7999436318911078,-0.5579536913834914,2025,9,14,True,False,False,True,False,False,True,False
1.4628281653915773,-0.00489696313666562,-0.09846766899251111,-0.354842418027315,0.2816328188042792,0.9439506137772755,2025,9,15,False,False,True,False,False,False,False,False
1.4628281653915773,-0.2738011425023725,1.6767907864013198,0.27948439289030197,0.2816328188042792,0.21385261580400897,2025,9,16,False,True,False,True,False,False,True,False
-1.0121788821713247,-1.1397777746236208,-1.5778497151540374,1.2309746092667273,-1.359684755970678,-0.9722496813204606,2025,9,17,False,False,False,True,False,False,False,False
-1.0121788821713247,-0.4957312892168516,-0.9860968966894269,1.548138014725536,-1.1005293494272637,-0.7430197334165037,2025,9,18,False,True,False,True,False,False,True,False
-1.0121788821713247,-1.066805535222028,-0.3943440782248163,-1.3063326344037405,0.10886254777533654,-0.9802058144882038,2025,9,19,True,False,False,False,False,False,True,False
1.4628281653915773,-1.0289899617669516,-0.19709313873661294,0.9138112038079189,-0.49583340082596367,-0.2808887206068074,2025,9,20,False,False,True,False,False,False,False,False
0.967826755878997,-1.0871314059541315,1.3809143771690149,-1.3063326344037405,-1.6188401625140922,-0.6269314014704989,2025,9,21,False,False,True,False,False,False,False,False
1.4628281653915773,-0.04336249176050103,0.1974087402397941,-1.3063326344037405,1.0590990384345225,0.8198815926969604,2025,9,22,False,True,False,False,False,True,True,False
-1.0121788821713247,1.024395676843694,-1.5778497151540374,-0.354842418027315,0.5407882253476938,-0.09082553937738852,2025,9,23,False,False,False,False,False,False,True,False
0.4728253463664166,0.23298662862917427,-0.3943440782248163,0.5966477983491104,-0.5822185363404352,0.5862438487942077,2025,9,24,False,True,False,False,False,True,True,False
-1.507180291683905,1.353745686903999,-0.2957186084807148,-0.037679012568506524,-1.359684755970678,-0.6892667226011036,2025,9,25,True,False,False,False,False,True,True,False
0.967826755878997,0.46655688154779407,1.5781653166572187,0.9138112038079189,0.3680179543187507,0.6332194128370859,2025,9,26,False,True,False,False,False,True,False,False
0.4728253463664166,0.6490170234685374,0.2960342099838957,-0.037679012568506524,-0.49583340082596367,0.7782346733991448,2025,9,27,False,True,False,False,True,False,False,False
-0.5171774726587443,0.5739176580600969,0.3946596797279975,-0.354842418027315,-0.8413739428838494,-0.08507944320068507,2025,9,28,True,False,False,False,True,False,True,False
0.4728253463664166,-0.18014851136753485,0.6905360889603027,-1.6234960398625489,0.7999436318911078,0.029412750918457797,2025,9,29,True,False,False,False,True,False,True,False
0.4728253463664166,0.6490170234685374,0.8877870284485064,0.5966477983491104,-0.5822185363404352,0.6241705391571066,2025,9,30,False,True,False,False,False,True,True,False
-0.5171774726587443,-1.4927625180933488,0.3946596797279975,-0.989169228944932,-1.2732996204562066,-1.0899832630264619,2025,10,1,False,True,False,False,False,True,True,False
0.4728253463664166,1.2384081878660163,-0.9860968966894269,-1.3063326344037405,-0.06390772325360648,1.6754114678950165,2025,10,2,True,False,False,True,False,False,False,False
-1.507180291683905,0.9548504737864673,1.282288907424913,0.27948439289030197,1.1454841739489936,-0.8520605029577485,2025,10,3,False,False,True,False,False,True,True,False
0.967826755878997,-0.8860589114734677,0.7891615587044045,1.548138014725536,1.2318693094634654,-0.3864179869289558,2025,10,4,False,False,False,False,True,False,True,False
-0.0221760631461638,0.921052805010993,0.7891615587044045,-1.3063326344037405,1.2318693094634654,0.437152297782009,2025,10,5,False,True,False,False,False,True,False,False
1.4628281653915773,-1.6899943683949816,1.6767907864013198,-1.6234960398625489,-0.23667799428254913,-1.1251105732007103,2025,10,6,True,False,False,False,False,True,True,False
-0.5171774726587443,-0.9827840579515302,0.9864124981926082,1.548138014725536,1.0590990384345225,-0.8734241938711329,2025,10,7,False,True,False,True,False,False,False,False
0.967826755878997,-1.5085387026441384,1.0850379679367095,-1.3063326344037405,1.2318693094634654,-0.9724584070362811,2025,10,8,False,True,False,False,False,True,False,False
-1.0121788821713247,0.9631817173132889,1.479539846913117,-0.037679012568506524,-0.150292858768078,-0.474623018838009,2025,10,9,False,False,True,False,False,False,True,False
-1.507180291683905,0.879042066375744,-1.281973305921732,-1.3063326344037405,-0.5822185363404352,-0.7169781308720853,2025,10,10,True,False,False,True,False,False,False,False
-0.0221760631461638,1.0786964768518426,-0.09846766899251111,-1.6234960398625489,0.7135584963766364,0.7511248863090569,2025,10,11,False,True,False,False,False,True,False,False
-1.507180291683905,-1.7182378748192415,0.1974087402397941,-1.6234960398625489,1.4046395804924077,-1.2329358223968832,2025,10,12,False,True,False,False,False,True,False,False
-1.507180291683905,-0.001174492624681233,-0.59159501771302,-0.6720058234861235,1.6637949870358226,-0.9172320382268542,2025,10,13,False,True,False,True,False,False,False,False
-1.0121788821713247,0.7026087814744034,1.0850379679367095,0.5966477983491104,-0.6686036718549063,-0.5052074751973427,2025,10,14,False,False,True,False,False,True,False,True
-0.0221760631461638,-1.1965602216397588,0.8877870284485064,-0.037679012568506524,1.5774098515213508,-0.8705388677994976,2025,10,15,False,False,False,False,True,False,False,True
1.4628281653915773,0.5123491775285506,0.6905360889603027,-0.6720058234861235,0.022477412260865026,1.296733907463638,2025,10,16,False,True,False,False,False,False,False,False
-1.507180291683905,-1.443011404266514,1.6767907864013198,-0.037679012568506524,-0.6686036718549063,-1.199011754584423,2025,10,17,False,True,False,False,False,False,False,True
-1.0121788821713247,-1.106925495184523,-0.8874714269453252,-0.037679012568506524,1.7501801225502938,-0.9796778612070108,2025,10,18,False,False,False,False,True,False,True,False
-0.5171774726587443,-0.08909570090773404,0.7891615587044045,0.9138112038079189,1.3182544449779365,-0.4506932294183619,2025,10,19,False,False,False,False,False,True,False,False
-1.0121788821713247,0.5254073677372565,0.09878327049569227,-0.6720058234861235,0.7135584963766364,-0.45992627284759463,2025,10,20,True,False,False,False,False,True,True,False
0.4728253463664166,-1.2295306747459036,-0.6902204874571217,-0.037679012568506524,1.4046395804924077,-0.7020726591658505,2025,10,21,False,True,False,False,False,False,True,False
0.967826755878997,-1.0934536971411521,-1.1833478361776304,1.2309746092667273,0.6271733608621652,-0.39600709187341154,2025,10,22,False,True,False,False,False,True,False,False
-1.0121788821713247,-1.0270400962606743,1.282288907424913,-1.6234960398625489,-0.150292858768078,-1.0221842393346754,2025,10,23,True,False,False,False,False,False,False,False
-1.0121788821713247,-0.9086300818794666,0.2960342099838957,0.27948439289030197,1.5774098515213508,-0.950259813259615,2025,10,24,True,False,False,False,False,False,True,False
-1.0121788821713247,-0.9506408205147153,1.0850379679367095,0.27948439289030197,1.6637949870358226,-0.9930363070195178,2025,10,25,False,True,False,False,True,False,False,False
1.4628281653915773,-0.3678673814718748,0.09878327049569227,1.548138014725536,-0.5822185363404352,0.46342718200881505,2025,10,26,True,False,False,False,False,False,False,False
-1.507180291683905,0.5261754965730631,-0.9860968966894269,-1.6234960398625489,-0.49583340082596367,-0.8012787640969684,2025,10,27,False,True,False,False,False,True,True,False
1.4628281653915773,-0.21961851616127084,-0.59159501771302,0.5966477983491104,-0.40944826531149214,0.801280448022376,2025,10,28,False,False,True,False,False,True,True,False
-0.0221760631461638,0.9484690957659232,-0.4929695479689182,-0.354842418027315,1.1454841739489936,0.7534085911997981,2025,10,29,False,True,False,True,False,False,True,False
-1.0121788821713247,0.7524780689682853,1.5781653166572187,0.9138112038079189,1.0590990384345225,-0.5439936243900902,2025,10,30,False,True,False,False,False,True,True,False
-1.0121788821713247,-1.2963578834610463,-1.7751006546422408,0.5966477983491104,1.6637949870358226,-1.0316505644462959,2025,10,31,True,False,False,True,False,False,False,False
0.4728253463664166,-1.5649075418256118,1.5781653166572187,-0.989169228944932,-0.06390772325360648,-1.0737149351757524,2025,11,1,True,False,False,False,False,False,True,False
0.4728253463664166,1.3009811445674633,1.5781653166572187,-1.6234960398625489,0.7999436318911078,0.8914990691899322,2025,11,2,False,False,False,False,False,True,True,False
-0.5171774726587443,-1.4577831126474032,1.6767907864013198,-0.989169228944932,1.2318693094634654,-1.1025190839589705,2025,11,3,True,False,False,False,True,False,False,False
-0.5171774726587443,-1.2209630838849876,-0.09846766899251111,-1.3063326344037405,-0.9277590783983208,-0.9390868484715807,2025,11,4,False,True,False,False,True,False,False,False
0.4728253463664166,-1.6572011757894074,1.5781653166572187,-1.3063326344037405,0.4544030898332222,-1.1370079390024743,2025,11,5,False,False,True,False,True,False,True,False
-0.0221760631461638,0.43819520145648677,-0.3943440782248163,1.548138014725536,0.19524768328980804,0.36563304515530576,2025,11,6,False,True,False,False,False,False,True,False
-0.5171774726587443,0.27931070611164266,-1.676475184898139,-0.6720058234861235,0.8863287674055794,0.04679837524797064,2025,11,7,False,False,False,False,False,False,True,False
0.967826755878997,1.6776006214466141,-0.9860968966894269,-1.3063326344037405,0.7135584963766364,2.749223934151831,2025,11,8,True,False,False,True,False,False,False,False
0.967826755878997,1.332060819000854,1.479539846913117,0.5966477983491104,1.1454841739489936,1.3847547696234381,2025,11,9,True,False,False,False,True,False,False,True
-0.0221760631461638,-0.31362566829724964,-1.7751006546422408,-0.354842418027315,-0.6686036718549063,0.0037763218223966434,2025,11,10,False,True,False,True,False,False,False,False
0.4728253463664166,-0.4492890380673361,0.09878327049569227,-1.6234960398625489,-0.9277590783983208,-0.09471766007827515,2025,11,11,True,False,False,True,False,False,True,False
-0.5171774726587443,-0.7076166742323263,-1.4792242454099356,-0.037679012568506524,1.0590990384345225,-0.5761864965595693,2025,11,12,False,False,True,False,False,True,False,False
-1.0121788821713247,-1.206900417506381,-0.7888459572012234,0.27948439289030197,-0.49583340082596367,-1.020047870243337,2025,11,13,False,False,True,False,False,True,True,False
0.4728253463664166,-1.2564151839991218,-1.4792242454099356,-1.6234960398625489,-0.6686036718549063,-0.6798986213557516,2025,11,14,False,True,False,False,True,False,True,False
-0.5171774726587443,-1.2764456205636077,1.1836634376808113,-0.989169228944932,-0.5822185363404352,-1.0120303471591763,2025,11,15,False,True,False,False,False,False,True,False
-0.0221760631461638,-1.3392549245991485,0.2960342099838957,0.9138112038079189,-1.4460698914851493,-0.9330338027127885,2025,11,16,False,False,True,False,False,True,False,False
0.967826755878997,-0.9023668775259696,1.3809143771690149,0.27948439289030197,0.9727139029200506,-0.4702766127556309,2025,11,17,False,False,False,False,False,False,False,False
-0.0221760631461638,-0.6737008317898047,0.5919106192162009,-0.6720058234861235,0.7999436318911078,-0.5246435227352089,2025,11,18,False,True,False,True,False,False,False,False
-0.5171774726587443,1.5900339341647027,1.5781653166572187,-0.037679012568506524,0.19524768328980804,0.15372733166444402,2025,11,19,True,False,False,True,False,False,False,False
-0.0221760631461638,0.2658389080682719,0.00015780075159044688,-0.037679012568506524,0.7999436318911078,0.17299148743634063,2025,11,20,False,True,False,True,False,False,True,False
-0.5171774726587443,1.6799640947875563,0.3946596797279975,-0.989169228944932,-0.40944826531149214,0.45272078058555576,2025,11,21,False,False,False,True,False,False,True,False
-0.5171774726587443,-0.44627560955763473,0.1974087402397941,-1.3063326344037405,-0.6686036718549063,-0.5639821811757164,2025,11,22,False,True,False,False,True,False,False,False
-0.0221760631461638,-0.15190500494327489,-0.09846766899251111,-0.354842418027315,1.2318693094634654,-0.09783626783229786,2025,11,23,False,True,False,True,False,False,False,False
-1.507180291683905,-0.6117778302571173,1.1836634376808113,0.5966477983491104,-0.23667799428254913,-1.0741569425739605,2025,11,24,False,False,True,False,False,True,False,False
-1.0121788821713247,-1.1015485933338793,0.49328514947209934,-0.989169228944932,-1.014144213912792,-1.0195935848618456,2025,11,25,False,True,False,True,False,False,True,False
0.4728253463664166,-1.2388663944426255,0.9864124981926082,-0.354842418027315,0.8863287674055794,-0.8137654730963431,2025,11,26,True,False,False,False,False,False,False,False
0.967826755878997,1.5330151398144705,0.9864124981926082,-0.989169228944932,-0.5822185363404352,1.7617870802948201,2025,11,27,True,False,False,False,False,True,True,False
-1.0121788821713247,1.6772461004454724,-1.0847223664335286,0.27948439289030197,-1.014144213912792,0.10234397162276983,2025,11,28,False,True,False,False,False,False,False,False
0.4728253463664166,-1.57849751353603,0.49328514947209934,-0.037679012568506524,-1.6188401625140922,-1.055162902434302,2025,11,29,True,False,False,False,False,False,False,False
0.4728253463664166,-1.2140499243627316,-1.0847223664335286,-0.037679012568506524,1.6637949870358226,-0.6624761630763882,2025,11,30,True,False,False,False,True,False,False,True
0.967826755878997,-0.2697832378227706,0.1974087402397941,-1.6234960398625489,-0.06390772325360648,0.2983128628115782,2025,12,1,False,True,False,False,True,False,True,False
-1.0121788821713247,-1.089613052962121,0.5919106192162009,-1.3063326344037405,-1.186914484941735,-1.0188077939316982,2025,12,2,True,False,False,False,False,False,False,False
0.967826755878997,-0.4759371999864601,1.6767907864013198,-0.037679012568506524,0.8863287674055794,-0.15911568240051682,2025,12,3,False,False,True,False,False,False,False,False
-0.5171774726587443,-1.2874948584325128,-1.676475184898139,0.5966477983491104,1.4046395804924077,-0.9201664762316236,2025,12,4,False,False,True,True,False,False,True,False
0.967826755878997,-0.15574564912230593,-1.4792242454099356,-0.354842418027315,0.10886254777533654,0.7652936790182784,2025,12,5,False,True,False,False,False,True,True,False
-0.0221760631461638,-0.7945924931790019,-1.4792242454099356,-1.3063326344037405,-1.6188401625140922,-0.4216189650029056,2025,12,6,False,True,False,True,False,False,False,False
-1.507180291683905,-0.5173570702864734,-0.3943440782248163,-0.354842418027315,-0.40944826531149214,-1.0170397643388664,2025,12,7,False,True,False,False,True,False,True,False
-1.507180291683905,-1.4077365646529505,1.0850379679367095,0.9138112038079189,-0.8413739428838494,-1.1890788661080276,2025,12,8,True,False,False,False,True,False,True,False
-1.507180291683905,-0.25388887960493384,1.1836634376808113,-0.037679012568506524,0.4544030898332222,-1.022110571434974,2025,12,9,True,False,False,True,False,False,False,True
-1.0121788821713247,1.6650151259060966,0.7891615587044045,-0.354842418027315,0.10886254777533654,-0.17775366102495216,2025,12,10,False,False,True,False,False,True,False,False
-1.0121788821713247,-0.5970652087097515,1.282288907424913,1.2309746092667273,-0.49583340082596367,-0.8988887312012244,2025,12,11,False,True,False,False,False,False,True,False
-0.5171774726587443,1.2957224163838668,-0.6902204874571217,-0.037679012568506524,0.5407882253476938,0.47970778784280793,2025,12,12,False,True,False,True,False,False,False,False
1.4628281653915773,1.180857612014072,-1.4792242454099356,1.548138014725536,0.2816328188042792,2.749223934151831,2025,12,13,True,False,False,False,True,False,False,False
-1.507180291683905,1.557122567892082,-1.5778497151540374,0.9138112038079189,1.4046395804924077,-0.5620545378001984,2025,12,14,False,False,True,False,False,True,False,True
-0.5171774726587443,0.9973339070899047,1.1836634376808113,0.27948439289030197,0.3680179543187507,-0.019821962048594554,2025,12,15,False,True,False,False,True,False,False,False
1.4628281653915773,0.5462059331375487,0.7891615587044045,1.2309746092667273,0.022477412260865026,1.299214060086916,2025,12,16,True,False,False,False,False,True,False,True
-1.507180291683905,1.227122602663017,0.5919106192162009,-0.989169228944932,1.1454841739489936,-0.7686561625125649,2025,12,17,False,True,False,False,False,True,True,False
-1.0121788821713247,-1.4722593868606746,-0.59159501771302,1.2309746092667273,-1.014144213912792,-1.1222129691457916,2025,12,18,False,False,False,False,False,True,False,False
1.4628281653915773,-0.13388352071859,-0.4929695479689182,1.2309746092667273,-0.8413739428838494,0.8864650960436748,2025,12,19,False,False,False,True,False,False,True,False
-0.0221760631461638,1.6856955176393416,1.5781653166572187,-0.354842418027315,0.9727139029200506,0.6741910430543064,2025,12,20,False,True,False,True,False,False,True,False
-0.0221760631461638,0.9264887936951604,-1.5778497151540374,-0.6720058234861235,-0.150292858768078,0.9888389206619498,2025,12,21,False,True,False,True,False,False,False,False
-0.0221760631461638,1.5917474523368857,0.8877870284485064,1.548138014725536,-0.3230631297970206,0.8213058387578528,2025,12,22,True,False,False,False,False,True,True,False
0.967826755878997,0.9611727649734878,-0.6902204874571217,-0.354842418027315,1.3182544449779365,1.8384262519507655,2025,12,23,False,True,False,False,False,True,False,False
-0.0221760631461638,1.290404601366746,-1.676475184898139,0.5966477983491104,0.3680179543187507,1.311148259838531,2025,12,24,False,False,True,False,True,False,False,True
0.4728253463664166,0.7084583779932355,0.7891615587044045,1.548138014725536,1.0590990384345225,0.6955424559844071,2025,12,25,False,False,True,False,False,False,True,False
-1.507180291683905,0.8949955114271043,-0.59159501771302,-0.037679012568506524,1.0590990384345225,-0.7533577953412565,2025,12,26,False,False,True,True,False,False,True,False
-0.0221760631461638,0.07469300161956553,0.6905360889603027,-0.6720058234861235,-1.2732996204562066,-0.06765698492132174,2025,12,27,False,False,True,False,False,True,False,False
1.4628281653915773,1.4609882897492545,0.6905360889603027,-0.354842418027315,0.5407882253476938,2.331632840451138,2025,12,28,True,False,False,False,True,False,False,True
0.4728253463664166,1.1181073948120546,0.09878327049569227,1.548138014725536,1.5774098515213508,1.2243551960070864,2025,12,29,False,True,False,False,True,False,False,False
0.4728253463664166,1.1832210853550145,0.8877870284485064,0.27948439289030197,-0.06390772325360648,1.029343987514395,2025,12,30,False,False,True,False,True,False,False,False
0.4728253463664166,0.5925890974535406,0.1974087402397941,0.5966477983491104,0.7999436318911078,0.7570060403018793,2025,12,31,True,False,False,True,False,False,True,False
-0.5171774726587443,-0.6809094254796786,-0.7888459572012234,-0.354842418027315,0.2816328188042792,-0.6098404487397914,2026,1,1,False,False,True,True,False,False,True,False
1.4628281653915773,-1.6105816641393214,0.7891615587044045,-1.3063326344037405,-1.014144213912792,-1.022307019167511,2026,1,2,False,True,False,False,False,False,False,False
-0.5171774726587443,1.5004582945429907,0.2960342099838957,-0.037679012568506524,-1.014144213912792,0.3861495552221249,2026,1,3,False,True,False,False,True,False,True,False
0.4728253463664166,0.2922507226533016,-1.7751006546422408,0.9138112038079189,-0.23667799428254913,0.9467745499324932,2026,1,4,False,False,False,True,False,False,False,True
0.967826755878997,-0.7031851617180596,1.3809143771690149,-0.989169228944932,-0.06390772325360648,-0.30141750865691,2026,1,5,False,True,False,False,True,False,False,False
-0.0221760631461638,-1.218245089542904,0.09878327049569227,0.27948439289030197,0.022477412260865026,-0.8435273045756784,2026,1,6,False,False,False,False,False,True,False,False
-1.507180291683905,1.1335881451952265,1.1836634376808113,0.5966477983491104,1.5774098515213508,-0.8202850822199104,2026,1,7,False,False,False,False,True,False,False,False
1.4628281653915773,1.1577546601063615,1.282288907424913,-0.037679012568506524,-1.359684755970678,1.7407426169468085,2026,1,8,False,False,True,False,False,False,False,False
0.967826755878997,1.0817099053615438,-0.19709313873661294,-0.989169228944932,-0.40944826531149214,1.7911437383257987,2026,1,9,False,False,True,True,False,False,False,False
-1.0121788821713247,0.49604121147604896,0.00015780075159044688,-1.6234960398625489,0.10886254777533654,-0.46017183251326577,2026,1,10,True,False,False,False,False,True,False,True
-0.5171774726587443,-0.46855134579601554,-0.2957186084807148,-0.989169228944932,1.6637949870358226,-0.5328943275017572,2026,1,11,False,False,False,True,False,False,False,True
-0.0221760631461638,-0.6826820304853853,-0.19709313873661294,1.548138014725536,0.022477412260865026,-0.4545362381861143,2026,1,12,False,True,False,False,False,True,False,True
-0.0221760631461638,-1.704175208440635,1.282288907424913,-0.037679012568506524,0.9727139029200506,-1.1824733111014754,2026,1,13,True,False,False,False,True,False,False,True
-1.0121788821713247,1.1477098984073568,0.9864124981926082,1.548138014725536,0.8863287674055794,-0.3615305148131913,2026,1,14,True,False,False,False,True,False,False,False
-1.0121788821713247,-1.4314894717294204,-1.3805987756658338,-0.6720058234861235,0.2816328188042792,-1.0943051131422727,2026,1,15,True,False,False,False,False,False,False,False
1.4628281653915773,0.4465264449833084,0.2960342099838957,-1.6234960398625489,-1.2732996204562066,1.3569328595029044,2026,1,16,True,False,False,False,False,False,True,False
-0.0221760631461638,0.008633921740229006,1.6767907864013198,-0.037679012568506524,-0.9277590783983208,-0.2610229436540166,2026,1,17,False,True,False,False,False,True,True,False
-1.0121788821713247,0.08680580249189473,0.2960342099838957,-1.6234960398625489,-0.8413739428838494,-0.6234444542179695,2026,1,18,True,False,False,False,False,False,True,False
-0.0221760631461638,1.4695558806101705,0.9864124981926082,0.5966477983491104,-1.5324550269996209,0.7197914729694266,2026,1,19,False,False,False,False,False,False,True,False
0.967826755878997,-1.624467070017357,0.8877870284485064,-0.989169228944932,-0.40944826531149214,-1.0701420420402383,2026,1,20,False,True,False,False,False,False,True,False
1.4628281653915773,0.9395469839038663,-0.59159501771302,-0.989169228944932,0.3680179543187507,2.2850378938900495,2026,1,21,False,False,False,False,False,False,True,False
-1.0121788821713247,-1.5537992171231831,-0.4929695479689182,-1.6234960398625489,-1.186914484941735,-1.1531534870203481,2026,1,22,False,False,True,False,True,False,False,True
0.967826755878997,-1.6018368127778349,0.6905360889603027,-0.989169228944932,-1.1005293494272637,-1.0440513275626855,2026,1,23,False,False,True,False,False,False,False,True
0.967826755878997,-0.24803928308610165,-0.09846766899251111,0.27948439289030197,0.7135584963766364,0.37888098911826074,2026,1,24,True,False,False,False,True,False,True,False
-1.0121788821713247,-1.515688209500489,0.1974087402397941,1.2309746092667273,-1.1005293494272637,-1.1482914056400606,2026,1,25,False,False,True,False,True,False,True,False
1.4628281653915773,0.9940250444125854,0.6905360889603027,0.5966477983491104,-1.2732996204562066,1.8222070360331903,2026,1,26,False,True,False,True,False,False,False,True
-0.0221760631461638,0.09673239052385232,0.8877870284485064,1.548138014725536,1.6637949870358226,-0.08581612219769835,2026,1,27,False,False,True,False,True,False,False,True
0.4728253463664166,-1.6333300950458904,-0.7888459572012234,0.5966477983491104,-1.6188401625140922,-1.0735062094599321,2026,1,28,False,True,False,False,True,False,False,True
-0.0221760631461638,-1.5937419165851074,-1.281973305921732,-0.989169228944932,-0.5822185363404352,-1.0697368685918809,2026,1,29,False,False,False,False,False,False,False,True
-1.507180291683905,0.38401257511538545,-0.7888459572012234,-0.354842418027315,-1.6188401625140922,-0.8376215946162888,2026,1,30,False,False,False,False,True,False,False,True
-1.0121788821713247,1.0526982701014773,0.00015780075159044688,-1.6234960398625489,1.2318693094634654,-0.27047699078235343,2026,1,31,False,True,False,False,False,True,True,False
-0.5171774726587443,-0.22044573183060054,-0.59159501771302,0.9138112038079189,0.2816328188042792,-0.37147568127287023,2026,2,1,False,True,False,False,False,False,True,False
1.4628281653915773,0.18323551480233938,0.1974087402397941,0.5966477983491104,-1.5324550269996209,1.0835635616945702,2026,2,2,False,False,True,False,False,False,False,False
-1.0121788821713247,1.0309543153648084,-1.5778497151540374,1.2309746092667273,0.4544030898332222,-0.08816121700485717,2026,2,3,False,True,False,False,False,False,True,False
-1.507180291683905,0.376567634091417,0.00015780075159044688,-1.3063326344037405,-1.2732996204562066,-0.8755728409457549,2026,2,4,False,False,False,True,False,False,False,True
0.967826755878997,-0.956844938034689,-0.4929695479689182,1.2309746092667273,0.022477412260865026,-0.31143634301629025,2026,2,5,False,True,False,False,False,False,False,False
-0.5171774726587443,0.38537157228642704,0.09878327049569227,-1.6234960398625489,0.6271733608621652,-0.13546828659639146,2026,2,6,False,True,False,False,True,False,False,False
-0.5171774726587443,0.43795885412239277,-0.2957186084807148,-0.6720058234861235,-1.186914484941735,-0.05255506548255,2026,2,7,False,False,False,False,False,True,True,False
-0.0221760631461638,0.8037654404667326,-0.7888459572012234,0.9138112038079189,0.022477412260865026,0.7142541025085437,2026,2,8,False,False,True,False,False,False,False,False
0.4728253463664166,0.4123742552066924,1.3809143771690149,0.5966477983491104,-0.150292858768078,0.328590369588823,2026,2,9,False,False,True,False,False,False,False,False
-0.0221760631461638,1.6165639224167798,-1.1833478361776304,-0.989169228944932,1.4910247160068797,1.4366169710131713,2026,2,10,False,True,False,False,False,True,False,True
1.4628281653915773,-1.0517974795070446,0.5919106192162009,1.2309746092667273,1.7501801225502938,-0.39842585458027174,2026,2,11,False,False,True,False,False,False,True,False
-0.5171774726587443,1.5538137052147625,1.3809143771690149,-0.037679012568506524,0.5407882253476938,0.18092306463751667,2026,2,12,True,False,False,True,False,False,False,True
-0.5171774726587443,0.12710302295496043,0.09878327049569227,0.9138112038079189,1.2318693094634654,-0.26588502503430417,2026,2,13,True,False,False,False,True,False,False,True
0.4728253463664166,0.5889257137750801,1.282288907424913,1.2309746092667273,0.5407882253476938,0.47838176564818413,2026,2,14,False,False,True,False,False,True,False,False
1.4628281653915773,-1.3898923409288366,-1.3805987756658338,0.5966477983491104,1.3182544449779365,-0.6463674490083651,2026,2,15,True,False,False,False,False,True,False,False
-1.0121788821713247,-0.4182093636339453,-0.09846766899251111,1.2309746092667273,-0.23667799428254913,-0.7659058942570488,2026,2,16,True,False,False,True,False,False,False,False
0.4728253463664166,0.9257206648593538,-0.19709313873661294,-0.354842418027315,0.3680179543187507,1.1481089198162149,2026,2,17,False,True,False,False,True,False,True,False
0.967826755878997,0.7097582883307539,-1.7751006546422408,0.9138112038079189,1.2318693094634654,1.906716394973894,2026,2,18,False,False,True,True,False,False,True,False
-0.0221760631461638,-1.5949827400891021,-0.19709313873661294,0.9138112038079189,1.4910247160068797,-1.0915057329536226,2026,2,19,False,True,False,False,True,False,False,True
-1.0121788821713247,0.15564196354683826,-0.4929695479689182,-0.989169228944932,-1.6188401625140922,-0.5350798085262298,2026,2,20,False,False,True,True,False,False,False,False
-0.0221760631461638,-1.4285942168867662,0.49328514947209934,0.5966477983491104,-1.359684755970678,-0.9982421719317448,2026,2,21,False,True,False,False,False,False,True,False
0.4728253463664166,1.708562122212958,1.479539846913117,-0.6720058234861235,1.4910247160068797,1.2076694167247364,2026,2,22,True,False,False,True,False,False,False,False
-1.0121788821713247,1.367867440116129,-1.4792242454099356,1.2309746092667273,0.2816328188042792,0.03579730222590603,2026,2,23,False,False,True,False,False,True,True,False
0.4728253463664166,-1.6608645594678682,-0.6902204874571217,0.27948439289030197,1.7501801225502938,-1.1009229461321086,2026,2,24,False,True,False,False,False,True,True,False
0.967826755878997,1.2342721095193672,-0.19709313873661294,1.2309746092667273,1.0590990384345225,1.950917134794689,2026,2,25,False,True,False,False,False,True,False,False
-1.507180291683905,1.4443848895291354,-0.19709313873661294,0.5966477983491104,1.1454841739489936,-0.6800459571551544,2026,2,26,False,True,False,True,False,False,True,False
-0.5171774726587443,-0.5116256474346884,0.8877870284485064,0.27948439289030197,-0.40944826531149214,-0.6537710729283482,2026,2,27,True,False,False,False,False,True,True,False
1.4628281653915773,0.7533052846376154,-0.19709313873661294,-0.354842418027315,-0.8413739428838494,1.896783506497499,2026,2,28,False,False,True,False,False,True,False,False
-1.0121788821713247,-0.20555584978266433,-1.676475184898139,1.548138014725536,0.3680179543187507,-0.585038922507012,2026,3,1,False,True,False,False,False,False,False,False
-0.5171774726587443,0.5311387905890417,0.6905360889603027,-1.6234960398625489,1.3182544449779365,-0.14989491695456764,2026,3,2,False,False,True,False,False,False,True,False
-1.507180291683905,-0.5573588565819214,1.282288907424913,0.5966477983491104,0.7999436318911078,-1.0688774097620322,2026,3,3,False,True,False,False,True,False,True,False
-1.0121788821713247,-0.6187500766128969,0.00015780075159044688,-0.354842418027315,-0.06390772325360648,-0.8400771912729996,2026,3,4,True,False,False,False,True,False,True,False
-0.5171774726587443,-0.2666516356460219,0.1974087402397941,-0.989169228944932,0.8863287674055794,-0.4744020151389051,2026,3,5,False,False,False,False,True,False,True,False
-0.5171774726587443,-1.2305351509158038,-1.1833478361776304,-1.3063326344037405,0.7135584963766364,-0.9034561409827065,2026,3,6,False,True,False,True,False,False,True,False
-1.0121788821713247,1.1392013943799648,-0.9860968966894269,-0.989169228944932,1.4910247160068797,-0.11792304848419255,2026,3,7,True,False,False,False,True,False,True,False
-0.5171774726587443,-0.5284063081553786,-0.9860968966894269,0.9138112038079189,-0.7549888073693778,-0.5081541911853956,2026,3,8,False,True,False,True,False,False,True,False
-0.5171774726587443,-0.3505549392494727,-0.2957186084807148,-1.3063326344037405,-1.2732996204562066,-0.47037483662189933,2026,3,9,False,True,False,True,False,False,False,True
-1.0121788821713247,1.3566409417466534,1.3809143771690149,1.2309746092667273,-0.06390772325360648,-0.35185546398575057,2026,3,10,False,True,False,False,True,False,True,False
1.4628281653915773,-0.017127937676041833,0.00015780075159044688,-1.6234960398625489,-0.49583340082596367,0.9029175936436376,2026,3,11,False,True,False,False,True,False,True,False
-0.5171774726587443,0.14754706735411097,-1.0847223664335286,-1.3063326344037405,1.6637949870358226,-0.10819888572361767,2026,3,12,True,False,False,True,False,False,True,False
-0.5171774726587443,1.5724851446082062,-0.8874714269453252,-1.3063326344037405,-1.7052252980285638,0.675578455165348,2026,3,13,True,False,False,False,False,False,True,False
1.4628281653915773,1.3312926901650477,-0.4929695479689182,1.548138014725536,1.4910247160068797,2.740612463626328,2026,3,14,True,False,False,False,False,True,False,False
-0.0221760631461638,-1.1479317576498715,0.3946596797279975,-0.354842418027315,1.5774098515213508,-0.8130042381327627,2026,3,15,False,True,False,False,False,True,True,False
0.967826755878997,-0.09801781276979106,-0.2957186084807148,-1.6234960398625489,-1.5324550269996209,0.5771213072145268,2026,3,16,False,True,False,False,False,True,True,False
-0.0221760631461638,1.6236543424396068,-0.3943440782248163,1.2309746092667273,1.4046395804924077,1.2130103394530822,2026,3,17,False,False,True,False,False,False,True,False
-1.507180291683905,-0.44663013055877593,0.1974087402397941,0.5966477983491104,-0.06390772325360648,-1.0215580621872142,2026,3,18,False,False,False,True,False,False,False,False
-0.0221760631461638,-0.44934812490085957,-0.9860968966894269,-1.3063326344037405,0.9727139029200506,-0.20033287228340832,2026,3,19,False,True,False,False,True,False,True,False
-0.0221760631461638,-1.059596941532154,-1.4792242454099356,-0.037679012568506524,-1.4460698914851493,-0.6352804301033157,2026,3,20,False,False,False,True,False,False,False,False
-1.507180291683905,-1.3385458825968657,-1.676475184898139,-0.354842418027315,1.5774098515213508,-1.1507224463302044,2026,3,21,True,False,False,True,False,False,True,False
-0.5171774726587443,0.8252139610357837,-0.8874714269453252,-1.3063326344037405,0.3680179543187507,0.25166880431735583,2026,3,22,True,False,False,False,True,False,True,False
-0.5171774726587443,0.9279659645332492,-1.4792242454099356,1.2309746092667273,1.4046395804924077,0.4128296128972882,2026,3,23,True,False,False,False,False,False,False,False
-0.0221760631461638,1.6157367067474502,-0.59159501771302,-1.6234960398625489,0.6271733608621652,1.2645042013443082,2026,3,24,False,True,False,False,False,True,False,False
-1.507180291683905,0.9396651575709133,0.8877870284485064,-0.037679012568506524,0.10886254777533654,-0.8312738772586913,2026,3,25,False,True,False,False,False,True,False,False
-0.5171774726587443,-0.892558463161059,0.6905360889603027,-0.037679012568506524,-1.1005293494272637,-0.8155335026891748,2026,3,26,True,False,False,True,False,False,True,False
0.4728253463664166,-1.5950418269226259,0.2960342099838957,-0.989169228944932,-1.1005293494272637,-1.063671544849805,2026,3,27,False,True,False,False,False,False,False,False
-1.0121788821713247,1.6725191537635882,1.1836634376808113,0.5966477983491104,-0.06390772325360648,-0.23354481706542235,2026,3,28,False,False,False,False,False,True,True,False
-1.0121788821713247,-0.5569452487472566,-0.7888459572012234,0.9138112038079189,1.3182544449779365,-0.776943801228964,2026,3,29,True,False,False,False,False,False,False,False
0.967826755878997,-0.6553839133975021,1.282288907424913,-0.989169228944932,-1.2732996204562066,-0.2463384756468859,2026,3,30,False,True,False,False,True,False,False,False
-1.0121788821713247,1.397765377879049,-0.3943440782248163,0.9138112038079189,1.7501801225502938,-0.09934645977617505,2026,3,31,False,False,True,True,False,False,True,False
-0.0221760631461638,0.28870551264188804,-0.3943440782248163,0.5966477983491104,1.3182544449779365,0.2587654786552501,2026,4,1,False,True,False,True,False,False,False,False
-1.0121788821713247,-0.9909971278113048,-0.3943440782248163,-0.354842418027315,-0.3230631297970206,-0.9531205833646832,2026,4,2,True,False,False,False,False,False,False,False
-1.0121788821713247,1.3395057600248221,-1.4792242454099356,-0.037679012568506524,-0.8413739428838494,0.024366499788917147,2026,4,3,False,False,True,False,False,True,True,False
0.4728253463664166,1.6999354445185184,1.5781653166572187,-1.6234960398625489,1.4910247160068797,1.1650770927140868,2026,4,4,False,False,False,False,False,False,False,True
-0.5171774726587443,-1.434089292404457,-1.281973305921732,-0.354842418027315,-1.2732996204562066,-1.0203179858755753,2026,4,5,False,False,True,False,True,False,False,True
0.4728253463664166,1.2467394313928377,-0.59159501771302,1.2309746092667273,-0.49583340082596367,1.5558239107131986,2026,4,6,False,False,True,False,False,True,True,False
-0.0221760631461638,-0.38387991335675875,-0.6902204874571217,1.2309746092667273,-1.4460698914851493,-0.18613952360761973,2026,4,7,False,False,True,False,False,True,False,True
-1.0121788821713247,0.07776551696279038,-1.4792242454099356,0.27948439289030197,1.5774098515213508,-0.4842612357155991,2026,4,8,False,False,False,False,False,False,True,False
1.4628281653915773,1.4284314444777748,-1.281973305921732,-1.6234960398625489,0.4544030898332222,2.749223934151831,2026,4,9,False,True,False,False,True,False,False,False
-0.5171774726587443,1.6308629361294802,-1.5778497151540374,1.2309746092667273,-0.5822185363404352,0.8593798649201543,2026,4,10,False,True,False,False,False,True,False,True
0.967826755878997,-0.827503859451623,-0.7888459572012234,0.9138112038079189,-0.7549888073693778,-0.13393353868594718,2026,4,11,False,True,False,True,False,False,False,False
0.967826755878997,-0.9979693741670843,1.1836634376808113,0.27948439289030197,-0.150292858768078,-0.5307825143769859,2026,4,12,False,True,False,False,True,False,True,False
-1.0121788821713247,-1.4554196393064611,-0.59159501771302,-0.6720058234861235,-1.359684755970678,-1.1160494215374475,2026,4,13,False,False,True,False,False,True,False,True
-1.0121788821713247,0.20817015854928017,-1.3805987756658338,1.548138014725536,1.4046395804924077,-0.4401341637945054,2026,4,14,True,False,False,False,False,False,True,False
0.967826755878997,-1.6866855057176624,0.49328514947209934,-0.6720058234861235,0.022477412260865026,-1.1200029321547518,2026,4,15,True,False,False,False,False,True,True,False
0.967826755878997,-0.3099622846187891,1.6767907864013198,1.548138014725536,0.7999436318911078,-0.02461037552918066,2026,4,16,False,True,False,True,False,False,True,False
1.4628281653915773,-1.4800588488857842,-0.9860968966894269,1.2309746092667273,-0.9277590783983208,-0.7921930564671382,2026,4,17,False,False,True,False,True,False,False,True
-0.0221760631461638,-0.3330061496929763,-0.7888459572012234,0.27948439289030197,0.022477412260865026,-0.13611901971041993,2026,4,18,False,True,False,False,False,True,False,True
-1.0121788821713247,-1.5956917820913847,1.5781653166572187,-0.037679012568506524,-1.014144213912792,-1.1880720714787762,2026,4,19,False,False,True,True,False,False,True,False
0.967826755878997,1.1532640607585711,-1.1833478361776304,-0.989169228944932,1.1454841739489936,2.2370678132012034,2026,4,20,True,False,False,False,False,True,False,True
1.4628281653915773,-1.0087231778683718,0.00015780075159044688,0.9138112038079189,0.9727139029200506,-0.2797959800945711,2026,4,21,False,True,False,False,False,True,True,False
-1.507180291683905,-0.5988969005489818,-0.9860968966894269,-0.037679012568506524,-1.186914484941735,-1.0163521972749872,2026,4,22,False,True,False,False,True,False,False,True
0.967826755878997,1.2736830274795798,1.479539846913117,1.548138014725536,-1.4460698914851493,1.335986620021161,2026,4,23,False,True,False,False,False,False,False,False
-0.5171774726587443,0.8458352659355051,1.5781653166572187,-1.3063326344037405,1.1454841739489936,-0.1524610154608305,2026,4,24,False,False,True,False,False,False,True,False
-0.5171774726587443,-0.9765799404315569,1.0850379679367095,1.2309746092667273,-1.359684755970678,-0.8759043464944108,2026,4,25,False,False,False,True,False,False,True,False
-1.507180291683905,-1.4851994034023337,-0.6902204874571217,-1.3063326344037405,0.19524768328980804,-1.1879001797128066,2026,4,26,True,False,False,True,False,False,True,False
-0.0221760631461638,0.7400698339283386,-0.3943440782248163,-1.6234960398625489,0.10886254777533654,0.5814063233804873,2026,4,27,False,True,False,True,False,False,True,False
-1.0121788821713247,-0.38322995818799954,-0.9860968966894269,1.548138014725536,-1.014144213912792,-0.7000099579742134,2026,4,28,True,False,False,False,True,False,False,False
-1.0121788821713247,0.9143169059893076,1.282288907424913,-0.354842418027315,0.3680179543187507,-0.46548819927504476,2026,4,29,False,False,True,False,False,False,True,False
0.967826755878997,-0.1945066119137592,1.3809143771690149,1.2309746092667273,0.022477412260865026,0.12984665417793106,2026,4,30,False,False,True,True,False,False,False,True
-0.5171774726587443,-0.5377420278521006,-0.2957186084807148,-0.037679012568506524,0.022477412260865026,-0.5695563855864502,2026,5,1,False,True,False,True,False,False,False,False
-0.0221760631461638,-0.17406256751460866,0.49328514947209934,-0.989169228944932,-0.49583340082596367,-0.19532345510371815,2026,5,2,False,True,False,False,False,True,False,False
-0.0221760631461638,0.8537529016276619,-1.1833478361776304,-0.6720058234861235,1.2318693094634654,0.8406191064628835,2026,5,3,False,False,True,False,False,True,True,False
-0.0221760631461638,1.3848844481709135,-0.2957186084807148,-0.354842418027315,-1.4460698914851493,1.0156785921197993,2026,5,4,True,False,False,True,False,False,False,True
0.967826755878997,-1.5617168528153396,0.3946596797279975,-0.6720058234861235,-0.150292858768078,-0.9967933699042855,2026,5,5,False,True,False,False,False,True,False,False
-1.0121788821713247,0.07794277746336123,-0.4929695479689182,0.9138112038079189,-0.8413739428838494,-0.5631718342790019,2026,5,6,False,True,False,False,False,True,False,True
-0.0221760631461638,-1.620212818003661,-0.4929695479689182,-0.989169228944932,1.2318693094634654,-1.1040783878359821,2026,5,7,True,False,False,False,False,True,False,True
0.967826755878997,-0.11462121298991053,-1.7751006546422408,-0.354842418027315,-0.9277590783983208,0.8789018583410053,2026,5,8,False,False,False,False,True,False,True,False
0.967826755878997,1.3263293961490688,0.9864124981926082,0.27948439289030197,0.9727139029200506,1.5762421969137492,2026,5,9,False,False,False,True,False,False,True,False
-1.507180291683905,-0.48385483567861676,1.282288907424913,0.27948439289030197,0.3680179543187507,-1.058330622121459,2026,5,10,True,False,False,True,False,False,False,True
0.4728253463664166,1.4893499698405621,1.5781653166572187,-0.037679012568506524,1.3182544449779365,1.0206634533329222,2026,5,11,True,False,False,False,False,True,False,True
-0.0221760631461638,0.44605375031512007,0.6905360889603027,0.9138112038079189,0.3680179543187507,0.1638443898900927,2026,5,12,False,True,False,False,True,False,False,False
0.4728253463664166,1.495258653192918,0.09878327049569227,0.27948439289030197,0.19524768328980804,1.5417533418702454,2026,5,13,True,False,False,False,False,True,True,False
-1.0121788821713247,0.8834735788900108,-0.8874714269453252,1.548138014725536,1.0590990384345225,-0.22693926205887022,2026,5,14,True,False,False,False,True,False,False,False
0.967826755878997,-1.3761841955513714,1.6767907864013198,-0.6720058234861235,0.19524768328980804,-0.8886734491093071,2026,5,15,True,False,False,True,False,False,True,False
1.4628281653915773,-0.9347464622968786,0.2960342099838957,1.548138014725536,1.2318693094634654,-0.2302911514952805,2026,5,16,True,False,False,False,False,True,True,False
-0.0221760631461638,-0.37123533098271755,0.5919106192162009,1.2309746092667273,-1.5324550269996209,-0.33358582485982197,2026,5,17,False,True,False,True,False,False,False,False
1.4628281653915773,-1.1457455448095,0.5919106192162009,0.9138112038079189,0.022477412260865026,-0.5022853151758566,2026,5,18,False,True,False,False,True,False,True,False
-0.5171774726587443,-0.023036621028397514,1.1836634376808113,-0.037679012568506524,1.1454841739489936,-0.4650830258266874,2026,5,19,False,True,False,False,False,False,False,False
-1.0121788821713247,-0.10439919079033509,-1.7751006546422408,-1.6234960398625489,1.2318693094634654,-0.5362830508880182,2026,5,20,False,True,False,False,True,False,False,True
-1.507180291683905,1.5716579289388766,-0.9860968966894269,0.9138112038079189,1.1454841739489936,-0.6014054742239896,2026,5,21,False,True,False,False,False,False,False,True
-1.507180291683905,-0.23450839820920702,0.49328514947209934,1.548138014725536,0.3680179543187507,-0.9961917487233913,2026,5,22,False,False,False,True,False,False,False,True
0.4728253463664166,0.9818531567067327,1.282288907424913,0.27948439289030197,1.7501801225502938,0.7600755361227679,2026,5,23,True,False,False,True,False,False,False,True
0.967826755878997,1.5220840756126124,0.5919106192162009,-0.037679012568506524,-1.1005293494272637,1.918761096575061,2026,5,24,True,False,False,False,False,True,True,False
0.4728253463664166,1.2976722818901436,-0.3943440782248163,-0.037679012568506524,-1.1005293494272637,1.5375542715872703,2026,5,25,False,False,False,False,False,False,False,True
-0.5171774726587443,-1.012445648380356,-0.4929695479689182,-0.6720058234861235,-1.6188401625140922,-0.8110029268575434,2026,5,26,False,False,False,False,True,False,False,True
-0.5171774726587443,-0.019136890015842616,0.7891615587044045,-0.6720058234861235,1.7501801225502938,-0.41841441136589796,2026,5,27,True,False,False,True,False,False,False,True
-1.507180291683905,-0.5317151708326977,0.7891615587044045,1.548138014725536,-0.49583340082596367,-1.0517864570313247,2026,5,28,False,False,True,False,False,False,False,False
1.4628281653915773,-0.3515594154193732,0.2960342099838957,-0.989169228944932,0.8863287674055794,0.439853454104391,2026,5,29,False,True,False,False,True,False,True,False
-0.0221760631461638,-0.48657283002070045,-0.7888459572012234,0.5966477983491104,-1.5324550269996209,-0.25100410929463646,2026,5,30,False,True,False,False,False,False,True,False
-1.507180291683905,1.1226570809933687,1.3809143771690149,0.5966477983491104,-0.6686036718549063,-0.8341100913971924,2026,5,31,True,False,False,False,True,False,True,False
-1.507180291683905,-0.1708718785043365,0.09878327049569227,-1.3063326344037405,0.4544030898332222,-0.9722742372870278,2026,6,1,False,False,True,False,True,False,False,True
1.4628281653915773,0.0764656066252723,0.9864124981926082,-0.354842418027315,0.10886254777533654,0.7383557836941607,2026,6,2,False,False,True,False,True,False,False,False
1.4628281653915773,1.6621789578969657,-0.9860968966894269,0.9138112038079189,-1.014144213912792,2.749223934151831,2026,6,3,False,True,False,False,True,False,False,True
-0.5171774726587443,-1.526382926368253,-0.59159501771302,0.9138112038079189,-0.150292858768078,-1.087883727884974,2026,6,4,False,True,False,False,False,False,False,False
1.4628281653915773,-0.047025875438961584,1.282288907424913,0.27948439289030197,-1.359684755970678,0.5315577112492573,2026,6,5,True,False,False,False,False,False,False,False
0.4728253463664166,0.9419104572448084,-1.5778497151540374,-0.6720058234861235,0.19524768328980804,1.5643202751454182,2026,6,6,False,True,False,False,False,True,True,False
-0.5171774726587443,-1.2112137563536007,0.00015780075159044688,-0.6720058234861235,-1.359684755970678,-0.9378467721599418,2026,6,7,True,False,False,False,False,False,True,False
1.4628281653915773,0.3801128441028305,-0.09846766899251111,1.2309746092667273,0.4544030898332222,1.40877050492607,2026,6,8,False,False,True,False,False,False,True,False
0.967826755878997,-0.9059711743709065,0.7891615587044045,1.548138014725536,-1.186914484941735,-0.40478584992115274,2026,6,9,False,False,True,False,False,True,False,False
-0.5171774726587443,1.2645245682834283,-0.7888459572012234,0.27948439289030197,0.19524768328980804,0.48163543121832586,2026,6,10,False,False,True,False,False,False,True,False
-0.5171774726587443,-0.6030920657291544,-0.9860968966894269,-0.989169228944932,-1.2732996204562066,-0.5509797968784326,2026,6,11,False,False,False,False,True,False,False,False
-1.507180291683905,-0.5962970798739453,1.3809143771690149,-0.989169228944932,-0.3230631297970206,-1.077005434695745,2026,6,12,True,False,False,True,False,False,True,False
-0.0221760631461638,0.3339660271209327,0.1974087402397941,-0.354842418027315,-0.49583340082596367,0.18358738701004776,2026,6,13,False,False,True,True,False,False,False,True
-1.507180291683905,-1.0992442068264607,-1.3805987756658338,1.548138014725536,0.8863287674055794,-1.1060060312114999,2026,6,14,True,False,False,False,False,True,True,False
-1.0121788821713247,-0.7489774576988161,-1.0847223664335286,-0.037679012568506524,0.5407882253476938,-0.835387001658682,2026,6,15,False,True,False,False,False,False,False,False
-0.5171774726587443,-0.2935952317327638,1.6767907864013198,0.5966477983491104,1.4910247160068797,-0.6307989662048185,2026,6,16,False,True,False,False,False,False,True,False
1.4628281653915773,-0.5113302132670707,-1.0847223664335286,-1.6234960398625489,1.4910247160068797,0.5232332385830076,2026,6,17,False,True,False,False,False,True,False,False
1.4628281653915773,0.0805425981383977,0.2960342099838957,0.27948439289030197,0.7999436318911078,0.9363873760746063,2026,6,18,True,False,False,True,False,False,True,False
1.4628281653915773,0.33898840797043517,-0.2957186084807148,0.5966477983491104,0.9727139029200506,1.4219938929224578,2026,6,19,True,False,False,False,True,False,False,False
-0.5171774726587443,0.22500990610349397,1.282288907424913,-0.354842418027315,0.4544030898332222,-0.36959714983048647,2026,6,20,False,False,True,False,False,False,False,True
1.4628281653915773,0.5274754069105811,0.7891615587044045,1.2309746092667273,0.7135584963766364,1.2790536115353204,2026,6,21,False,True,False,False,False,True,True,False
-1.0121788821713247,-0.6699783612778206,0.2960342099838957,-1.3063326344037405,0.4544030898332222,-0.8719017239439721,2026,6,22,False,True,False,False,True,False,True,False
-0.5171774726587443,-1.2967124044621876,-1.7751006546422408,-0.6720058234861235,-0.6686036718549063,-0.9225729609552004,2026,6,23,False,False,False,False,False,True,False,False
1.4628281653915773,0.8960590744305283,1.282288907424913,-0.037679012568506524,-0.49583340082596367,1.478091998545017,2026,6,24,False,True,False,False,False,True,False,False
-0.5171774726587443,1.2070921660985314,-0.19709313873661294,0.9138112038079189,0.2816328188042792,0.336104495358358,2026,6,25,True,False,False,False,False,True,True,False
0.967826755878997,-0.8453480831757372,1.479539846913117,-1.3063326344037405,0.7999436318911078,-0.4341179519855637,2026,6,26,True,False,False,True,False,False,False,False
-0.5171774726587443,-0.3265656848389086,-0.09846766899251111,-0.6720058234861235,-0.3230631297970206,-0.4763173805311395,2026,6,27,True,False,False,True,False,False,True,False
-1.0121788821713247,-0.010392038654356105,0.5919106192162009,1.2309746092667273,-1.186914484941735,-0.6779464220136665,2026,6,28,False,True,False,False,False,True,True,False
-1.507180291683905,0.10979058073255825,-1.5778497151540374,-0.354842418027315,-0.150292858768078,-0.856787526521917,2026,6,29,False,True,False,False,False,False,True,False
-0.5171774726587443,0.5458514121364074,0.7891615587044045,0.5966477983491104,1.6637949870358226,-0.1577773822226095,2026,6,30,False,True,False,False,True,False,False,True
-0.0221760631461638,-1.5899012724060764,-0.59159501771302,0.5966477983491104,-0.9277590783983208,-1.0802222663160361,2026,7,1,True,False,False,False,False,False,False,False
-1.0121788821713247,0.7601002704928242,-0.59159501771302,-1.3063326344037405,0.5407882253476938,-0.3057884707058553,2026,7,2,True,False,False,True,False,False,False,False
0.4728253463664166,-1.5195288536795202,-1.3805987756658338,-0.037679012568506524,1.6637949870358226,-0.9482093900512615,2026,7,3,False,True,False,False,True,False,False,True
0.967826755878997,-0.11503482082457539,-1.281973305921732,-0.037679012568506524,-0.40944826531149214,0.7719483459579648,2026,7,4,True,False,False,False,False,True,True,False
-1.0121788821713247,1.1272067671746826,-1.0847223664335286,-0.354842418027315,1.4046395804924077,-0.11024930893197117,2026,7,5,False,False,True,False,False,False,False,False
-1.507180291683905,-0.17406256751460866,-0.6902204874571217,0.5966477983491104,1.3182544449779365,-0.9454222878458947,2026,7,6,False,True,False,False,False,False,False,True
1.4628281653915773,-1.2183632632099513,1.282288907424913,1.2309746092667273,-0.49583340082596367,-0.6440591881510569,2026,7,7,True,False,False,False,False,True,True,False
1.4628281653915773,1.6711010697590227,-0.4929695479689182,-1.3063326344037405,-1.359684755970678,2.749223934151831,2026,7,8,False,False,True,False,False,False,True,False
-1.0121788821713247,1.3401557151935812,0.6905360889603027,-1.3063326344037405,-1.1005293494272637,-0.2645221688898296,2026,7,9,False,True,False,True,False,False,False,True
0.4728253463664166,0.932397477047516,-1.4792242454099356,0.27948439289030197,-0.40944826531149214,1.5260129673007292,2026,7,10,False,True,False,False,False,True,False,True
1.4628281653915773,-0.31132128178983104,0.2960342099838957,0.9138112038079189,1.5774098515213508,0.4860923391502562,2026,7,11,True,False,False,False,False,False,True,False
0.967826755878997,-1.09823973065656,-0.09846766899251111,-0.989169228944932,-0.7549888073693778,-0.5009224590313822,2026,7,12,False,False,False,False,False,True,True,False
-0.0221760631461638,1.5203705574404296,1.5781653166572187,0.27948439289030197,1.4910247160068797,0.583505858521975,2026,7,13,False,False,True,False,True,False,True,False
0.4728253463664166,0.10642263122171555,1.1836634376808113,-0.989169228944932,-1.1005293494272637,0.15251181131937214,2026,7,14,True,False,False,False,False,True,True,False
-1.0121788821713247,1.2125281547826985,-0.19709313873661294,-0.037679012568506524,1.6637949870358226,-0.19078060128880317,2026,7,15,False,False,True,False,False,False,True,False
0.4728253463664166,-0.5512138258954715,0.8877870284485064,-0.989169228944932,-0.6686036718549063,-0.2861559754354521,2026,7,16,True,False,False,True,False,False,False,False
1.4628281653915773,-0.5747894724713708,-1.0847223664335286,-1.6234960398625489,0.4544030898332222,0.43738557946439655,2026,7,17,True,False,False,False,False,True,False,True
1.4628281653915773,1.6728736747647293,0.1974087402397941,-0.037679012568506524,-1.4460698914851493,2.749223934151831,2026,7,18,True,False,False,False,False,True,True,False
-1.0121788821713247,0.07002514177120442,-1.4792242454099356,1.548138014725536,-0.6686036718549063,-0.48739212145290534,2026,7,19,False,True,False,False,False,False,False,True
1.4628281653915773,-1.2473748984700175,-0.59159501771302,-0.989169228944932,-1.014144213912792,-0.5142686268606056,2026,7,20,False,False,True,True,False,False,True,False
1.4628281653915773,-0.9743937275911853,-0.9860968966894269,-1.6234960398625489,-1.7052252980285638,-0.11551656376061588,2026,7,21,True,False,False,True,False,False,True,False
-0.0221760631461638,-0.06782444083925346,0.6905360889603027,-0.354842418027315,-1.186914484941735,-0.15650047196111977,2026,7,22,True,False,False,False,True,False,False,False
-0.0221760631461638,-1.5868878438963747,-0.09846766899251111,0.5966477983491104,0.3680179543187507,-1.0878100599852727,2026,7,23,False,False,False,False,True,False,True,False
-1.507180291683905,-0.13494708372201406,0.7891615587044045,0.5966477983491104,-0.3230631297970206,-0.9907771580953438,2026,7,24,False,True,False,False,False,False,True,False
-0.0221760631461638,-0.28561850920708387,0.00015780075159044688,0.5966477983491104,0.7999436318911078,-0.20286213683982054,2026,7,25,False,True,False,True,False,False,False,True
-0.5171774726587443,0.9601092019700641,-1.4792242454099356,-0.989169228944932,0.6271733608621652,0.4322656604351544,2026,7,26,False,True,False,True,False,False,True,False
0.4728253463664166,-0.5068396139192805,0.7891615587044045,0.5966477983491104,1.0590990384345225,-0.23882434987735074,2026,7,27,False,False,True,False,True,False,False,False
0.4728253463664166,1.6625334788981068,1.0850379679367095,-0.6720058234861235,1.3182544449779365,1.320454971167465,2026,7,28,False,False,True,False,True,False,True,False
-1.0121788821713247,-1.1088753606908004,1.3809143771690149,0.5966477983491104,1.1454841739489936,-1.0486187373441676,2026,7,29,False,True,False,False,False,False,True,False
-0.0221760631461638,0.3090904702075154,0.1974087402397941,-0.989169228944932,-0.150292858768078,0.16704894352710023,2026,7,30,False,False,True,True,False,False,False,False
-1.507180291683905,-1.423690009704311,0.7891615587044045,-0.989169228944932,-0.6686036718549063,-1.1889438082919086,2026,7,31,True,False,False,False,False,True,False,True
1.4628281653915773,0.802938224797403,0.7891615587044045,-1.6234960398625489,0.022477412260865026,1.5755669078331542,2026,8,1,False,False,True,False,True,False,True,False
-1.507180291683905,1.7047214780339264,-1.281973305921732,0.5966477983491104,0.10886254777533654,-0.5539879027829033,2026,8,2,True,False,False,False,False,False,False,False
-1.507180291683905,1.0977224372464276,-1.1833478361776304,0.5966477983491104,-0.5822185363404352,-0.6798740653891845,2026,8,3,True,False,False,True,False,False,False,True
0.967826755878997,0.18713524581489394,-1.5778497151540374,0.9138112038079189,0.19524768328980804,1.2050173723354884,2026,8,4,False,False,False,True,False,False,False,False
1.4628281653915773,-0.05819328697491373,-0.6902204874571217,-0.037679012568506524,-1.359684755970678,1.0335676137639376,2026,8,5,False,True,False,False,True,False,True,False
-0.5171774726587443,1.152614105589812,-0.09846766899251111,-1.3063326344037405,-0.9277590783983208,0.28903070744921133,2026,8,6,False,True,False,False,False,False,False,False
-0.0221760631461638,1.5015218575464147,1.6767907864013198,-1.6234960398625489,0.8863287674055794,0.5455300562259419,2026,8,7,True,False,False,False,False,True,False,False
1.4628281653915773,1.6855773439722945,-0.2957186084807148,0.5966477983491104,-1.1005293494272637,2.749223934151831,2026,8,8,False,False,False,False,True,False,False,False
-1.507180291683905,-0.3630222611229432,0.6905360889603027,1.2309746092667273,-1.186914484941735,-1.0228104164821368,2026,8,9,True,False,False,False,False,False,False,False
1.4628281653915773,1.6914860273246501,0.5919106192162009,-0.6720058234861235,-0.7549888073693778,2.6341991825077637,2026,8,10,False,True,False,True,False,False,True,False
-0.5171774726587443,-1.1947285298005286,-1.0847223664335286,1.548138014725536,-0.40944826531149214,-0.8863897442185661,2026,8,11,False,True,False,False,False,True,False,False
0.4728253463664166,-0.8572836235474955,-1.5778497151540374,1.548138014725536,-0.5822185363404352,-0.26761622067728524,2026,8,12,True,False,False,False,False,False,False,False
-1.0121788821713247,-1.4260534830452534,0.09878327049569227,0.27948439289030197,-0.40944826531149214,-1.1168474904508783,2026,8,13,False,True,False,False,False,True,False,False
-0.0221760631461638,-0.7944152326784313,0.6905360889603027,1.2309746092667273,-1.186914484941735,-0.6094475532747177,2026,8,14,False,False,True,False,False,False,False,True
-0.0221760631461638,0.9206982840098517,1.6767907864013198,-0.6720058234861235,-1.1005293494272637,0.2317293594648638,2026,8,15,False,False,False,False,False,False,False,True
0.967826755878997,1.2144780202889762,-0.4929695479689182,-1.6234960398625489,-0.9277590783983208,2.0437755223682097,2026,8,16,True,False,False,False,False,False,False,False
0.4728253463664166,0.9585729442984513,1.282288907424913,0.5966477983491104,-0.3230631297970206,0.7433774788571342,2026,8,17,True,False,False,False,False,False,False,False
-0.0221760631461638,0.4475900079867325,-0.4929695479689182,1.2309746092667273,-0.5822185363404352,0.39120808433494936,2026,8,18,True,False,False,False,False,True,False,False
0.967826755878997,0.042845198350368506,0.5919106192162009,0.9138112038079189,1.0590990384345225,0.5171188029077975,2026,8,19,False,True,False,False,True,False,False,False
0.967826755878997,0.7159624058507271,0.2960342099838957,1.2309746092667273,0.10886254777533654,1.249868845270312,2026,8,20,False,False,False,False,False,True,False,True
0.967826755878997,-0.3827572635198112,-1.5778497151540374,0.9138112038079189,0.2816328188042792,0.5086961063752793,2026,8,21,True,False,False,False,False,False,False,False
-0.0221760631461638,1.174358060326481,-1.4792242454099356,0.9138112038079189,0.19524768328980804,1.165838327677667,2026,8,22,True,False,False,False,False,True,True,False
-0.0221760631461638,0.6070653716668123,-1.676475184898139,1.548138014725536,-0.3230631297970206,0.7488411814183159,2026,8,23,False,False,True,False,False,True,False,False
-0.0221760631461638,0.6783240928962218,-0.4929695479689182,1.548138014725536,1.6637949870358226,0.5580658771584507,2026,8,24,True,False,False,False,False,True,False,False
-0.5171774726587443,0.11877177942813877,0.7891615587044045,-0.6720058234861235,-1.6188401625140922,-0.3548021799738037,2026,8,25,True,False,False,False,False,False,False,False
0.967826755878997,1.3261521356484982,-1.1833478361776304,0.9138112038079189,-0.9277590783983208,2.439691371329698,2026,8,26,False,True,False,False,False,True,False,False
-0.5171774726587443,-0.8626014385646157,0.2960342099838957,1.548138014725536,-0.7549888073693778,-0.7775945343429924,2026,8,27,False,False,True,True,False,False,True,False
-1.0121788821713247,-0.4162594981276678,-0.7888459572012234,-0.6720058234861235,1.3182544449779365,-0.7243203648756507,2026,8,28,False,False,False,False,False,False,True,False
-0.0221760631461638,0.9542596054512319,0.9864124981926082,-1.3063326344037405,1.4910247160068797,0.41141764481967935,2026,8,29,True,False,False,False,False,True,True,False
1.4628281653915773,-0.030481562052365612,0.9864124981926082,1.2309746092667273,1.2318693094634654,0.6263560201815793,2026,8,30,False,False,False,True,False,False,True,False
0.4728253463664166,1.3399193678594874,0.8877870284485064,-0.989169228944932,-0.23667799428254913,1.1481825877159162,2026,8,31,False,True,False,False,False,True,True,False
-1.507180291683905,-0.5363830306810589,0.00015780075159044688,-1.3063326344037405,1.4910247160068797,-1.0311348891483865,2026,9,1,True,False,False,False,True,False,False,True
-1.0121788821713247,-0.45708850009244556,-0.7888459572012234,-1.6234960398625489,-1.359684755970678,-0.7395941760803921,2026,9,2,True,False,False,False,False,True,True,False
1.4628281653915773,1.3382649365208272,0.9864124981926082,1.548138014725536,0.5407882253476938,2.059835124503098,2026,9,3,True,False,False,False,False,True,False,True
-1.507180291683905,-0.12856570570146966,-1.0847223664335286,-0.037679012568506524,1.4910247160068797,-0.9229290224704233,2026,9,4,True,False,False,False,True,False,True,False
-1.507180291683905,0.05029013937433661,-0.7888459572012234,-0.6720058234861235,0.8863287674055794,-0.9000305836465948,2026,9,5,False,True,False,False,False,False,True,False
-0.0221760631461638,-0.5834752369993336,-1.1833478361776304,0.27948439289030197,-0.7549888073693778,-0.2823006886844161,2026,9,6,False,True,False,False,True,False,False,False
0.4728253463664166,-0.7773982246236469,0.5919106192162009,0.27948439289030197,0.7999436318911078,-0.4251304682220021,2026,9,7,True,False,False,False,False,False,True,False
-1.507180291683905,0.5336204375970311,0.5919106192162009,1.2309746092667273,-0.6686036718549063,-0.8781880513851519,2026,9,8,False,True,False,False,True,False,False,True
0.967826755878997,-1.3194608353687567,0.49328514947209934,-1.6234960398625489,-1.359684755970678,-0.7674651981340602,2026,9,9,False,False,True,False,False,True,True,False
1.4628281653915773,1.305530830748777,-0.2957186084807148,0.9138112038079189,0.7999436318911078,2.617010005910788,2026,9,10,False,True,False,False,False,True,True,False
-1.507180291683905,0.9596365073018754,-1.3805987756658338,0.5966477983491104,-1.1005293494272637,-0.6952829344100451,2026,9,11,False,True,False,False,False,False,False,True
-1.0121788821713247,-1.0743686499130434,1.3809143771690149,1.2309746092667273,-1.359684755970678,-1.0388700186170257,2026,9,12,True,False,False,False,False,False,True,False
0.4728253463664166,0.665206815853992,0.00015780075159044688,-1.6234960398625489,0.19524768328980804,0.8690549157475949,2026,9,13,True,False,False,True,False,False,True,False
0.4728253463664166,0.3493286038370576,-0.3943440782248163,0.5966477983491104,0.4544030898332222,0.6901892552727775,2026,9,14,False,False,False,True,False,False,True,False
-1.507180291683905,-1.095876257315618,0.2960342099838957,-0.354842418027315,-1.5324550269996209,-1.1309917271935328,2026,9,15,True,False,False,False,False,True,False,False
0.4728253463664166,-0.7893928518289289,-1.0847223664335286,-1.6234960398625489,-1.7052252980285638,-0.2521582397232906,2026,9,16,False,True,False,False,False,True,True,False
-1.0121788821713247,-0.32000704631779386,-1.281973305921732,-0.6720058234861235,1.3182544449779365,-0.657110684381475,2026,9,17,False,False,True,True,False,False,False,False
1.4628281653915773,0.6832873869122005,-0.3943440782248163,0.27948439289030197,-1.2732996204562066,1.8841249057321545,2026,9,18,True,False,False,True,False,False,False,True
-1.0121788821713247,0.4740609094052857,-0.9860968966894269,-0.354842418027315,0.2816328188042792,-0.37222463825316704,2026,9,19,False,True,False,False,False,False,False,True
-1.0121788821713247,0.10600902338705069,-0.8874714269453252,1.548138014725536,1.5774098515213508,-0.5209601277501426,2026,9,20,True,False,False,False,True,False,True,False
0.967826755878997,0.922352715348511,1.282288907424913,-0.989169228944932,0.022477412260865026,1.110943464416896,2026,9,21,False,False,False,False,False,False,True,False
-0.0221760631461638,0.8861324863985708,0.09878327049569227,1.548138014725536,-1.186914484941735,0.5732537424802074,2026,9,22,True,False,False,True,False,False,True,False
-1.507180291683905,0.4019749725065465,-0.09846766899251111,-0.6720058234861235,-0.3230631297970206,-0.866622191132044,2026,9,23,False,True,False,False,False,True,False,False
1.4628281653915773,0.9865801033886173,0.5919106192162009,-1.3063326344037405,0.4544030898332222,1.8549401394671463,2026,9,24,False,True,False,True,False,False,True,False
0.4728253463664166,-0.5783346824827841,1.479539846913117,0.5966477983491104,0.9727139029200506,-0.3842693398543338,2026,9,25,False,True,False,False,False,True,False,True
-1.0121788821713247,1.3123849034375092,-1.3805987756658338,-1.3063326344037405,0.3680179543187507,0.0004121544027027829,2026,9,26,True,False,False,False,False,True,False,False
-1.507180291683905,0.3917529503069714,1.0850379679367095,1.548138014725536,-1.6188401625140922,-0.9235920335677352,2026,9,27,True,False,False,False,False,True,True,False
1.4628281653915773,1.1088307619488562,0.1974087402397941,-0.037679012568506524,-1.186914484941735,2.160637367261079,2026,9,28,False,True,False,False,False,True,False,False
1.4628281653915773,0.1545193137098907,-1.281973305921732,0.27948439289030197,-0.40944826531149214,1.4814684439479944,2026,9,29,False,False,False,False,True,False,True,False
-1.507180291683905,-0.9786479796048814,-0.7888459572012234,0.27948439289030197,0.7135584963766364,-1.0924634156497397,2026,9,30,False,False,True,True,False,False,True,False
-0.0221760631461638,0.1411656893335669,-0.09846766899251111,-1.6234960398625489,0.2816328188042792,0.10434528289798901,2026,10,1,True,False,False,False,False,False,True,False
0.967826755878997,-0.45094346940599567,0.5919106192162009,0.5966477983491104,-1.5324550269996209,0.04922941593811439,2026,10,2,False,False,True,False,False,True,True,False
0.4728253463664166,0.6772605298927977,-0.9860968966894269,0.9138112038079189,1.0590990384345225,1.1390232121863846,2026,10,3,False,True,False,False,False,True,False,False
0.967826755878997,-0.08909570090773404,0.09878327049569227,0.27948439289030197,0.3680179543187507,0.5001383520266423,2026,10,4,True,False,False,False,False,False,False,False
1.4628281653915773,1.1563956629353196,0.5919106192162009,0.5966477983491104,1.3182544449779365,2.0426705038726896,2026,10,5,True,False,False,False,False,False,True,False
0.4728253463664166,0.6100788001765136,-0.19709313873661294,-0.6720058234861235,-0.23667799428254913,0.8726278088831092,2026,10,6,False,False,True,False,False,True,False,True
1.4628281653915773,0.6324727100819415,1.1836634376808113,0.5966477983491104,0.022477412260865026,1.2492426681228506,2026,10,7,False,False,True,False,False,False,True,False
-1.0121788821713247,-0.9830794921191481,1.1836634376808113,-0.989169228944932,-0.3230631297970206,-1.0060878032499359,2026,10,8,False,True,False,False,False,False,True,False
-1.0121788821713247,1.6684421622504624,-0.19709313873661294,-1.6234960398625489,0.7999436318911078,-0.031621103984090154,2026,10,9,False,False,False,False,True,False,True,False
-1.507180291683905,1.1755988838304756,1.5781653166572187,0.5966477983491104,0.8863287674055794,-0.8390949526103153,2026,10,10,False,True,False,False,False,False,False,False
0.4728253463664166,0.9935523497443971,-1.4792242454099356,1.548138014725536,0.7999436318911078,1.587636165400888,2026,10,11,False,False,False,True,False,False,False,True
0.4728253463664166,-0.5922791751943435,-1.7751006546422408,-0.037679012568506524,-0.6686036718549063,0.027767501158461636,2026,10,12,False,False,False,True,False,False,False,False
1.4628281653915773,0.11770821642471471,-0.4929695479689182,0.9138112038079189,0.4544030898332222,1.2048454805695186,2026,10,13,False,True,False,True,False,False,False,True
0.967826755878997,-1.2597831335099645,0.2960342099838957,-0.989169228944932,-0.49583340082596367,-0.6961423932398938,2026,10,14,False,False,True,False,False,True,True,False
-1.0121788821713247,0.1275757176231488,0.3946596797279975,0.5966477983491104,1.1454841739489936,-0.6181526434227576,2026,10,15,False,True,False,True,False,False,True,False
-0.5171774726587443,-1.2294125010788564,-0.09846766899251111,0.9138112038079189,-1.5324550269996209,-0.943457810520526,2026,10,16,True,False,False,False,True,False,False,False
-1.507180291683905,0.17791769978521907,-1.3805987756658338,0.9138112038079189,-1.5324550269996209,-0.8512256000944669,2026,10,17,True,False,False,True,False,False,False,False
0.4728253463664166,0.5086267070165665,-1.1833478361776304,0.27948439289030197,-1.359684755970678,1.0262744916935065,2026,10,18,True,False,False,False,False,True,True,False
-0.0221760631461638,-0.38500256319370635,1.1836634376808113,1.548138014725536,-1.014144213912792,-0.41395750343396776,2026,10,19,False,False,False,False,True,False,False,True
-0.0221760631461638,-0.010451125487879943,1.1836634376808113,1.2309746092667273,-1.5324550269996209,-0.19603557813416433,2026,10,20,False,False,True,True,False,False,True,False
-0.5171774726587443,1.2930635088753064,0.5919106192162009,-0.989169228944932,-1.4460698914851493,0.22574998160577303,2026,10,21,True,False,False,False,True,False,True,False
-1.0121788821713247,-1.3584581454943043,0.49328514947209934,-0.989169228944932,-0.6686036718549063,-1.101794682945241,2026,10,22,False,False,True,False,True,False,False,False
-1.0121788821713247,1.0029471562746428,0.2960342099838957,-1.3063326344037405,-1.359684755970678,-0.32265841973745873,2026,10,23,False,False,False,False,False,True,False,False
-1.0121788821713247,-1.1435002451356049,-1.0847223664335286,-1.6234960398625489,1.0590990384345225,-0.9878672760571416,2026,10,24,False,True,False,False,False,True,True,False
0.967826755878997,-1.6068591936273373,-0.2957186084807148,-1.3063326344037405,-1.5324550269996209,-1.0218772897525867,2026,10,25,False,False,False,False,True,False,True,False
1.4628281653915773,-1.092271960470681,0.5919106192162009,-0.354842418027315,1.4046395804924077,-0.44316682566554316,2026,10,26,False,True,False,True,False,False,False,False
-0.0221760631461638,0.9107126091443706,0.09878327049569227,-1.6234960398625489,1.3182544449779365,0.5898044639464385,2026,10,27,False,False,True,False,False,True,False,False
-1.0121788821713247,-0.3333606706941176,-1.676475184898139,1.2309746092667273,-1.014144213912792,-0.6376255249104746,2026,10,28,False,True,False,False,True,False,False,False
-0.0221760631461638,1.2821915315069718,1.479539846913117,-0.6720058234861235,-1.4460698914851493,0.47865188128042235,2026,10,29,False,True,False,False,False,False,False,False
-0.5171774726587443,0.07995172980316201,1.1836634376808113,1.548138014725536,-1.359684755970678,-0.42014560700887904,2026,10,30,True,False,False,False,False,False,True,False
-1.507180291683905,-1.6567875679547426,-0.8874714269453252,1.2309746092667273,0.19524768328980804,-1.2189389214536315,2026,10,31,True,False,False,False,False,True,False,True
1.4628281653915773,0.7436741307732753,0.3946596797279975,1.2309746092667273,0.3680179543187507,1.6610707834198255,2026,11,1,True,False,False,True,False,False,False,True
0.967826755878997,-1.3526676358089957,1.3809143771690149,-1.6234960398625489,-0.5822185363404352,-0.852048224974465,2026,11,2,False,True,False,False,False,False,True,False
0.4728253463664166,0.9948522600819154,-1.4792242454099356,1.2309746092667273,-0.6686036718549063,1.5889499096122277,2026,11,3,True,False,False,False,False,False,True,False
-0.5171774726587443,-1.152658704331756,0.00015780075159044688,0.5966477983491104,0.10886254777533654,-0.9079130489146365,2026,11,4,False,False,False,False,False,False,True,False
1.4628281653915773,-0.5396328065248543,-0.19709313873661294,-0.354842418027315,-0.6686036718549063,0.3170245093357148,2026,11,5,True,False,False,True,False,False,False,False
-0.0221760631461638,0.8976544189356643,-0.3943440782248163,1.2309746092667273,1.4910247160068797,0.694056820007097,2026,11,6,False,True,False,True,False,False,False,True
-0.5171774726587443,1.564685682583097,1.0850379679367095,-0.6720058234861235,-0.40944826531149214,0.2488694241287055,2026,11,7,True,False,False,False,False,True,False,False
0.4728253463664166,-0.4498208195690481,-0.4929695479689182,-0.989169228944932,-0.9277590783983208,-0.009606679956677402,2026,11,8,False,True,False,False,False,True,False,True
1.4628281653915773,1.1331745373605617,-1.5778497151540374,0.9138112038079189,-1.186914484941735,2.749223934151831,2026,11,9,False,False,True,False,False,False,True,False
0.967826755878997,-1.0742504762459961,-1.5778497151540374,-0.037679012568506524,0.4544030898332222,-0.33618875731593545,2026,11,10,False,False,True,True,False,False,False,False
-1.507180291683905,1.0563616537799378,-1.676475184898139,-1.6234960398625489,-0.5822185363404352,-0.6580438111110252,2026,11,11,True,False,False,False,True,False,True,False
0.4728253463664166,0.5389382526141512,-0.3943440782248163,0.5966477983491104,-1.014144213912792,0.859613146602542,2026,11,12,True,False,False,False,False,False,True,False
1.4628281653915773,-1.0675145772243106,0.6905360889603027,1.2309746092667273,-0.7549888073693778,-0.42677571798199826,2026,11,13,False,False,True,False,False,True,False,False
0.967826755878997,-0.6881180191695525,-1.0847223664335286,-1.3063326344037405,-0.6686036718549063,0.06489612260792954,2026,11,14,True,False,False,True,False,False,True,False
-0.0221760631461638,-1.2782182255693142,0.49328514947209934,0.9138112038079189,0.4544030898332222,-0.9019950609719635,2026,11,15,False,False,True,False,False,True,False,False
0.4728253463664166,-0.4099372069406473,0.5919106192162009,1.548138014725536,-1.1005293494272637,-0.1349771672650493,2026,11,16,True,False,False,False,False,True,False,False
-0.5171774726587443,-1.0298171774362814,-0.8874714269453252,0.27948439289030197,0.7999436318911078,-0.8006648649327908,2026,11,17,False,False,True,True,False,False,False,True
-1.0121788821713247,0.4923187409640649,0.2960342099838957,-0.989169228944932,-0.6686036718549063,-0.4903020034911077,2026,11,18,True,False,False,False,False,False,True,False
-0.5171774726587443,1.7038942623645965,0.5919106192162009,-0.6720058234861235,0.022477412260865026,0.4203928505999577,2026,11,19,True,False,False,True,False,False,False,False
-0.0221760631461638,-1.692180581235353,-0.19709313873661294,-0.989169228944932,0.5407882253476938,-1.1593661465618266,2026,11,20,False,False,False,False,False,False,False,True
1.4628281653915773,0.13602513481701745,-0.59159501771302,-0.037679012568506524,0.19524768328980804,1.2565112342267148,2026,11,21,True,False,False,False,False,True,False,True
-1.507180291683905,0.24917642101462856,0.3946596797279975,0.9138112038079189,0.5407882253476938,-0.9144940479546217,2026,11,22,True,False,False,True,False,False,False,False
0.4728253463664166,1.4263043184709268,1.5781653166572187,1.2309746092667273,-0.5822185363404352,0.9774326741915278,2026,11,23,False,True,False,False,True,False,False,False
1.4628281653915773,0.015310733928390895,-0.2957186084807148,0.9138112038079189,1.6637949870358226,1.0218053057782928,2026,11,24,True,False,False,False,False,False,True,False
-1.507180291683905,0.1456562886813572,-0.3943440782248163,-1.6234960398625489,-0.150292858768078,-0.8985572256525683,2026,11,25,True,False,False,False,True,False,False,False
-0.0221760631461638,-0.10339471462043454,-0.19709313873661294,1.2309746092667273,-0.5822185363404352,-0.05008719084255562,2026,11,26,False,True,False,False,False,False,False,False
0.4728253463664166,-0.8042236470433417,-1.4792242454099356,-0.037679012568506524,-0.6686036718549063,-0.2241767158200705,2026,11,27,False,True,False,True,False,False,False,False
0.967826755878997,-1.5400319849121942,0.09878327049569227,-1.6234960398625489,-1.5324550269996209,-0.9651407289992827,2026,11,28,True,False,False,False,True,False,False,False
0.967826755878997,-0.3211887829882649,-0.59159501771302,1.548138014725536,0.6271733608621652,0.39677001076239937,2026,11,29,False,False,True,True,False,False,True,False
1.4628281653915773,-1.5519084384504294,-1.3805987756658338,-0.6720058234861235,-0.7549888073693778,-0.8726138469744182,2026,11,30,True,False,False,False,False,False,True,False
-0.5171774726587443,0.16911376159020938,-0.19709313873661294,0.27948439289030197,1.5774098515213508,-0.2074295466213026,2026,12,1,False,True,False,False,False,False,False,False
1.4628281653915773,-0.6715146189494331,-1.7751006546422408,-0.6720058234861235,-1.014144213912792,0.4237201840698009,2026,12,2,False,False,True,False,False,False,True,False
-0.5171774726587443,0.1107359700689353,-0.3943440782248163,0.9138112038079189,0.10886254777533654,-0.21390004381173564,2026,12,3,False,True,False,False,False,False,True,False
-0.0221760631461638,-1.2695324610413514,-1.3805987756658338,1.2309746092667273,0.7999436318911078,-0.8091366733984431,2026,12,4,True,False,False,False,False,True,True,False
0.967826755878997,1.4899999250093214,-1.676475184898139,-0.354842418027315,1.3182544449779365,2.749223934151831,2026,12,5,False,True,False,False,False,False,True,False
0.4728253463664166,1.3582362862517894,1.0850379679367095,0.9138112038079189,-1.186914484941735,1.0959888807775273,2026,12,6,False,True,False,False,True,False,False,True
0.967826755878997,-1.0769684705880798,1.3809143771690149,-1.6234960398625489,1.6637949870358226,-0.6183122572054437,2026,12,7,False,True,False,False,False,False,False,False
-0.5171774726587443,-0.5466050528806341,-1.0847223664335286,-0.6720058234861235,1.4046395804924077,-0.5106343438086736,2026,12,8,True,False,False,True,False,False,True,False
1.4628281653915773,0.38684874312451595,0.09878327049569227,0.27948439289030197,1.6637949870358226,1.3526355653536604,2026,12,9,False,True,False,False,False,True,False,False
-0.0221760631461638,-1.4029505311375425,-0.7888459572012234,-1.3063326344037405,1.2318693094634654,-0.9365084719820344,2026,12,10,True,False,False,False,True,False,True,False
0.967826755878997,-0.5081395242567986,-0.09846766899251111,0.9138112038079189,1.3182544449779365,0.10972303957618589,2026,12,11,True,False,False,False,False,True,False,False
-0.0221760631461638,-0.8657330407413643,-0.2957186084807148,-0.989169228944932,0.3680179543187507,-0.5743939110001703,2026,12,12,True,False,False,False,False,True,True,False
0.967826755878997,1.430854004652241,-0.8874714269453252,-0.6720058234861235,1.2318693094634654,2.4407227219255168,2026,12,13,True,False,False,False,False,True,False,True
1.4628281653915773,1.2130599362844108,0.6905360889603027,-0.6720058234861235,0.10886254777533654,2.0611611466977227,2026,12,14,False,False,True,True,False,False,True,False
-1.507180291683905,0.27050676791663264,-1.3805987756658338,0.5966477983491104,0.19524768328980804,-0.8327595132360014,2026,12,15,False,True,False,False,False,True,False,False
1.4628281653915773,0.06488458725465496,-1.5778497151540374,-1.3063326344037405,0.2816328188042792,1.4399565824662977,2026,12,16,True,False,False,False,False,True,False,True
0.967826755878997,1.483382199654683,0.8877870284485064,-0.354842418027315,1.7501801225502938,1.7584474688416938,2026,12,17,False,True,False,False,False,False,False,True
-0.5171774726587443,1.4892908830070386,0.49328514947209934,-1.3063326344037405,-1.359684755970678,0.33937043891178353,2026,12,18,False,True,False,True,False,False,True,False
1.4628281653915773,1.6168593565843974,-0.09846766899251111,-0.037679012568506524,1.0590990384345225,2.749223934151831,2026,12,19,True,False,False,False,True,False,False,False
0.4728253463664166,-1.3003167013071244,-0.19709313873661294,0.9138112038079189,-0.7549888073693778,-0.7946486531238491,2026,12,20,True,False,False,False,True,False,True,False
-0.5171774726587443,-1.1787159979156445,-0.09846766899251111,0.9138112038079189,-0.49583340082596367,-0.9172197602435707,2026,12,21,False,False,False,False,True,False,False,False
-0.5171774726587443,0.6054700271616761,-0.2957186084807148,-1.6234960398625489,-1.4460698914851493,0.03620247567426323,2026,12,22,True,False,False,True,False,False,True,False
-0.5171774726587443,0.13779773982272422,-0.3943440782248163,-0.6720058234861235,-0.49583340082596367,-0.19938746757057466,2026,12,23,False,False,False,False,True,False,False,True
-0.0221760631461638,-1.669904844996972,-0.09846766899251111,-0.6720058234861235,1.7501801225502938,-1.1450745740197694,2026,12,24,False,True,False,True,False,False,True,False
-1.0121788821713247,-1.5194697668459967,0.00015780075159044688,-1.6234960398625489,-0.3230631297970206,-1.1470267733618544,2026,12,25,False,True,False,False,False,False,False,False
-1.0121788821713247,1.3360196368469321,0.5919106192162009,1.2309746092667273,0.6271733608621652,-0.25267391502119985,2026,12,26,False,True,False,False,False,False,False,False
-1.507180291683905,1.2696060359664543,0.6905360889603027,-1.3063326344037405,-1.2732996204562066,-0.7683737688970431,2026,12,27,False,True,False,True,False,False,False,True
-0.5171774726587443,-0.49880380456007667,-0.4929695479689182,-0.037679012568506524,1.4910247160068797,-0.5324277641369822,2026,12,28,True,False,False,False,True,False,False,False
-1.0121788821713247,1.3462416590465074,-0.3943440782248163,1.2309746092667273,1.1454841739489936,-0.11776343470150635,2026,12,29,True,False,False,True,False,False,True,False
-1.507180291683905,0.31836710307071375,-0.4929695479689182,-0.989169228944932,-0.40944826531149214,-0.8632457457290665,2026,12,30,False,True,False,True,False,False,True,False
-0.0221760631461638,1.0519301412656712,0.09878327049569227,0.9138112038079189,-0.49583340082596367,0.684885166494282,2026,12,31,False,False,False,False,False,True,True,False
-0.5171774726587443,-0.25625235294587595,-0.19709313873661294,-0.989169228944932,-0.23667799428254913,-0.4301644413682594,2027,1,1,False,False,True,True,False,False,False,False
0.4728253463664166,-1.3417365716071377,1.282288907424913,-0.989169228944932,-0.3230631297970206,-0.9057030119235968,2027,1,2,False,True,False,False,False,True,False,False
-0.0221760631461638,-0.23450839820920702,0.5919106192162009,0.9138112038079189,-0.8413739428838494,-0.24721021246001817,2027,1,3,False,True,False,False,False,False,False,False
-1.507180291683905,-0.15302765478022243,1.282288907424913,-0.989169228944932,1.7501801225502938,-1.0109007726970893,2027,1,4,False,True,False,False,False,True,True,False
-0.0221760631461638,0.1706500192618218,0.6905360889603027,-0.037679012568506524,1.0590990384345225,-0.00783865036384567,2027,1,5,False,True,False,True,False,False,False,False
0.4728253463664166,-1.3687392545274033,1.5781653166572187,-0.037679012568506524,-0.7549888073693778,-0.9391973503211326,2027,1,6,False,True,False,False,False,False,False,False
-0.0221760631461638,1.6931404586633096,0.3946596797279975,-1.6234960398625489,1.6637949870358226,1.0289265360827542,2027,1,7,True,False,False,False,False,True,False,True
-1.507180291683905,-0.8898404688189755,1.5781653166572187,0.27948439289030197,-1.6188401625140922,-1.1223603049451942,2027,1,8,False,True,False,True,False,False,False,False
0.4728253463664166,-1.0474250538263015,-1.1833478361776304,0.9138112038079189,-0.150292858768078,-0.4934328892284141,2027,1,9,True,False,False,False,False,False,True,False
0.4728253463664166,0.0872194103265596,-1.5778497151540374,0.9138112038079189,0.2816328188042792,0.6940690979903805,2027,1,10,False,False,False,False,False,True,True,False
-0.0221760631461638,0.12320329194240554,0.1974087402397941,0.9138112038079189,-1.5324550269996209,0.043434207828276776,2027,1,11,False,False,True,True,False,False,True,False
0.4728253463664166,-0.2134143986412973,1.5781653166572187,-1.3063326344037405,-1.186914484941735,-0.1469604789497982,2027,1,12,False,False,False,True,False,False,False,False
1.4628281653915773,0.9344064293873168,-0.2957186084807148,-1.6234960398625489,-0.8413739428838494,2.1581572146378005,2027,1,13,False,True,False,False,True,False,False,False
-0.0221760631461638,0.05212183121356688,-1.0847223664335286,-0.037679012568506524,0.7999436318911078,0.19871386241538672,2027,1,14,True,False,False,False,True,False,True,False
-0.5171774726587443,0.3737314660822865,0.00015780075159044688,-0.037679012568506524,1.5774098515213508,-0.1276594892280511,2027,1,15,True,False,False,False,False,True,True,False
0.4728253463664166,0.7679588193514572,0.49328514947209934,-0.6720058234861235,0.4544030898332222,0.8220302397715824,2027,1,16,False,True,False,False,False,True,True,False
-0.0221760631461638,-1.6472155009239264,-0.6902204874571217,0.5966477983491104,0.2816328188042792,-1.1206904992186308,2027,1,17,False,True,False,False,False,True,False,True
-0.5171774726587443,0.2387771383144826,0.6905360889603027,-0.354842418027315,0.10886254777533654,-0.28658570485037654,2027,1,18,False,False,True,True,False,False,True,False
0.4728253463664166,1.3225478388035612,1.5781653166572187,0.27948439289030197,-0.49583340082596367,0.9062817610633314,2027,1,19,True,False,False,False,False,True,True,False
-0.5171774726587443,-1.673627315508956,1.282288907424913,0.9138112038079189,1.1454841739489936,-1.1862794859193773,2027,1,20,True,False,False,True,False,False,True,False
0.967826755878997,-0.33318341019354697,-0.7888459572012234,-1.6234960398625489,0.19524768328980804,0.42073663413189716,2027,1,21,True,False,False,False,False,True,True,False
0.4728253463664166,1.4678423624379875,-0.6902204874571217,0.9138112038079189,-0.9277590783983208,1.7921628109383336,2027,1,22,True,False,False,True,False,False,False,False
0.967826755878997,-0.5129846446057303,-0.4929695479689182,-0.6720058234861235,-1.2732996204562066,0.17000793749843687,2027,1,23,False,True,False,True,False,False,False,True
-1.507180291683905,-0.14806436076424348,-0.3943440782248163,0.27948439289030197,1.6637949870358226,-0.9510456041897626,2027,1,24,False,True,False,False,True,False,True,False
-1.507180291683905,1.6590473557202174,-1.3805987756658338,1.548138014725536,-1.6188401625140922,-0.5557682103590187,2027,1,25,False,True,False,False,False,False,False,False
-0.0221760631461638,-1.0447661463177413,0.8877870284485064,-0.6720058234861235,1.4910247160068797,-0.7784417151895576,2027,1,26,False,True,False,True,False,False,True,False
-1.0121788821713247,-1.508184181642997,-0.4929695479689182,-0.6720058234861235,-0.9277590783983208,-1.1366518774872514,2027,1,27,False,False,False,False,False,True,False,True
0.967826755878997,1.2369310170279275,1.282288907424913,-0.6720058234861235,0.5407882253476938,1.3815747719529978,2027,1,28,True,False,False,False,True,False,True,False
0.967826755878997,1.2681879519618888,1.3809143771690149,-0.037679012568506524,-0.6686036718549063,1.3699229658169048,2027,1,29,False,False,True,False,False,True,True,False
-1.507180291683905,-0.10191754378234562,-1.676475184898139,-0.354842418027315,1.2318693094634654,-0.8963226326949615,2027,1,30,False,True,False,False,False,True,False,False
0.967826755878997,0.04367241401969822,1.6767907864013198,-1.3063326344037405,0.19524768328980804,0.2619823102755415,2027,1,31,True,False,False,True,False,False,True,False
-1.0121788821713247,1.1553320999318955,0.6905360889603027,0.9138112038079189,-1.186914484941735,-0.322130466456266,2027,2,1,False,True,False,True,False,False,True,False
-0.5171774726587443,0.8191871040163811,0.00015780075159044688,1.548138014725536,-0.7549888073693778,0.10004798874874506,2027,2,2,False,True,False,False,False,False,False,False
-0.5171774726587443,-0.8172227504185241,-0.3943440782248163,-0.037679012568506524,-0.5822185363404352,-0.7113916484780681,2027,2,3,False,True,False,True,False,False,False,False
-1.0121788821713247,-1.6753408336811393,0.00015780075159044688,1.2309746092667273,1.3182544449779365,-1.2001536070297936,2027,2,4,False,False,True,True,False,False,False,False
0.967826755878997,-0.07562390286436292,-0.6902204874571217,-0.037679012568506524,0.9727139029200506,0.6879669402984541,2027,2,5,False,False,True,False,False,False,False,False
0.967826755878997,1.235158412022221,0.3946596797279975,0.9138112038079189,1.1454841739489936,1.7231237109349082,2027,2,6,True,False,False,False,False,True,False,False
0.967826755878997,1.362785972433103,-1.4792242454099356,-1.6234960398625489,-1.5324550269996209,2.6017607506726135,2027,2,7,True,False,False,False,False,False,False,False
1.4628281653915773,1.5715397552718295,0.3946596797279975,0.27948439289030197,0.2816328188042792,2.6003365046117213,2027,2,8,False,False,False,False,False,False,False,False
-0.0221760631461638,1.3065353069186771,-0.7888459572012234,-0.989169228944932,1.7501801225502938,1.0903532864503758,2027,2,9,False,True,False,False,False,False,False,False
0.4728253463664166,0.2712748967524389,-1.676475184898139,-0.6720058234861235,0.9727139029200506,0.9032245432257264,2027,2,10,False,True,False,False,True,False,True,False
-1.0121788821713247,-0.19692917208822516,0.09878327049569227,-1.6234960398625489,-1.2732996204562066,-0.703079453795102,2027,2,11,False,True,False,False,False,True,True,False
-1.0121788821713247,0.9446284515868922,0.1974087402397941,-0.989169228944932,0.6271733608621652,-0.33030760332311304,2027,2,12,False,False,True,False,True,False,True,False
1.4628281653915773,0.8235595296971243,-0.2957186084807148,0.27948439289030197,0.8863287674055794,2.0211103652267686,2027,2,13,False,False,False,False,True,False,True,False
-1.0121788821713247,0.12639398095267773,-1.4792242454099356,-0.037679012568506524,0.10886254777533654,-0.4646655743950465,2027,2,14,False,True,False,True,False,False,False,False
-1.0121788821713247,-1.4318439927305617,1.282288907424913,-1.6234960398625489,-1.4460698914851493,-1.1382725712806803,2027,2,15,False,False,False,False,False,False,True,False
1.4628281653915773,1.467369667769799,0.2960342099838957,0.9138112038079189,-1.6188401625140922,2.5299959383802393,2027,2,16,False,False,True,False,False,False,True,False
-1.0121788821713247,-0.1588772512990546,-1.3805987756658338,-0.6720058234861235,1.5774098515213508,-0.5865736704174562,2027,2,17,False,True,False,False,True,False,True,False
0.967826755878997,-0.4778279786592139,0.00015780075159044688,0.27948439289030197,-0.8413739428838494,0.12433383968361522,2027,2,18,True,False,False,True,False,False,True,False
1.4628281653915773,0.442449453470183,-0.09846766899251111,-0.6720058234861235,-0.40944826531149214,1.4840222644709735,2027,2,19,True,False,False,True,False,False,False,False
-0.0221760631461638,0.595484352296195,-1.5778497151540374,0.27948439289030197,1.0590990384345225,0.7192144077550995,2027,2,20,False,False,False,True,False,False,False,False
-1.507180291683905,-1.0054734020245761,0.2960342099838957,-0.354842418027315,0.7135584963766364,-1.1161476454037158,2027,2,21,False,True,False,False,False,True,False,False
0.967826755878997,1.1592318309444505,0.9864124981926082,-1.6234960398625489,1.6637949870358226,1.4262543531218514,2027,2,22,False,False,True,False,True,False,True,False
0.967826755878997,-0.7315468418093667,0.7891615587044045,-0.6720058234861235,-1.359684755970678,-0.243858323023608,2027,2,23,False,True,False,False,False,True,False,True
0.4728253463664166,-1.08843131629165,-1.0847223664335286,-0.989169228944932,0.7135584963766364,-0.5410960203351715,2027,2,24,False,False,True,True,False,False,False,True
1.4628281653915773,-0.32898824501337437,1.1836634376808113,-0.037679012568506524,-1.4460698914851493,0.2702945049585076,2027,2,25,True,False,False,True,False,False,False,False
-1.507180291683905,0.7915344659273564,-0.59159501771302,-0.037679012568506524,-1.7052252980285638,-0.7722781675812133,2027,2,26,True,False,False,True,False,False,False,True
-1.0121788821713247,1.60344664537455,1.479539846913117,-1.6234960398625489,-1.2732996204562066,-0.2963467015608022,2027,2,27,False,False,True,False,False,False,False,False
-1.507180291683905,1.0636293343033354,-1.4792242454099356,1.548138014725536,0.4544030898332222,-0.668541486818464,2027,2,28,False,False,True,False,True,False,False,True
-0.0221760631461638,1.5166480869284455,-0.09846766899251111,-1.3063326344037405,0.6271733608621652,1.0532614989507587,2027,3,1,False,False,False,False,False,False,False,True
-0.5171774726587443,-1.247729419471159,0.2960342099838957,-1.3063326344037405,-0.150292858768078,-0.9672648201073376,2027,3,2,False,True,False,False,False,True,False,True
0.967826755878997,-1.487681050410323,-0.8874714269453252,1.2309746092667273,-1.5324550269996209,-0.8705511457827811,2027,3,3,False,False,True,False,False,False,False,False
1.4628281653915773,0.19404840533715018,0.8877870284485064,-0.6720058234861235,0.4544030898332222,0.89083605809262,2027,3,4,False,True,False,False,True,False,False,False
1.4628281653915773,-0.7303060183053721,0.3946596797279975,0.9138112038079189,-1.4460698914851493,-0.011251929716673702,2027,3,5,True,False,False,False,False,False,False,False
-1.507180291683905,1.128506677512201,-1.676475184898139,1.548138014725536,-1.186914484941735,-0.6431997293212082,2027,3,6,True,False,False,True,False,False,True,False
0.4728253463664166,0.5890438874421274,0.2960342099838957,-1.3063326344037405,0.10886254777533654,0.7289999604320923,2027,3,7,True,False,False,False,False,True,True,False
-0.0221760631461638,1.6217044769333293,-0.09846766899251111,1.548138014725536,-0.49583340082596367,1.125738434273579,2027,3,8,True,False,False,False,False,True,False,True
-0.5171774726587443,-0.8530293715337995,-1.0847223664335286,0.5966477983491104,-0.06390772325360648,-0.6882844839384192,2027,3,9,False,False,False,True,False,False,True,False
-0.0221760631461638,-0.054588990129976686,1.6767907864013198,1.548138014725536,0.4544030898332222,-0.29518029314886446,2027,3,10,False,True,False,True,False,False,False,False
1.4628281653915773,-0.00111540579115773,1.282288907424913,-1.6234960398625489,-1.186914484941735,0.5776369825124361,2027,3,11,False,False,True,True,False,False,True,False
-1.0121788821713247,-0.906975650540807,-0.7888459572012234,0.5966477983491104,1.4046395804924077,-0.9078639369815024,2027,3,12,True,False,False,False,True,False,True,False
-0.5171774726587443,0.3059588680307667,0.09878327049569227,-0.989169228944932,0.19524768328980804,-0.17556818000047955,2027,3,13,False,True,False,False,False,False,False,True
1.4628281653915773,-0.20147885826953893,-0.6902204874571217,-0.354842418027315,-1.6188401625140922,0.8480718423160009,2027,3,14,False,True,False,False,False,True,False,True
0.4728253463664166,-0.18960240473130408,0.8877870284485064,-1.6234960398625489,0.4544030898332222,-0.011890384847418499,2027,3,15,False,False,False,False,False,False,False,False
-0.5171774726587443,-0.47989601783253855,1.479539846913117,-1.6234960398625489,-0.06390772325360648,-0.6895491162166253,2027,3,16,False,False,False,True,False,False,True,False
1.4628281653915773,-1.6752226600140925,-0.4929695479689182,-0.037679012568506524,0.7135584963766364,-1.064064440314879,2027,3,17,False,False,False,True,False,False,False,False
0.4728253463664166,0.07097053110758147,0.9864124981926082,-0.989169228944932,0.9727139029200506,0.16607898284769948,2027,3,18,False,False,False,False,False,False,True,False
-1.0121788821713247,-0.5749076461384177,-0.09846766899251111,0.5966477983491104,1.5774098515213508,-0.8199535766712545,2027,3,19,False,True,False,False,False,True,True,False
0.4728253463664166,-1.7291689390210998,-0.3943440782248163,-0.6720058234861235,1.7501801225502938,-1.1669907741809136,2027,3,20,True,False,False,False,True,False,True,False
-0.0221760631461638,-0.6692693192755379,1.479539846913117,-0.037679012568506524,0.19524768328980804,-0.6081092530968103,2027,3,21,False,False,True,False,False,False,False,False
-1.507180291683905,-0.7706032387684378,0.00015780075159044688,1.2309746092667273,0.19524768328980804,-1.0710383348199375,2027,3,22,True,False,False,True,False,False,True,False
-0.0221760631461638,-0.373716977990707,-0.19709313873661294,0.9138112038079189,-1.6188401625140922,-0.23882434987735074,2027,3,23,True,False,False,True,False,False,False,False
1.4628281653915773,-1.27798187823522,0.5919106192162009,0.5966477983491104,1.3182544449779365,-0.6484669841498529,2027,3,24,True,False,False,False,True,False,True,False
1.4628281653915773,0.02116033044722307,-0.8874714269453252,-0.6720058234861235,-1.6188401625140922,1.1899277308800005,2027,3,25,True,False,False,False,False,False,True,False
0.967826755878997,0.6597708271698247,-0.6902204874571217,1.2309746092667273,0.4544030898332222,1.503986265290033,2027,3,26,True,False,False,False,True,False,True,False
-0.0221760631461638,0.44457657947703116,1.479539846913117,0.5966477983491104,-1.359684755970678,0.012186740371631295,2027,3,27,False,True,False,False,True,False,False,True
-0.5171774726587443,1.0445442870752266,0.5919106192162009,0.27948439289030197,-0.7549888073693778,0.10801639989977173,2027,3,28,True,False,False,False,False,True,False,False
-1.0121788821713247,-0.17134457317252486,1.0850379679367095,-0.354842418027315,-1.186914484941735,-0.7630819581018313,2027,3,29,True,False,False,False,False,True,True,False
0.967826755878997,0.06057124840743554,-0.8874714269453252,0.27948439289030197,-1.2732996204562066,0.8860476446120341,2027,3,30,True,False,False,True,False,False,False,False
0.967826755878997,1.06752906531589,0.09878327049569227,0.27948439289030197,-1.4460698914851493,1.6682042917075703,2027,3,31,False,True,False,False,False,False,False,True
0.967826755878997,-0.2553069636094992,1.5781653166572187,1.2309746092667273,-0.5822185363404352,0.03922285956201761,2027,4,1,False,False,True,False,False,True,False,False
1.4628281653915773,0.6914413699384513,-0.6902204874571217,-1.3063326344037405,-0.23667799428254913,2.004019412496061,2027,4,2,False,True,False,True,False,False,False,False
-1.507180291683905,-0.2314949696995057,-1.1833478361776304,0.27948439289030197,-0.06390772325360648,-0.9395042999032215,2027,4,3,True,False,False,False,False,False,True,False
0.4728253463664166,-0.2897545875537328,0.00015780075159044688,-0.989169228944932,-0.150292858768078,0.055466631446159834,2027,4,4,False,False,True,True,False,False,False,False
-0.5171774726587443,0.893991035257204,-0.3943440782248163,0.5966477983491104,0.10886254777533654,0.20601926246910124,2027,4,5,True,False,False,False,False,True,False,False
1.4628281653915773,-1.1293784919234746,-1.1833478361776304,0.5966477983491104,1.2318693094634654,-0.30275580883481734,2027,4,6,False,True,False,True,False,False,False,False
-1.0121788821713247,-0.5633857136013243,1.282288907424913,0.9138112038079189,0.4544030898332222,-0.889225958357067,2027,4,7,False,False,True,False,False,False,False,True
1.4628281653915773,-0.9588538903744899,1.6767907864013198,1.548138014725536,-1.6188401625140922,-0.43383555837004195,2027,4,8,True,False,False,False,False,False,True,False
-1.507180291683905,-0.49242242653953244,0.1974087402397941,-0.6720058234861235,-1.1005293494272637,-1.0291704118230178,2027,4,9,False,False,True,True,False,False,True,False
1.4628281653915773,-0.9374053698054386,0.8877870284485064,1.2309746092667273,-0.49583340082596367,-0.31058916216972493,2027,4,10,False,False,True,False,False,False,False,True
1.4628281653915773,0.26902959707854374,1.1836634376808113,-0.989169228944932,1.5774098515213508,0.8791965299398107,2027,4,11,True,False,False,True,False,False,False,False
-0.0221760631461638,1.0252228925130236,0.6905360889603027,0.9138112038079189,-1.4460698914851493,0.5248907663262873,2027,4,12,True,False,False,False,False,False,True,False
-1.0121788821713247,0.9852801930510993,-1.5778497151540374,0.9138112038079189,0.7135584963766364,-0.10676236167944174,2027,4,13,False,True,False,True,False,False,True,False
0.967826755878997,-0.47381007397961217,-1.1833478361776304,-1.3063326344037405,-1.6188401625140922,0.3301987853989685,2027,4,14,False,True,False,True,False,False,False,True
-1.0121788821713247,1.6839819994671579,-1.5778497151540374,-0.037679012568506524,-0.40944826531149214,0.1778044568834937,2027,4,15,True,False,False,True,False,False,True,False
-1.0121788821713247,0.3189579714059491,-1.7751006546422408,-0.989169228944932,0.9727139029200506,-0.36033955043468663,2027,4,16,True,False,False,False,True,False,True,False
-0.0221760631461638,-0.3531547599245091,-0.6902204874571217,-0.354842418027315,-0.49583340082596367,-0.16341297654976078,2027,4,17,True,False,False,False,False,False,True,False
0.4728253463664166,1.1543867105955188,-0.3943440782248163,-1.3063326344037405,-0.23667799428254913,1.4095317398896507,2027,4,18,False,True,False,False,False,True,False,True
1.4628281653915773,0.7891709925864143,-0.9860968966894269,-0.6720058234861235,1.4046395804924077,2.2444959930877535,2027,4,19,False,True,False,True,False,False,False,True
-0.5171774726587443,0.8562345486356511,-1.5778497151540374,1.548138014725536,-1.4460698914851493,0.3861495552221249,2027,4,20,True,False,False,False,True,False,False,False
0.967826755878997,-1.055756297353123,0.09878327049569227,-0.989169228944932,0.10886254777533654,-0.4760718208654685,2027,4,21,False,True,False,False,False,True,False,False
0.4728253463664166,-0.11491664715752804,-0.7888459572012234,-1.3063326344037405,-0.40944826531149214,0.3463443334168421,2027,4,22,False,False,True,True,False,False,True,False
-1.507180291683905,1.2452622605547488,0.9864124981926082,-0.037679012568506524,1.6637949870358226,-0.7912967636874387,2027,4,23,False,True,False,False,False,True,True,False
1.4628281653915773,0.008515748073181999,-1.7751006546422408,1.548138014725536,1.0590990384345225,1.4128713513427773,2027,4,24,True,False,False,False,True,False,False,True
0.967826755878997,0.628691152736434,1.0850379679367095,-0.989169228944932,-1.2732996204562066,0.919431481160018,2027,4,25,False,False,False,False,False,True,True,False
-0.5171774726587443,0.29851392700679863,1.479539846913117,-0.6720058234861235,1.4910247160068797,-0.3644281188681101,2027,4,26,False,True,False,True,False,False,False,False
1.4628281653915773,1.1779623571714177,0.6905360889603027,-0.037679012568506524,-1.014144213912792,2.022866116836317,2027,4,27,True,False,False,False,False,True,False,False
-1.507180291683905,-0.7501001075357636,0.7891615587044045,-0.354842418027315,-1.4460698914851493,-1.0853667413118455,2027,4,28,False,True,False,False,False,True,True,False
-0.0221760631461638,0.2554396253681256,1.479539846913117,-0.6720058234861235,0.19524768328980804,-0.09314607821798024,2027,4,29,True,False,False,True,False,False,False,False
0.4728253463664166,-1.3077616423310925,-1.0847223664335286,-0.6720058234861235,0.7999436318911078,-0.7530262897926004,2027,4,30,True,False,False,False,True,False,False,False
1.4628281653915773,0.6520304519782387,1.6767907864013198,-1.3063326344037405,0.7999436318911078,1.0891991560217218,2027,5,1,True,False,False,False,True,False,False,False
0.967826755878997,0.796379586276288,0.8877870284485064,1.2309746092667273,0.10886254777533654,1.133178892143413,2027,5,2,True,False,False,False,False,True,True,False
-1.0121788821713247,-1.58564702039238,0.6905360889603027,-0.6720058234861235,0.022477412260865026,-1.1764693772758175,2027,5,3,False,False,False,False,False,False,True,False
-0.5171774726587443,0.6022202513178804,-0.4929695479689182,0.5966477983491104,1.6637949870358226,0.0647119528586761,2027,5,4,False,True,False,False,False,True,False,False
1.4628281653915773,-0.30033113075444956,0.09878327049569227,-0.354842418027315,1.1454841739489936,0.5430007916695297,2027,5,5,False,True,False,False,False,False,False,True
0.967826755878997,-1.3047482138213913,0.49328514947209934,1.548138014725536,0.7135584963766364,-0.753345517357973,2027,5,6,False,False,False,False,False,True,True,False
-1.0121788821713247,-0.28225055969624113,0.3946596797279975,1.2309746092667273,-1.014144213912792,-0.7510127005340975,2027,5,7,True,False,False,False,True,False,False,True
0.967826755878997,-1.0623149358742376,0.6905360889603027,1.2309746092667273,1.1454841739489936,-0.5395489944414436,2027,5,8,False,False,False,False,False,True,False,False
1.4628281653915773,-0.29731770224474785,-1.4792242454099356,0.5966477983491104,0.8863287674055794,0.9014687916161781,2027,5,9,True,False,False,False,False,True,False,True
-1.507180291683905,-0.40521026025876267,-0.59159501771302,-0.037679012568506524,1.7501801225502938,-0.9911086636439997,2027,5,10,False,False,True,False,False,False,True,False
-1.0121788821713247,0.8185962356811454,-0.2957186084807148,1.2309746092667273,-1.2732996204562066,-0.3173297749923962,2027,5,11,True,False,False,False,True,False,True,False
-1.0121788821713247,0.9424422387465206,-0.8874714269453252,-0.354842418027315,0.7999436318911078,-0.20464244441593582,2027,5,12,False,False,True,False,False,False,True,False
0.967826755878997,0.36451392005261163,-1.1833478361776304,-0.6720058234861235,1.6637949870358226,1.312683007748975,2027,5,13,False,False,False,False,False,True,True,False
-0.0221760631461638,-1.6553103971166536,-1.281973305921732,1.2309746092667273,-0.06390772325360648,-1.118345404411472,2027,5,14,True,False,False,True,False,False,False,True
1.4628281653915773,1.4844457626581067,-0.4929695479689182,0.9138112038079189,0.7999436318911078,2.749223934151831,2027,5,15,False,True,False,False,False,True,True,False
-0.0221760631461638,0.6383223066007736,-0.09846766899251111,1.2309746092667273,1.6637949870358226,0.44731846794079183,2027,5,16,False,True,False,False,False,True,False,False
0.4728253463664166,-1.6155449581552999,-1.5778497151540374,-0.354842418027315,0.19524768328980804,-1.0396803655137403,2027,5,17,False,True,False,False,False,False,True,False
-1.507180291683905,1.0966588742430037,1.479539846913117,1.2309746092667273,0.7135584963766364,-0.8438588101243344,2027,5,18,False,True,False,True,False,False,False,False
-0.0221760631461638,-1.0414572836404221,0.8877870284485064,1.548138014725536,-1.6188401625140922,-0.7764281259310548,2027,5,19,False,True,False,True,False,False,True,False
0.967826755878997,0.2683796419097845,0.7891615587044045,-0.037679012568506524,0.10886254777533654,0.6786847849360872,2027,5,20,True,False,False,False,False,False,True,False
1.4628281653915773,-0.12076624367636023,-1.1833478361776304,0.27948439289030197,-0.8413739428838494,1.0763195515572734,2027,5,21,True,False,False,False,True,False,True,False
-0.0221760631461638,-0.2824869070303352,0.2960342099838957,1.548138014725536,-1.2732996204562066,-0.23911902147615605,2027,5,22,True,False,False,True,False,False,False,False
0.4728253463664166,1.3416328860316702,0.09878327049569227,1.548138014725536,0.7135584963766364,1.41246617789442,2027,5,23,True,False,False,True,False,False,True,False
-0.5171774726587443,-0.22192290266868947,1.5781653166572187,-1.6234960398625489,-1.5324550269996209,-0.5917795353296832,2027,5,24,False,True,False,False,False,False,True,False
0.4728253463664166,-1.4732638630305752,0.7891615587044045,0.9138112038079189,1.4046395804924077,-0.9818510642481999,2027,5,25,False,True,False,False,True,False,True,False
-1.0121788821713247,1.538392041665114,0.1974087402397941,0.5966477983491104,0.10886254777533654,-0.13288991010684517,2027,5,26,False,True,False,False,True,False,False,True
1.4628281653915773,1.448166446874643,1.1836634376808113,1.548138014725536,0.5407882253476938,2.0797868473388736,2027,5,27,True,False,False,False,False,True,False,False
-1.0121788821713247,0.6320591022472766,-1.281973305921732,-0.354842418027315,-0.8413739428838494,-0.2812202261554633,2027,5,28,False,True,False,False,False,True,False,False
-0.0221760631461638,-0.11639381799561696,-1.676475184898139,-0.989169228944932,-1.1005293494272637,0.15353088393190706,2027,5,29,False,True,False,False,False,False,False,False
-0.0221760631461638,-1.412758945502453,0.5919106192162009,-0.354842418027315,-0.8413739428838494,-0.9915138370923571,2027,5,30,True,False,False,False,True,False,True,False
0.4728253463664166,0.9995792067637997,-1.4792242454099356,-0.354842418027315,-0.9277590783983208,1.593713767126247,2027,5,31,False,False,True,False,False,False,False,False
0.4728253463664166,-1.4728502551959102,-1.3805987756658338,0.9138112038079189,1.3182544449779365,-0.901651277440024,2027,6,1,False,True,False,False,False,True,True,False
0.967826755878997,-1.49660316227238,0.7891615587044045,0.27948439289030197,0.9727139029200506,-0.9497073040118551,2027,6,2,True,False,False,False,False,False,True,False
-1.507180291683905,0.12379416027764123,-0.8874714269453252,-1.3063326344037405,1.2318693094634654,-0.8822397858687248,2027,6,3,False,False,True,False,False,False,False,False
0.967826755878997,-1.1801931687537335,0.3946596797279975,-0.354842418027315,0.7999436318911078,-0.6257649930585611,2027,6,4,False,False,True,True,False,False,False,False
-1.0121788821713247,-1.7070113764497659,1.3809143771690149,0.9138112038079189,0.5407882253476938,-1.2176497332088583,2027,6,5,False,False,False,True,False,False,True,False
0.967826755878997,-0.27120132182733603,-0.6902204874571217,1.548138014725536,0.10886254777533654,0.47095358576163365,2027,6,6,False,True,False,True,False,False,True,False
0.4728253463664166,-1.2594286125088232,-0.9860968966894269,-1.3063326344037405,-0.7549888073693778,-0.7121774394082157,2027,6,7,False,True,False,False,False,True,False,False
1.4628281653915773,-1.1788932584162153,-1.3805987756658338,0.5966477983491104,0.7135584963766364,-0.35173268415291514,2027,6,8,False,False,False,False,False,False,False,False
0.967826755878997,-1.4678869611799314,-1.281973305921732,-0.989169228944932,-1.2732996204562066,-0.8304144184288426,2027,6,9,True,False,False,True,False,False,True,False
-0.5171774726587443,-1.0247947965867792,-1.5778497151540374,-0.6720058234861235,0.022477412260865026,-0.7630082902021299,2027,6,10,True,False,False,True,False,False,True,False
-1.507180291683905,0.7394198787595794,-1.4792242454099356,-1.3063326344037405,-1.014144213912792,-0.7338971918368229,2027,6,11,False,False,True,True,False,False,False,True
0.4728253463664166,1.062388510799341,-0.2957186084807148,0.9138112038079189,0.022477412260865026,1.2973600846110995,2027,6,12,False,False,True,False,False,True,False,False
1.4628281653915773,-0.16951288133329456,-0.6902204874571217,-0.037679012568506524,-0.6686036718549063,0.8894609239648621,2027,6,13,False,False,False,False,False,True,False,True
-0.0221760631461638,0.01720151260114467,0.6905360889603027,0.9138112038079189,-1.5324550269996209,-0.10349641812601637,2027,6,14,False,False,False,False,False,False,True,False
0.967826755878997,-1.62086277317242,1.1836634376808113,1.548138014725536,0.022477412260865026,-1.0744025022396315,2027,6,15,False,False,True,False,False,False,False,False
0.4728253463664166,-1.4941215152643905,0.8877870284485064,0.5966477983491104,-1.1005293494272637,-1.0012993897693498,2027,6,16,False,True,False,False,False,False,True,False
-0.0221760631461638,-0.8433982176694598,0.09878327049569227,0.9138112038079189,-1.186914484941735,-0.5911656361655055,2027,6,17,False,False,False,True,False,False,False,False
-0.0221760631461638,0.1463062438501164,-1.3805987756658338,-0.354842418027315,-0.40944826531149214,0.3206096804545127,2027,6,18,False,True,False,False,True,False,True,False
-1.0121788821713247,0.8226141403607472,0.6905360889603027,-0.037679012568506524,-0.49583340082596367,-0.42583031326916465,2027,6,19,False,True,False,False,False,True,True,False
-1.0121788821713247,0.3575416736968319,-0.4929695479689182,0.27948439289030197,1.3182544449779365,-0.4620749199222166,2027,6,20,False,False,False,True,False,False,True,False
1.4628281653915773,-0.37832575100554444,-1.4792242454099356,-0.354842418027315,0.2816328188042792,0.7871730452295722,2027,6,21,False,True,False,True,False,False,False,False
0.4728253463664166,-1.3247195635523534,1.0850379679367095,-1.6234960398625489,1.2318693094634654,-0.8831606346149913,2027,6,22,False,True,False,False,False,False,False,False
1.4628281653915773,0.9650724959860427,-0.59159501771302,0.9138112038079189,-1.186914484941735,2.317709607407587,2027,6,23,False,True,False,False,False,False,False,False
0.4728253463664166,-0.4762917209876015,-0.9860968966894269,-1.3063326344037405,-0.49583340082596367,0.036398923406800204,2027,6,24,False,False,False,True,False,False,False,True
-0.5171774726587443,0.8105013394884181,1.282288907424913,0.27948439289030197,0.19524768328980804,-0.11776343470150635,2027,6,25,True,False,False,False,False,True,False,False
-1.507180291683905,0.03941816200600197,1.3809143771690149,0.5966477983491104,-1.186914484941735,-0.9871797089932625,2027,6,26,False,False,True,False,False,True,False,False
-1.507180291683905,0.8195416250175224,-0.59159501771302,0.5966477983491104,-1.2732996204562066,-0.7671459705686877,2027,6,27,False,True,False,True,False,False,False,True
0.4728253463664166,1.4023741508938865,-0.59159501771302,-1.6234960398625489,0.5407882253476938,1.6981134589863085,2027,6,28,False,False,True,False,True,False,False,False
-1.0121788821713247,1.449879965046826,0.1974087402397941,1.2309746092667273,0.5407882253476938,-0.1623202360375245,2027,6,29,False,False,True,False,True,False,True,False
0.967826755878997,0.11593561141900828,0.7891615587044045,0.27948439289030197,-0.9277590783983208,0.5380404864229739,2027,6,30,False,True,False,False,False,True,False,True
1.4628281653915773,0.03433669432297634,-1.5778497151540374,0.9138112038079189,-0.9277590783983208,1.3964188537428146,2027,7,1,True,False,False,False,False,False,True,False
-0.5171774726587443,-0.815391058579294,0.2960342099838957,1.548138014725536,0.8863287674055794,-0.7543400340039408,2027,7,2,False,True,False,False,True,False,False,False
-1.507180291683905,1.5009309892111795,1.479539846913117,1.548138014725536,-1.2732996204562066,-0.7875765347525219,2027,7,3,False,False,False,False,True,False,True,False
0.4728253463664166,-0.15090052877337432,-0.8874714269453252,-0.989169228944932,1.4910247160068797,0.3300514495995657,2027,7,4,True,False,False,False,False,False,False,False
-1.0121788821713247,-1.2926944997825858,1.3809143771690149,0.5966477983491104,1.5774098515213508,-1.1005668846168855,2027,7,5,False,False,False,False,True,False,False,False
-1.0121788821713247,-0.23805360822062058,1.479539846913117,0.5966477983491104,1.3182544449779365,-0.8091121174318759,2027,7,6,False,True,False,True,False,False,True,False
-1.0121788821713247,-1.294526191621816,-0.8874714269453252,0.9138112038079189,-1.014144213912792,-1.0506323266026705,2027,7,7,False,False,True,False,True,False,False,False
1.4628281653915773,0.003316106723109029,0.7891615587044045,0.5966477983491104,-1.6188401625140922,0.7148680016727214,2027,7,8,False,False,True,False,False,False,False,False
0.967826755878997,0.20639755354357373,-0.9860968966894269,-0.354842418027315,1.4910247160068797,1.0767861149220483,2027,7,9,False,False,True,True,False,False,True,False
-0.0221760631461638,-0.566221881610455,0.7891615587044045,-0.354842418027315,-0.49583340082596367,-0.4776311247424798,2027,7,10,False,False,False,False,True,False,True,False
1.4628281653915773,-1.4860266190716633,0.9864124981926082,-0.989169228944932,-0.6686036718549063,-0.8980169943880919,2027,7,11,True,False,False,False,False,True,True,False
0.967826755878997,1.5275791511303036,-0.8874714269453252,-0.037679012568506524,-0.8413739428838494,2.5504633365139244,2027,7,12,False,True,False,True,False,False,False,True
-1.0121788821713247,0.9394288102368192,0.6905360889603027,1.2309746092667273,-0.8413739428838494,-0.3894138148501429,2027,7,13,False,False,True,True,False,False,False,False
0.4728253463664166,1.1659677299661357,0.9864124981926082,-0.989169228944932,0.7999436318911078,0.9852046376100178,2027,7,14,False,False,True,False,False,True,False,True
-0.5171774726587443,-0.4655970041198377,-0.4929695479689182,-1.3063326344037405,1.4046395804924077,-0.5144159626600082,2027,7,15,True,False,False,False,False,True,True,False
0.967826755878997,0.8961772480975754,-1.1833478361776304,0.27948439289030197,0.9727139029200506,1.9357783814060667,2027,7,16,False,True,False,False,True,False,True,False
0.4728253463664166,-0.056007074134542104,-1.4792242454099356,1.2309746092667273,0.6271733608621652,0.5298879055226938,2027,7,17,True,False,False,False,True,False,True,False
1.4628281653915773,-1.038680202464815,0.1974087402397941,-0.989169228944932,-0.6686036718549063,-0.3383251264072739,2027,7,18,False,True,False,False,False,False,True,False
1.4628281653915773,-1.3036255639844434,1.5781653166572187,-0.6720058234861235,0.19524768328980804,-0.7522650548290201,2027,7,19,True,False,False,False,False,False,False,False
-1.0121788821713247,-0.5410508905294198,1.0850379679367095,1.548138014725536,-0.9277590783983208,-0.8721718395762104,2027,7,20,True,False,False,True,False,False,False,True
-0.5171774726587443,-1.258246875838352,-0.2957186084807148,1.2309746092667273,-1.359684755970678,-0.9513402757885678,2027,7,21,False,False,True,False,False,True,True,False
-1.507180291683905,1.7168933657397794,0.09878327049569227,0.5966477983491104,-1.2732996204562066,-0.6545445858752122,2027,7,22,False,True,False,False,False,True,False,True
-1.507180291683905,-1.5636667183216169,-0.7888459572012234,-1.6234960398625489,0.3680179543187507,-1.2018725246894912,2027,7,23,True,False,False,False,False,False,True,False
1.4628281653915773,-0.20886471245998353,-1.1833478361776304,0.9138112038079189,-1.5324550269996209,0.9558602575623231,2027,7,24,False,True,False,True,False,False,False,True
0.4728253463664166,-0.17104913900490698,-0.09846766899251111,-0.037679012568506524,1.6637949870358226,0.17375272239992084,2027,7,25,False,True,False,True,False,False,True,False
-0.5171774726587443,-0.6945584840236202,-0.19709313873661294,-1.3063326344037405,1.7501801225502938,-0.6596890608710214,2027,7,26,False,False,True,False,False,False,False,True
0.4728253463664166,0.2411996984889486,0.00015780075159044688,-0.989169228944932,-1.186914484941735,0.5078120915788636,2027,7,27,False,False,False,False,False,False,True,False
-0.5171774726587443,-1.215290747866726,1.479539846913117,-0.354842418027315,-0.23667799428254913,-0.996695146038017,2027,7,28,True,False,False,False,False,False,False,True
-0.5171774726587443,0.9759444733543771,0.2960342099838957,1.548138014725536,0.9727139029200506,0.12784534290271188,2027,7,29,False,False,True,False,True,False,True,False
1.4628281653915773,-0.5845978868362811,0.2960342099838957,-0.037679012568506524,1.5774098515213508,0.1720583607067905,2027,7,30,False,False,False,True,False,False,True,False
0.4728253463664166,0.31033129371150997,-1.3805987756658338,0.9138112038079189,1.4046395804924077,0.8769251030323533,2027,7,31,False,False,True,True,False,False,False,False
1.4628281653915773,0.7399516602612912,1.6767907864013198,-1.3063326344037405,-0.8413739428838494,1.172333380834667,2027,8,1,False,True,False,True,False,False,True,False
-0.5171774726587443,1.3393284995242516,0.8877870284485064,-0.354842418027315,-1.4460698914851493,0.1885476922566036,2027,8,2,False,False,False,False,False,False,False,False
0.967826755878997,1.155273013098372,1.282288907424913,0.27948439289030197,-0.6686036718549063,1.3113201516045006,2027,8,3,True,False,False,False,False,False,False,True
-1.0121788821713247,0.3689454325668784,-0.2957186084807148,1.548138014725536,-0.23667799428254913,-0.47617004473173685,2027,8,4,False,True,False,False,False,False,False,False
-0.5171774726587443,-0.3912066807136797,0.00015780075159044688,1.548138014725536,-0.49583340082596367,-0.5186764228594014,2027,8,5,False,True,False,False,False,False,False,False
0.967826755878997,0.005620493230527663,0.00015780075159044688,0.27948439289030197,0.9727139029200506,0.6185840567630893,2027,8,6,True,False,False,False,False,True,True,False
-0.5171774726587443,0.9234753651854586,-1.0847223664335286,-0.6720058234861235,-0.8413739428838494,0.34164186581924094,2027,8,7,False,True,False,False,False,False,False,False
0.967826755878997,1.2995630605628978,0.5919106192162009,-0.989169228944932,1.2318693094634654,1.707911289646585,2027,8,8,False,True,False,False,True,False,False,False
0.4728253463664166,-1.3750024588809004,1.3809143771690149,0.5966477983491104,-0.9277590783983208,-0.9342002111247262,2027,8,9,False,True,False,False,False,True,False,True
-1.507180291683905,-0.4034376552530561,-1.1833478361776304,-1.3063326344037405,-0.49583340082596367,-0.9730968621670258,2027,8,10,False,False,True,False,False,True,True,False
-0.0221760631461638,0.9490008772676352,-1.4792242454099356,-0.354842418027315,-0.150292858768078,0.9841487310476319,2027,8,11,False,False,False,False,False,False,False,False
-0.5171774726587443,-0.24165790506555762,0.7891615587044045,1.2309746092667273,-0.6686036718549063,-0.5210706295996946,2027,8,12,False,True,False,True,False,False,True,False
-0.0221760631461638,-0.5853660156720873,-0.7888459572012234,-0.354842418027315,0.9727139029200506,-0.3249052906783492,2027,8,13,False,False,False,False,False,False,True,False
-0.5171774726587443,-0.3119712369585901,0.3946596797279975,-1.6234960398625489,-0.3230631297970206,-0.5158402087209005,2027,8,14,False,False,False,True,False,False,True,False
0.4728253463664166,0.3500376458393403,0.5919106192162009,0.27948439289030197,1.3182544449779365,0.4651215437019454,2027,8,15,False,False,True,False,False,False,True,False
0.4728253463664166,1.7222111807568994,-0.6902204874571217,-0.6720058234861235,1.6637949870358226,2.0273721367013815,2027,8,16,False,True,False,False,False,False,True,False
0.967826755878997,-0.0296543463830359,1.0850379679367095,1.2309746092667273,1.2318693094634654,0.33665700460611797,2027,8,17,False,False,True,True,False,False,True,False
-0.5171774726587443,-1.0130365167155913,0.09878327049569227,-1.3063326344037405,0.10886254777533654,-0.8415873832168768,2027,8,18,False,False,False,True,False,False,False,True
0.4728253463664166,-1.170798362223488,1.1836634376808113,0.5966477983491104,0.022477412260865026,-0.7763912919812042,2027,8,19,False,False,True,True,False,False,True,False
0.4728253463664166,-1.5873605385645635,0.8877870284485064,-0.6720058234861235,-0.9277590783983208,-1.072020573482622,2027,8,20,False,True,False,True,False,False,False,True
-0.5171774726587443,0.19788904951618155,1.1836634376808113,-1.6234960398625489,0.3680179543187507,-0.3686763010842199,2027,8,21,True,False,False,False,True,False,True,False
0.967826755878997,0.14861063035753502,-1.676475184898139,0.5966477983491104,1.5774098515213508,1.1825241069600172,2027,8,22,True,False,False,True,False,False,True,False
0.967826755878997,-1.0243221019185906,-0.8874714269453252,1.548138014725536,-1.4460698914851493,-0.3448324575475577,2027,8,23,True,False,False,False,False,False,False,False
0.967826755878997,0.6697565020353058,-1.4792242454099356,0.27948439289030197,0.8863287674055794,1.7636287777873534,2027,8,24,False,True,False,False,False,False,False,False
0.967826755878997,0.8279910422113911,-0.2957186084807148,-0.989169228944932,1.3182544449779365,1.558463677119163,2027,8,25,False,True,False,False,True,False,False,False
-1.507180291683905,-0.8381394894858633,1.282288907424913,-0.989169228944932,1.6637949870358226,-1.1091369169488063,2027,8,26,False,False,True,True,False,False,False,False
-0.5171774726587443,-0.5443006663732153,-0.19709313873661294,0.27948439289030197,-0.5822185363404352,-0.5809994660067226,2027,8,27,False,False,False,False,False,False,True,False
1.4628281653915773,1.689949769653037,1.1836634376808113,-1.3063326344037405,-0.49583340082596367,2.3259726901574194,2027,8,28,False,True,False,False,True,False,False,False
-1.507180291683905,-0.4400714920376612,-0.6902204874571217,-0.354842418027315,-0.9277590783983208,-0.9946078888798128,2027,8,29,False,False,False,False,False,False,False,False
0.4728253463664166,0.8960590744305283,-0.59159501771302,0.27948439289030197,1.0590990384345225,1.2351966552464646,2027,8,30,False,True,False,False,True,False,True,False
-1.507180291683905,-0.1688629261645357,1.282288907424913,-0.037679012568506524,-1.186914484941735,-1.0131721996045466,2027,8,31,False,False,True,False,True,False,False,True
1.4628281653915773,1.0085604054593806,-0.2957186084807148,1.2309746092667273,-0.7549888073693778,2.2498369158160996,2027,9,1,False,False,True,False,False,True,False,False
1.4628281653915773,0.9244798413553592,0.9864124981926082,0.27948439289030197,-0.6686036718549063,1.626483704510053,2027,9,2,False,False,True,False,False,True,True,False
1.4628281653915773,0.5744494395618087,-0.9860968966894269,-1.3063326344037405,-0.40944826531149214,1.9571543503027349,2027,9,3,False,False,False,True,False,False,False,True
0.967826755878997,1.2209184851430432,1.479539846913117,0.27948439289030197,-0.23667799428254913,1.2919086600332013,2027,9,4,False,True,False,False,False,True,False,True
0.4728253463664166,1.512748355915891,0.1974087402397941,-1.3063326344037405,0.19524768328980804,1.5218261750010376,2027,9,5,False,False,False,False,True,False,False,False
-1.507180291683905,0.2710385494183448,0.8877870284485064,0.27948439289030197,1.5774098515213508,-0.9327022971641326,2027,9,6,False,True,False,False,False,False,True,False
-1.507180291683905,-0.9128843338931627,-1.4792242454099356,0.5966477983491104,-0.8413739428838494,-1.0669374884032305,2027,9,7,False,False,True,False,False,False,False,True
-0.5171774726587443,-0.3558136674330693,-0.09846766899251111,1.2309746092667273,0.9727139029200506,-0.4914438559364783,2027,9,8,False,False,True,True,False,False,True,False
-1.507180291683905,0.8874323967360892,1.3809143771690149,0.5966477983491104,0.6271733608621652,-0.8673588701290571,2027,9,9,False,False,True,False,False,True,True,False
0.4728253463664166,0.5161307348740581,1.282288907424913,-0.354842418027315,-1.2732996204562066,0.42620033669307883,2027,9,10,False,True,False,True,False,False,True,False
0.967826755878997,-1.1191564697238994,-1.5778497151540374,0.27948439289030197,1.0590990384345225,-0.39105906461013923,2027,9,11,False,False,False,False,True,False,False,False
-0.5171774726587443,-1.55657629829879,-0.6902204874571217,1.548138014725536,-1.359684755970678,-1.1027891995912087,2027,9,12,False,True,False,False,False,True,False,True
-1.507180291683905,0.6269776345642506,-0.19709313873661294,0.5966477983491104,0.8863287674055794,-0.8227161229100541,2027,9,13,False,True,False,True,False,False,False,False
-0.5171774726587443,-0.8658512144084114,-1.1833478361776304,-0.6720058234861235,0.7999436318911078,-0.6897578419324456,2027,9,14,False,False,True,False,False,False,False,True
-0.0221760631461638,-0.006551394475325048,0.7891615587044045,-1.3063326344037405,0.7135584963766364,-0.13339330742147087,2027,9,15,True,False,False,False,False,False,True,False
-0.5171774726587443,0.8474896972741649,-1.1833478361776304,0.27948439289030197,-0.7549888073693778,0.31423740713034803,2027,9,16,False,False,True,True,False,False,True,False
1.4628281653915773,0.21118358705898185,-0.59159501771302,-1.6234960398625489,0.2816328188042792,1.3527215112366455,2027,9,17,True,False,False,True,False,False,False,False
0.967826755878997,-1.4457884854421212,0.49328514947209934,-1.3063326344037405,0.8863287674055794,-0.8887471170090085,2027,9,18,False,True,False,True,False,False,False,True
1.4628281653915773,-1.092271960470681,-0.09846766899251111,1.2309746092667273,0.5407882253476938,-0.3688359148669061,2027,9,19,False,False,True,False,True,False,False,False
-0.0221760631461638,-0.9755754642616563,0.7891615587044045,0.27948439289030197,1.0590990384345225,-0.7294157279383258,2027,9,20,True,False,False,False,True,False,True,False
1.4628281653915773,-0.8423937414995594,1.5781653166572187,1.2309746092667273,0.7135584963766364,-0.30947186569092155,2027,9,21,False,True,False,False,False,False,True,False
-0.0221760631461638,0.22063748042275072,-1.3805987756658338,-1.6234960398625489,-0.7549888073693778,0.37992461769736297,2027,9,22,False,False,True,False,True,False,True,False
-0.5171774726587443,0.008279400739087651,0.6905360889603027,0.27948439289030197,-1.186914484941735,-0.39434956413013167,2027,9,23,True,False,False,False,True,False,True,False
0.4728253463664166,-1.0314716087749412,-0.9860968966894269,-0.354842418027315,0.4544030898332222,-0.49428007007497926,2027,9,24,True,False,False,False,False,True,True,False
0.967826755878997,-1.500207459117317,-0.2957186084807148,1.548138014725536,0.8863287674055794,-0.9088584536274702,2027,9,25,True,False,False,False,True,False,False,True
0.4728253463664166,-1.1411367717946623,-1.676475184898139,-0.989169228944932,-1.186914484941735,-0.5495555508175403,2027,9,26,False,False,True,False,False,True,False,False
0.967826755878997,1.6688557700851276,-1.281973305921732,1.548138014725536,-1.1005293494272637,2.749223934151831,2027,9,27,False,False,True,False,True,False,False,False
0.967826755878997,-0.11414851832172183,-0.6902204874571217,-1.3063326344037405,-1.7052252980285638,0.6452150025051184,2027,9,28,False,False,True,False,False,False,True,False
1.4628281653915773,1.2643473077828578,-0.59159501771302,0.27948439289030197,0.10886254777533654,2.7007826858544783,2027,9,29,False,True,False,True,False,False,True,False
1.4628281653915773,1.200060832909228,1.282288907424913,0.9138112038079189,0.19524768328980804,1.7831998831413387,2027,9,30,False,False,True,False,False,False,False,False
0.4728253463664166,0.03439578115649984,0.7891615587044045,0.9138112038079189,0.022477412260865026,0.17730105956886813,2027,10,1,False,False,True,False,True,False,False,True
-1.0121788821713247,0.7089901594949478,1.5781653166572187,1.2309746092667273,-0.5822185363404352,-0.5559278241417049,2027,10,2,False,False,True,True,False,False,False,False
-0.0221760631461638,-1.0674554903907871,0.2960342099838957,1.2309746092667273,-0.23667799428254913,-0.7545610377030446,2027,10,3,True,False,False,True,False,False,False,True
1.4628281653915773,0.6457672476247417,-0.9860968966894269,0.5966477983491104,0.9727139029200506,2.0525911143658018,2027,10,4,False,False,False,True,False,False,False,True
1.4628281653915773,-0.7922290198380596,-0.6902204874571217,-1.3063326344037405,-1.1005293494272637,0.08331309753326083,2027,10,5,False,False,True,False,False,True,True,False
1.4628281653915773,1.1423920833902366,-0.6902204874571217,-1.6234960398625489,-1.014144213912792,2.5878006836792125,2027,10,6,False,True,False,False,False,False,True,False
-0.5171774726587443,-1.4443113146040323,-0.6902204874571217,0.5966477983491104,0.6271733608621652,-1.0405029903937384,2027,10,7,True,False,False,False,False,True,False,False
0.4728253463664166,0.9387197682345365,0.5919106192162009,-1.3063326344037405,1.3182544449779365,0.9299537128340238,2027,10,8,False,False,False,True,False,False,True,False
0.4728253463664166,-1.3882969964237006,0.09878327049569227,-0.6720058234861235,-0.49583340082596367,-0.8849654981576738,2027,10,9,False,True,False,False,False,False,True,False
1.4628281653915773,1.312207642936939,-0.4929695479689182,-0.6720058234861235,1.4910247160068797,2.716449392524293,2027,10,10,False,False,False,False,False,False,True,False
-0.5171774726587443,-0.6822093358171969,-1.281973305921732,-1.3063326344037405,-1.5324550269996209,-0.5750323661309152,2027,10,11,False,False,True,False,True,False,True,False
1.4628281653915773,0.5282435357463874,-1.676475184898139,-0.6720058234861235,-1.2732996204562066,2.1346571546330777,2027,10,12,True,False,False,False,False,True,False,True
-0.0221760631461638,-0.04862121994409751,-0.9860968966894269,0.27948439289030197,-0.150292858768078,0.10610103450753734,2027,10,13,False,True,False,False,False,True,True,False
-0.5171774726587443,-0.46754686962611514,-1.3805987756658338,-0.037679012568506524,0.7999436318911078,-0.4394588747139098,2027,10,14,False,True,False,False,True,False,True,False
1.4628281653915773,0.49728203498004353,0.8877870284485064,1.2309746092667273,-0.40944826531149214,1.2128138917205453,2027,10,15,False,False,False,False,False,True,False,False
0.967826755878997,1.541464557008339,-1.3805987756658338,-0.037679012568506524,0.19524768328980804,2.749223934151831,2027,10,16,False,True,False,True,False,False,False,False
-1.0121788821713247,-1.5910830090765475,0.6905360889603027,-0.6720058234861235,-1.6188401625140922,-1.1781637389689479,2027,10,17,False,False,True,True,False,False,False,False
0.967826755878997,1.4423759371893343,-0.4929695479689182,-1.3063326344037405,-0.150292858768078,2.29098043779929,2027,10,18,True,False,False,False,False,True,False,True
-1.0121788821713247,0.37160434007543836,-1.4792242454099356,-0.354842418027315,-0.8413739428838494,-0.3658155309791517,2027,10,19,False,True,False,False,True,False,False,False
-0.5171774726587443,1.0568343484481262,0.9864124981926082,1.548138014725536,0.10886254777533654,0.042034517733951476,2027,10,20,False,True,False,False,False,False,False,False
0.967826755878997,-0.40680560476389876,0.1974087402397941,-0.989169228944932,0.10886254777533654,0.16164663088233655,2027,10,21,True,False,False,False,False,True,True,False
-0.0221760631461638,-0.10274475945167567,-0.9860968966894269,-0.989169228944932,0.8863287674055794,0.0647119528586761,2027,10,22,False,False,False,False,False,False,False,False
0.967826755878997,1.2695469491329308,1.282288907424913,-0.6720058234861235,0.19524768328980804,1.409629963755919,2027,10,23,True,False,False,False,True,False,False,False
0.4728253463664166,-0.29974026241921387,-1.5778497151540374,1.548138014725536,0.4544030898332222,0.30006861442112653,2027,10,24,True,False,False,False,False,False,False,True
-1.0121788821713247,0.11439935374739552,-1.0847223664335286,1.548138014725536,0.10886254777533654,-0.5016959719782461,2027,10,25,False,True,False,False,True,False,False,True
-1.0121788821713247,-1.6639370748110929,0.7891615587044045,-0.354842418027315,1.7501801225502938,-1.2015287411575517,2027,10,26,True,False,False,False,True,False,False,False
1.4628281653915773,-1.1855109837708535,0.6905360889603027,1.548138014725536,1.0590990384345225,-0.5555103727100641,2027,10,27,True,False,False,True,False,False,False,False
-0.0221760631461638,0.48434201843838465,-0.7888459572012234,-1.3063326344037405,0.8863287674055794,0.47529999184401206,2027,10,28,False,False,False,True,False,False,True,False
-1.0121788821713247,0.7445604332761289,-1.5778497151540374,-0.037679012568506524,0.4544030898332222,-0.20480205819862202,2027,10,29,True,False,False,False,True,False,True,False
-1.0121788821713247,0.28007883494744884,1.1836634376808113,-0.037679012568506524,0.10886254777533654,-0.6386200415564425,2027,10,30,True,False,False,False,False,True,True,False
1.4628281653915773,-1.2383346129409134,-0.6902204874571217,0.5966477983491104,-0.49583340082596367,-0.494206402175278,2027,10,31,False,True,False,True,False,False,True,False
-0.0221760631461638,-0.19415209091261784,-1.0847223664335286,-1.3063326344037405,0.9727139029200506,0.008343731603878699,2027,11,1,False,False,False,False,True,False,True,False
0.967826755878997,-0.5063078324175684,0.00015780075159044688,0.5966477983491104,-1.014144213912792,0.09521046333502463,2027,11,2,False,True,False,False,False,False,True,False
-0.5171774726587443,-0.020436800353361026,1.3809143771690149,0.5966477983491104,-1.6188401625140922,-0.48640988279022107,2027,11,3,False,True,False,False,False,False,False,False
0.967826755878997,1.2746284168159567,-1.5778497151540374,-0.6720058234861235,0.7135584963766364,2.533753001265007,2027,11,4,False,False,True,False,False,True,False,False
0.4728253463664166,0.9481145747647819,0.8877870284485064,0.27948439289030197,-1.186914484941735,0.8510185583040539,2027,11,5,True,False,False,False,False,False,False,False
0.4728253463664166,-1.443425012101179,0.1974087402397941,0.27948439289030197,1.4046395804924077,-0.9352929516369625,2027,11,6,True,False,False,False,False,False,False,False
-1.0121788821713247,1.343700925204995,-0.2957186084807148,-1.6234960398625489,0.9727139029200506,-0.1318340035444595,2027,11,7,True,False,False,False,True,False,True,False
0.4728253463664166,-0.10304019361929319,0.7891615587044045,-1.6234960398625489,0.3680179543187507,0.0716367354306008,2027,11,8,False,False,True,False,False,False,False,True
-0.5171774726587443,0.8375040224086838,1.5781653166572187,0.5966477983491104,-0.5822185363404352,-0.15588657279694207,2027,11,9,False,True,False,False,False,False,True,False
-1.0121788821713247,-1.249679284977436,-0.9860968966894269,1.548138014725536,0.5407882253476938,-1.0312945029310727,2027,11,10,False,False,True,False,False,False,False,True
1.4628281653915773,0.5846714617613842,-1.281973305921732,-1.6234960398625489,-0.06390772325360648,2.0758701706714207,2027,11,11,True,False,False,False,False,False,True,False
0.4728253463664166,-0.9168431517392409,1.3809143771690149,-0.989169228944932,-0.6686036718549063,-0.6105034598371034,2027,11,12,True,False,False,False,True,False,False,False
1.4628281653915773,-0.21843677949079976,0.49328514947209934,-0.037679012568506524,1.5774098515213508,0.5461685113566866,2027,11,13,True,False,False,False,False,False,True,False
-1.507180291683905,-1.6754590073481863,-0.2957186084807148,0.5966477983491104,-1.186914484941735,-1.2243044001485446,2027,11,14,False,True,False,False,False,True,True,False
-1.507180291683905,-1.2096774986819883,0.1974087402397941,-0.354842418027315,0.8863287674055794,-1.1484019074896126,2027,11,15,False,False,True,True,False,False,True,False
-1.507180291683905,-1.415417853011013,0.7891615587044045,-0.354842418027315,1.0590990384345225,-1.1876791760137024,2027,11,16,True,False,False,False,False,True,False,False
1.4628281653915773,-0.9050257850345296,0.8877870284485064,-0.6720058234861235,1.5774098515213508,-0.27619853099248964,2027,11,17,False,True,False,True,False,False,True,False
-1.507180291683905,-1.3880015622560828,1.3809143771690149,-0.6720058234861235,0.19524768328980804,-1.1888701403922073,2027,11,18,True,False,False,False,False,True,False,False
0.967826755878997,0.6579391353305944,-0.2957186084807148,0.27948439289030197,0.10886254777533654,1.3782597164664379,2027,11,19,False,False,False,True,False,False,True,False
-1.507180291683905,-1.6333300950458904,-0.7888459572012234,-0.037679012568506524,1.4910247160068797,-1.2148994649533422,2027,11,20,True,False,False,True,False,False,True,False
-1.0121788821713247,0.40156136467188164,0.3946596797279975,0.5966477983491104,1.0590990384345225,-0.5293459903328102,2027,11,21,False,False,False,True,False,False,False,True
-0.0221760631461638,-1.2473748984700175,-0.2957186084807148,1.548138014725536,0.9727139029200506,-0.844030701890304,2027,11,22,False,True,False,True,False,False,False,True
0.967826755878997,1.533310573982088,0.2960342099838957,-0.037679012568506524,1.0590990384345225,2.054911653206393,2027,11,23,False,True,False,False,True,False,False,False
-0.0221760631461638,1.4915952695144574,-0.2957186084807148,1.548138014725536,0.022477412260865026,1.091065409480822,2027,11,24,False,True,False,False,False,True,True,False
-1.0121788821713247,-0.9542451173596525,-1.281973305921732,1.2309746092667273,-1.5324550269996209,-0.9075078754662793,2027,11,25,True,False,False,True,False,False,True,False
-1.0121788821713247,0.3900985189683116,-0.19709313873661294,0.27948439289030197,-1.014144213912792,-0.4778889623914345,2027,11,26,False,True,False,False,False,True,False,True
-0.5171774726587443,-1.6369343918908275,0.5919106192162009,1.2309746092667273,0.5407882253476938,-1.1623988084328645,2027,11,27,False,True,False,False,False,False,True,False
0.967826755878997,1.487104670166667,0.9864124981926082,1.2309746092667273,-0.3230631297970206,1.720569890411929,2027,11,28,False,False,False,True,False,False,False,True
-0.0221760631461638,0.07404304645080632,-0.09846766899251111,-0.354842418027315,0.3680179543187507,0.05803272995242256,2027,11,29,False,False,True,False,False,True,True,False
-1.507180291683905,-1.5842880232213383,-1.1833478361776304,-0.037679012568506524,0.19524768328980804,-1.203751056131875,2027,11,30,False,False,True,False,True,False,False,True
-1.0121788821713247,-0.5498548287244296,-0.2957186084807148,-1.6234960398625489,-0.150292858768078,-0.800738532832492,2027,12,1,False,True,False,False,False,True,True,False
-1.507180291683905,-1.4680642216805022,0.9864124981926082,-0.989169228944932,-0.9277590783983208,-1.1972437249915913,2027,12,2,False,True,False,True,False,False,True,False
-0.0221760631461638,-0.3754895829964136,-0.3943440782248163,0.5966477983491104,0.7999436318911078,-0.21601185693650699,2027,12,3,False,True,False,False,False,False,False,False
1.4628281653915773,0.5819534674193007,0.5919106192162009,-0.989169228944932,1.4046395804924077,1.4076409304639834,2027,12,4,False,False,True,False,False,True,False,True
0.967826755878997,-0.10948065847336107,0.00015780075159044688,-1.6234960398625489,0.9727139029200506,0.500911864973506,2027,12,5,False,False,False,False,False,False,False,True
0.4728253463664166,-0.4073373862656108,-0.9860968966894269,-0.989169228944932,-1.2732996204562066,0.10230713767291892,2027,12,6,True,False,False,False,True,False,False,False
1.4628281653915773,-1.3218243087096992,0.9864124981926082,-0.6720058234861235,0.19524768328980804,-0.726051560518632,2027,12,7,False,True,False,False,False,True,False,False
1.4628281653915773,-0.8870633876433683,-1.4792242454099356,0.5966477983491104,1.1454841739489936,0.06937758650642664,2027,12,8,True,False,False,False,False,True,False,False
0.4728253463664166,-1.3875879544214178,0.00015780075159044688,0.9138112038079189,0.3680179543187507,-0.8798455791284318,2027,12,9,False,True,False,False,True,False,False,False
-1.0121788821713247,1.0574843036168855,-1.0847223664335286,-0.6720058234861235,-0.150292858768078,-0.13718720425608916,2027,12,10,True,False,False,False,True,False,False,True
-0.5171774726587443,-1.2662235983640322,-1.5778497151540374,0.27948439289030197,-0.7549888073693778,-0.9105037033874667,2027,12,11,True,False,False,False,True,False,False,False
-1.507180291683905,0.32421669958954596,0.00015780075159044688,-1.6234960398625489,-0.5822185363404352,-0.8844866568096152,2027,12,12,False,False,True,True,False,False,False,False
-1.0121788821713247,-0.5490276130551,-0.09846766899251111,0.9138112038079189,-0.8413739428838494,-0.8110274828241104,2027,12,13,False,True,False,True,False,False,False,False
-0.5171774726587443,-0.9525906860209928,0.6905360889603027,1.548138014725536,-1.014144213912792,-0.8436009724753798,2027,12,14,False,True,False,False,False,True,False,False
-1.507180291683905,0.47666073008032217,0.7891615587044045,-0.6720058234861235,0.3680179543187507,-0.8967278061433188,2027,12,15,False,False,False,False,False,True,False,True
-0.0221760631461638,-0.15403213095012266,0.6905360889603027,0.9138112038079189,0.022477412260865026,-0.2102412047932366,2027,12,16,False,True,False,False,False,True,True,False
1.4628281653915773,-0.3505549392494727,-0.3943440782248163,-0.989169228944932,0.7999436318911078,0.590860370508824,2027,12,17,False,True,False,False,False,False,True,False
1.4628281653915773,0.3155309350615829,0.3946596797279975,1.548138014725536,-0.6686036718549063,1.1753169307725708,2027,12,18,False,True,False,False,True,False,False,False
0.4728253463664166,-0.035622116568915084,0.1974087402397941,-0.354842418027315,-0.150292858768078,0.2348479672188865,2027,12,19,False,True,False,False,False,True,True,False
-0.5171774726587443,-0.6846909828251864,-0.2957186084807148,-1.6234960398625489,0.6271733608621652,-0.6474233555707508,2027,12,20,True,False,False,False,True,False,False,False
-1.507180291683905,0.19871626518551128,0.2960342099838957,1.548138014725536,1.6637949870358226,-0.9184721145384932,2027,12,21,False,False,True,True,False,False,False,True
-1.0121788821713247,0.5804762965812118,1.479539846913117,-0.989169228944932,-0.49583340082596367,-0.5811959137392595,2027,12,22,False,True,False,False,True,False,False,False
-1.507180291683905,-1.6414249912386178,-1.0847223664335286,-0.354842418027315,-0.6686036718549063,-1.2152800824351324,2027,12,23,True,False,False,False,False,False,False,True
-1.0121788821713247,-0.12342515118492055,1.3809143771690149,-0.037679012568506524,-0.150292858768078,-0.7701295205065913,2027,12,24,False,False,True,False,False,False,True,False
1.4628281653915773,-1.5343596488939328,-1.5778497151540374,0.5966477983491104,0.7999436318911078,-0.8397211297577766,2027,12,25,True,False,False,False,True,False,False,True
0.4728253463664166,-1.0893767056280266,-0.6902204874571217,-1.6234960398625489,1.5774098515213508,-0.572478545607936,2027,12,26,False,False,False,False,False,False,False,False
0.4728253463664166,0.2037386460350134,-0.7888459572012234,-0.989169228944932,0.10886254777533654,0.6443064317421354,2027,12,27,False,False,False,False,False,False,True,False
-1.507180291683905,1.2603294031032561,0.3946596797279975,-1.6234960398625489,1.0590990384345225,-0.7506075270857403,2027,12,28,False,True,False,True,False,False,False,False
-1.507180291683905,1.3177618052881535,-1.281973305921732,-0.354842418027315,-0.06390772325360648,-0.630369236789894,2027,12,29,False,False,True,False,False,True,False,True
-1.0121788821713247,-1.491935302424019,1.282288907424913,0.5966477983491104,-1.5324550269996209,-1.155498581827507,2027,12,30,True,False,False,False,False,False,True,False
-1.0121788821713247,-0.2850276408718482,1.0850379679367095,-0.6720058234861235,1.4046395804924077,-0.7966254084325015,2027,12,31,False,False,False,False,False,True,False,False
-0.5171774726587443,0.2814969189520143,0.49328514947209934,1.548138014725536,-0.6686036718549063,-0.2403836537543621,2028,1,1,True,False,False,False,True,False,False,True
1.4628281653915773,-1.2253355095657308,-0.19709313873661294,0.9138112038079189,-1.186914484941735,-0.5207882359841728,2028,1,2,False,False,False,False,True,False,True,False
-0.5171774726587443,0.9120716063154122,1.479539846913117,-0.037679012568506524,1.7501801225502938,-0.1081620517737669,2028,1,3,False,False,True,False,False,False,False,False
-0.5171774726587443,0.8388039327462018,1.0850379679367095,-0.037679012568506524,-0.49583340082596367,-0.07240856445205722,2028,1,4,False,True,False,False,True,False,False,False
-1.507180291683905,1.3887250923499452,-0.09846766899251111,1.548138014725536,-1.2732996204562066,-0.696437064838699,2028,1,5,True,False,False,True,False,False,True,False
0.967826755878997,-1.7044115557747295,0.6905360889603027,-0.354842418027315,-0.6686036718549063,-1.139966932973811,2028,1,6,False,False,False,False,False,False,False,False
0.967826755878997,-0.9847339234578077,0.1974087402397941,1.2309746092667273,0.10886254777533654,-0.4147924062972494,2028,1,7,False,False,False,False,False,False,True,False
0.967826755878997,1.1254932490024994,0.2960342099838957,-0.354842418027315,-1.359684755970678,1.6532374300849177,2028,1,8,False,True,False,False,False,False,False,False
0.967826755878997,0.5841987670931958,-0.59159501771302,1.548138014725536,-0.49583340082596367,1.390120248318351,2028,1,9,False,False,True,False,True,False,True,False
-0.5171774726587443,1.3578226784171248,-0.19709313873661294,0.27948439289030197,0.6271733608621652,0.41502737190504435,2028,1,10,False,True,False,False,True,False,True,False
-1.507180291683905,-1.536073167066116,-1.4792242454099356,0.5966477983491104,1.4910247160068797,-1.19254125739399,2028,1,11,False,True,False,False,False,False,False,False
0.967826755878997,0.32971177510723676,-0.4929695479689182,0.27948439289030197,-0.3230631297970206,1.0840792369924797,2028,1,12,True,False,False,False,False,True,True,False
0.4728253463664166,0.2332229759632683,0.5919106192162009,-1.6234960398625489,0.2816328188042792,0.3728770552926029,2028,1,13,False,True,False,False,True,False,True,False
-0.0221760631461638,-1.6104044036387504,1.479539846913117,-1.6234960398625489,0.4544030898332222,-1.132219525521888,2028,1,14,False,False,True,False,True,False,False,True
0.4728253463664166,0.04130894067875608,1.5781653166572187,1.2309746092667273,-1.4460698914851493,0.02770611124204364,2028,1,15,False,True,False,False,False,False,False,True
-1.507180291683905,0.37314059774705083,0.09878327049569227,-0.037679012568506524,-0.49583340082596367,-0.880717315941564,2028,1,16,False,False,True,False,False,True,False,True
-1.507180291683905,-1.0724778712402896,0.2960342099838957,-0.989169228944932,0.6271733608621652,-1.1271487184257802,2028,1,17,False,True,False,False,False,False,False,False
-0.0221760631461638,-0.7889201571607404,-1.0847223664335286,0.9138112038079189,0.7999436318911078,-0.4514053524488081,2028,1,18,False,True,False,False,True,False,False,True
-1.0121788821713247,0.4796741585900239,0.5919106192162009,1.548138014725536,-0.49583340082596367,-0.5231578867578988,2028,1,19,False,True,False,False,False,False,False,True
-1.0121788821713247,-0.11497573399105189,-1.5778497151540374,0.27948439289030197,-1.7052252980285638,-0.5548719175793192,2028,1,20,False,True,False,False,False,False,True,False
-1.0121788821713247,1.2320858966789963,-0.7888459572012234,-1.3063326344037405,-1.7052252980285638,-0.10779371227526034,2028,1,21,False,True,False,False,False,False,True,False
-0.5171774726587443,-0.5502684365590946,0.49328514947209934,-0.989169228944932,0.19524768328980804,-0.6396391141689773,2028,1,22,False,True,False,False,False,True,True,False
-1.0121788821713247,-0.8119640222349276,-0.6902204874571217,0.5966477983491104,0.19524768328980804,-0.8765305236418721,2028,1,23,True,False,False,False,False,False,False,False
1.4628281653915773,1.6705692882573107,-1.5778497151540374,-1.6234960398625489,0.19524768328980804,2.749223934151831,2028,1,24,False,True,False,False,True,False,False,True
-0.5171774726587443,1.4156686884366867,1.0850379679367095,-0.354842418027315,0.7999436318911078,0.18291209792945232,2028,1,25,True,False,False,False,False,False,False,False
-0.5171774726587443,-1.6335073555464612,-0.6902204874571217,1.2309746092667273,1.4910247160068797,-1.1454797474681266,2028,1,26,True,False,False,False,False,True,False,False
-1.0121788821713247,0.9303885247077148,-1.5778497151540374,-1.6234960398625489,1.7501801225502938,-0.12912056923879398,2028,1,27,False,False,False,True,False,False,True,False
-1.0121788821713247,-1.3523131148078544,-1.4792242454099356,0.9138112038079189,0.7135584963766364,-1.0607616628116028,2028,1,28,False,False,False,False,False,True,True,False
-0.0221760631461638,-1.6387069968965342,-0.8874714269453252,0.27948439289030197,0.10886254777533654,-1.1113469539398462,2028,1,29,True,False,False,False,False,False,False,False
0.967826755878997,-0.7876793336567457,-1.1833478361776304,-0.354842418027315,-1.186914484941735,-0.03764959377631522,2028,1,30,False,True,False,True,False,False,False,True
-0.0221760631461638,-0.8026873893717292,0.8877870284485064,-0.037679012568506524,-0.40944826531149214,-0.6315602011683988,2028,1,31,False,True,False,False,False,False,True,False
-0.5171774726587443,1.0983133055816634,-0.6902204874571217,1.548138014725536,0.2816328188042792,0.3701758989702209,2028,2,1,False,False,False,False,False,True,False,True
-0.0221760631461638,0.7227573917059364,0.9864124981926082,-0.989169228944932,1.7501801225502938,0.2728728814480539,2028,2,2,False,True,False,True,False,False,True,False
-0.5171774726587443,1.6592837030543115,-1.1833478361776304,-0.989169228944932,-1.2732996204562066,0.7899355914683719,2028,2,3,False,True,False,True,False,False,False,False
-1.507180291683905,0.7257117333821143,-0.09846766899251111,0.27948439289030197,1.0590990384345225,-0.8107819231584394,2028,2,4,False,True,False,False,False,False,False,False
-0.5171774726587443,-0.287981982548026,0.5919106192162009,0.27948439289030197,1.7501801225502938,-0.5233052225573014,2028,2,5,False,True,False,False,False,False,False,True
-0.5171774726587443,0.6821647370752528,0.49328514947209934,0.27948439289030197,1.0590990384345225,-0.0480613236007692,2028,2,6,False,True,False,False,False,True,True,False
-0.0221760631461638,1.7209703572529045,0.2960342099838957,-1.3063326344037405,0.9727139029200506,1.0764177754235418,2028,2,7,False,False,True,False,False,False,True,False
0.967826755878997,0.7209256998667061,1.3809143771690149,-1.3063326344037405,-0.8413739428838494,0.9059502555146755,2028,2,8,False,True,False,True,False,False,True,False
-1.507180291683905,0.8990725029402297,-0.9860968966894269,1.548138014725536,-1.7052252980285638,-0.7299927931526528,2028,2,9,True,False,False,False,True,False,False,True
0.4728253463664166,1.509794014239713,-0.09846766899251111,-0.354842418027315,-0.9277590783983208,1.6232300389399112,2028,2,10,False,True,False,False,True,False,True,False
0.4728253463664166,-1.3408502691042843,1.282288907424913,-0.6720058234861235,1.0590990384345225,-0.905064556792852,2028,2,11,False,True,False,False,False,True,True,False
0.967826755878997,0.7024315209738329,-1.4792242454099356,0.27948439289030197,-1.359684755970678,1.8031516059771144,2028,2,12,False,False,False,False,False,False,False,False
0.4728253463664166,1.207151252932055,-1.5778497151540374,-0.989169228944932,-0.6686036718549063,1.8343867954504762,2028,2,13,False,True,False,False,False,True,False,False
-1.507180291683905,1.5651583772512851,-0.9860968966894269,-0.354842418027315,0.2816328188042792,-0.6026455505356286,2028,2,14,False,False,True,False,True,False,False,True
-1.0121788821713247,-1.0044689258546757,0.3946596797279975,-1.3063326344037405,0.2816328188042792,-0.9851170078016255,2028,2,15,True,False,False,False,True,False,False,True
-1.507180291683905,0.008161227072040644,-0.8874714269453252,-1.6234960398625489,0.19524768328980804,-0.9041068740967348,2028,2,16,False,True,False,False,False,False,False,False
-0.0221760631461638,0.6186463910374294,-1.0847223664335286,0.9138112038079189,1.6637949870358226,0.6366449701731975,2028,2,17,False,False,False,True,False,False,False,True
1.4628281653915773,-0.8783185362818818,-0.19709313873661294,-0.6720058234861235,-1.7052252980285638,-0.09679263925319573,2028,2,18,False,True,False,False,False,False,False,False
-0.5171774726587443,0.34188366281308913,0.2960342099838957,0.5966477983491104,0.022477412260865026,-0.18442060594792203,2028,2,19,False,False,False,False,True,False,True,False
-0.5171774726587443,-0.8433982176694598,-0.8874714269453252,0.27948439289030197,0.022477412260865026,-0.6949023169282548,2028,2,20,False,True,False,True,False,False,False,True
-0.0221760631461638,-0.5811117636583912,-0.6902204874571217,-1.6234960398625489,-0.6686036718549063,-0.3320387989660941,2028,2,21,False,False,False,False,False,True,False,False
-0.0221760631461638,-0.20756480212246511,0.2960342099838957,1.2309746092667273,0.10886254777533654,-0.18992114245895433,2028,2,22,False,True,False,False,True,False,True,False
1.4628281653915773,0.0954915670198574,1.479539846913117,1.548138014725536,0.6271733608621652,0.6188050604621933,2028,2,23,True,False,False,False,False,True,False,False
1.4628281653915773,-0.18044394553515272,0.5919106192162009,0.27948439289030197,0.6271733608621652,0.5648310459476891,2028,2,24,False,False,True,True,False,False,True,False
-0.5171774726587443,-0.02894530438075319,0.8877870284485064,-1.3063326344037405,-1.359684755970678,-0.4341179519855637,2028,2,25,False,False,False,False,False,True,True,False
1.4628281653915773,-0.7016489040464472,-0.4929695479689182,-0.989169228944932,1.0590990384345225,0.16796979227336678,2028,2,26,False,False,False,False,True,False,False,False
1.4628281653915773,-1.1842701602668588,-0.7888459572012234,-1.6234960398625489,1.4910247160068797,-0.4149274641133685,2028,2,27,False,False,True,False,False,False,False,True
1.4628281653915773,-1.5700480963421612,-0.19709313873661294,0.27948439289030197,-1.2732996204562066,-0.9419721745432159,2028,2,28,False,False,False,False,False,True,False,False
0.967826755878997,-1.0562880788548348,0.9864124981926082,-0.989169228944932,-0.23667799428254913,-0.5625702130981077,2028,2,29,False,True,False,False,True,False,True,False
-1.0121788821713247,0.27783353527355376,-0.19709313873661294,-0.037679012568506524,0.022477412260865026,-0.5170802850325394,2028,3,1,False,True,False,False,True,False,False,True
1.4628281653915773,0.9835666748789159,1.1836634376808113,0.27948439289030197,-1.2732996204562066,1.6067284294068143,2028,3,2,False,True,False,True,False,False,True,False
-1.0121788821713247,-1.148699886485678,1.6767907864013198,-0.989169228944932,0.022477412260865026,-1.0682757885811378,2028,3,3,True,False,False,False,True,False,True,False
-1.0121788821713247,-1.3585172323278278,-1.4792242454099356,-1.3063326344037405,-1.014144213912792,-1.0632663714014479,2028,3,4,True,False,False,False,False,False,True,False
-0.0221760631461638,0.8562345486356511,-1.5778497151540374,0.9138112038079189,1.4910247160068797,0.9316112405773036,2028,3,5,True,False,False,False,False,False,True,False
1.4628281653915773,-0.6789004731398777,-1.281973305921732,0.9138112038079189,-0.150292858768078,0.3298181679171784,2028,3,6,False,True,False,False,False,True,True,False
-0.5171774726587443,1.555231789219328,-0.4929695479689182,0.27948439289030197,1.7501801225502938,0.5815659371631736,2028,3,7,False,False,True,False,False,True,False,False
0.967826755878997,0.7354019740799774,-1.281973305921732,-0.354842418027315,-1.5324550269996209,1.7792463725240346,2028,3,8,False,True,False,False,False,True,False,True
-0.5171774726587443,-0.6042738023996255,1.1836634376808113,-0.6720058234861235,-1.2732996204562066,-0.7187093265150665,2028,3,9,False,True,False,False,False,True,False,True
1.4628281653915773,-0.7329058389804086,-1.676475184898139,-0.6720058234861235,-0.150292858768078,0.31857153522944265,2028,3,10,True,False,False,False,False,False,False,True
-0.5171774726587443,0.0764656066252723,-0.6902204874571217,-1.6234960398625489,1.3182544449779365,-0.1967599791478941,2028,3,11,False,False,True,True,False,False,False,False
1.4628281653915773,-1.4601465859883456,-1.1833478361776304,-0.6720058234861235,0.19524768328980804,-0.7550153230845362,2028,3,12,False,False,True,False,False,True,False,False
0.967826755878997,-1.3269648632262485,1.479539846913117,0.27948439289030197,0.7999436318911078,-0.836430630237784,2028,3,13,True,False,False,True,False,False,False,True
-1.507180291683905,-1.1258332819120613,0.49328514947209934,-0.354842418027315,-0.23667799428254913,-1.1388005245618733,2028,3,14,False,True,False,False,True,False,False,False
0.967826755878997,0.9441557569187035,1.3809143771690149,0.9138112038079189,-1.5324550269996209,1.0952153678306633,2028,3,15,True,False,False,False,True,False,False,False
-1.507180291683905,0.04249067734922715,1.5781653166572187,-0.6720058234861235,0.5407882253476938,-0.9944973870302607,2028,3,16,False,True,False,False,False,True,False,False
0.4728253463664166,-1.6972029620848554,-0.09846766899251111,1.548138014725536,0.4544030898332222,-1.1423243057642534,2028,3,17,True,False,False,False,True,False,True,False
-1.507180291683905,0.5943617024592474,-0.9860968966894269,-0.989169228944932,-1.4460698914851493,-0.7882395458498338,2028,3,18,True,False,False,True,False,False,False,False
-1.0121788821713247,-0.2691923694875349,-1.0847223664335286,-0.037679012568506524,-1.1005293494272637,-0.649952620127163,2028,3,19,False,True,False,True,False,False,False,False
-1.0121788821713247,0.03209139464908121,-0.9860968966894269,-0.6720058234861235,-0.06390772325360648,-0.5412188001680069,2028,3,20,False,True,False,False,True,False,False,False
0.967826755878997,-0.9935969484863412,0.6905360889603027,1.548138014725536,-0.150292858768078,-0.47529830791860456,2028,3,21,False,False,False,False,False,True,True,False
-1.0121788821713247,0.17354527410447615,-1.676475184898139,-1.3063326344037405,0.8863287674055794,-0.4290717008560229,2028,3,22,False,False,False,True,False,False,False,False
-1.0121788821713247,1.650775199026919,-1.5778497151540374,-0.354842418027315,-0.40944826531149214,0.16428639728830052,2028,3,23,True,False,False,True,False,False,False,True
0.4728253463664166,-1.47982250155169,0.2960342099838957,-0.6720058234861235,0.6271733608621652,-0.9691065175998707,2028,3,24,False,True,False,False,False,False,False,True
-1.0121788821713247,-0.7523454072096588,0.3946596797279975,-0.354842418027315,0.7135584963766364,-0.9033947510662886,2028,3,25,False,True,False,False,False,True,True,False
-0.0221760631461638,-0.8937992866650537,0.49328514947209934,0.9138112038079189,0.5407882253476938,-0.6559688319361046,2028,3,26,True,False,False,False,False,False,True,False
-0.0221760631461638,-0.8745960657698978,-0.4929695479689182,-0.6720058234861235,0.3680179543187507,-0.5649030299219829,2028,3,27,False,False,False,False,True,False,False,False
-0.0221760631461638,-0.4247089153215365,0.9864124981926082,-0.037679012568506524,1.0590990384345225,-0.41382244561784864,2028,3,28,False,True,False,False,True,False,True,False
-1.507180291683905,1.0941181404014906,0.09878327049569227,-0.6720058234861235,0.5407882253476938,-0.7593617291669144,2028,3,29,False,False,True,False,False,False,True,False
0.967826755878997,1.4216364586225658,-1.3805987756658338,-1.6234960398625489,1.1454841739489936,2.6324925428313497,2028,3,30,False,True,False,False,False,True,True,False
0.967826755878997,-1.0347213846187366,0.9864124981926082,-1.3063326344037405,0.4544030898332222,-0.5432078334599427,2028,3,31,False,False,False,True,False,False,False,True
-0.5171774726587443,0.1430564680063207,1.479539846913117,-0.037679012568506524,-1.186914484941735,-0.4293540944715447,2028,4,1,True,False,False,False,True,False,False,False
0.4728253463664166,0.4677977050517887,-1.5778497151540374,0.5966477983491104,-0.6686036718549063,1.0815745284026346,2028,4,2,False,False,True,False,False,True,False,False
-0.0221760631461638,0.07002514177120442,-0.3943440782248163,0.9138112038079189,-0.5822185363404352,0.10245447347232171,2028,4,3,False,True,False,False,False,True,False,False
-0.0221760631461638,-0.23332666153873596,-0.09846766899251111,-0.6720058234861235,-1.359684755970678,-0.1540080413545583,2028,4,4,True,False,False,False,True,False,False,False
-1.0121788821713247,-1.0701143978993473,-1.281973305921732,-0.037679012568506524,0.7135584963766364,-0.9532556411808023,2028,4,5,False,True,False,False,True,False,True,False
-0.0221760631461638,-0.04613957293610803,1.1836634376808113,-0.989169228944932,0.3680179543187507,-0.21679764786665445,2028,4,6,False,True,False,False,False,True,False,False
-1.0121788821713247,-0.3468915555710121,-0.7888459572012234,0.9138112038079189,0.3680179543187507,-0.6983769861975007,2028,4,7,False,False,False,True,False,False,True,False
-1.0121788821713247,1.0161826069839193,0.8877870284485064,0.5966477983491104,-0.06390772325360648,-0.38909458728477053,2028,4,8,False,False,False,False,False,False,False,False
-0.5171774726587443,0.9057493151283916,0.49328514947209934,-1.6234960398625489,0.19524768328980804,0.05926052828077798,2028,4,9,False,False,False,False,True,False,True,False
-1.507180291683905,-1.2705369372112518,0.2960342099838957,-1.3063326344037405,-1.7052252980285638,-1.1596608181606318,2028,4,10,True,False,False,False,False,False,False,False
-1.0121788821713247,-1.4277670012174364,-1.0847223664335286,1.2309746092667273,-1.359684755970678,-1.0977429484616679,2028,4,11,False,False,True,False,False,True,False,False
-1.0121788821713247,1.4053875794035877,-0.9860968966894269,0.9138112038079189,0.6271733608621652,-0.016138567063528293,2028,4,12,False,True,False,False,False,False,True,False
0.967826755878997,0.11729460859004985,-1.5778497151540374,1.2309746092667273,-0.8413739428838494,1.1196853885147868,2028,4,13,False,True,False,True,False,False,True,False
-0.5171774726587443,1.2313177678431892,-0.9860968966894269,-0.989169228944932,-1.359684755970678,0.5010837567394759,2028,4,14,False,True,False,False,False,True,True,False
-1.0121788821713247,-1.5327052175552733,-0.59159501771302,-0.989169228944932,-0.5822185363404352,-1.144313339056189,2028,4,15,True,False,False,True,False,False,False,False
0.4728253463664166,0.08621493415665904,1.0850379679367095,1.2309746092667273,-0.8413739428838494,0.15765628631518142,2028,4,16,True,False,False,False,False,True,True,False
-1.507180291683905,0.13082549346694447,-0.4929695479689182,0.9138112038079189,-1.6188401625140922,-0.8971452575749596,2028,4,17,False,True,False,True,False,False,True,False
0.4728253463664166,1.2413625295421942,0.7891615587044045,-0.989169228944932,-0.3230631297970206,1.105271036139894,2028,4,18,True,False,False,False,False,True,False,False
-0.0221760631461638,-1.3963328057829043,-0.2957186084807148,1.2309746092667273,-1.6188401625140922,-0.9492652966136471,2028,4,19,False,False,True,True,False,False,False,False
-1.507180291683905,-0.9026032248600637,0.8877870284485064,1.548138014725536,-1.7052252980285638,-1.1107330547756684,2028,4,20,True,False,False,False,False,True,True,False
-0.0221760631461638,-0.32851555034518604,1.5781653166572187,-0.354842418027315,1.0590990384345225,-0.4307660625491534,2028,4,21,False,True,False,True,False,False,False,False
0.967826755878997,1.2591476664327848,-0.9860968966894269,-0.037679012568506524,-0.5822185363404352,2.284325770859603,2028,4,22,False,True,False,False,False,True,False,True
1.4628281653915773,1.511625706078943,1.1836634376808113,-0.989169228944932,0.2816328188042792,2.1443935953769366,2028,4,23,False,True,False,True,False,False,False,True
1.4628281653915773,1.6976901448446233,0.3946596797279975,1.2309746092667273,-0.6686036718549063,2.7434609557481124,2028,4,24,False,True,False,False,True,False,True,False
1.4628281653915773,1.5818208643049285,1.0850379679367095,0.5966477983491104,1.4910247160068797,2.2653931206363627,2028,4,25,True,False,False,False,False,False,False,True
-1.0121788821713247,-1.7131564071362155,0.49328514947209934,-1.3063326344037405,0.7999436318911078,-1.2153046384016994,2028,4,26,True,False,False,False,False,True,False,False
-0.5171774726587443,-1.5688072728381663,-0.2957186084807148,-0.037679012568506524,-0.40944826531149214,-1.1159020857380446,2028,4,27,False,False,True,True,False,False,False,True
0.4728253463664166,-1.2235038177265007,-0.9860968966894269,-1.3063326344037405,-1.014144213912792,-0.6778359201641146,2028,4,28,True,False,False,False,True,False,False,False
-0.0221760631461638,-0.5278745266536665,-1.5778497151540374,0.9138112038079189,-1.186914484941735,-0.19582685241834397,2028,4,29,False,False,True,False,False,True,False,False
-1.0121788821713247,1.1349471423662685,0.09878327049569227,-0.037679012568506524,0.8863287674055794,-0.25473661621283705,2028,4,30,False,True,False,False,False,True,False,False
1.4628281653915773,1.3517958213977221,1.6767907864013198,0.9138112038079189,-0.150292858768078,1.7508105632393232,2028,5,1,True,False,False,False,False,True,False,False
0.4728253463664166,-1.0878995347899378,0.7891615587044045,-0.6720058234861235,-0.9277590783983208,-0.6855710496327537,2028,5,2,False,False,True,False,False,False,False,False
0.4728253463664166,0.40817909002652003,-0.6902204874571217,-0.989169228944932,1.4910247160068797,0.8123060770110077,2028,5,3,False,True,False,True,False,False,True,False
0.967826755878997,1.4372353826727848,1.0850379679367095,-1.3063326344037405,-0.3230631297970206,1.6351642386915262,2028,5,4,False,True,False,True,False,False,True,False
0.967826755878997,-0.13081100537536514,0.8877870284485064,0.5966477983491104,0.19524768328980804,0.28930082308144955,2028,5,5,False,False,False,False,False,True,True,False
1.4628281653915773,-1.37582967455023,-0.7888459572012234,-0.6720058234861235,1.2318693094634654,-0.6657052726799629,2028,5,6,False,True,False,False,False,True,False,True
-0.0221760631461638,-0.15125504977451568,-1.676475184898139,-1.3063326344037405,1.1454841739489936,0.12484951498152458,2028,5,7,False,False,True,False,False,True,False,False
1.4628281653915773,-0.4347536770205411,-1.3805987756658338,1.548138014725536,0.5407882253476938,0.6873653191175598,2028,5,8,False,True,False,False,True,False,False,False
1.4628281653915773,0.26300274005914104,1.282288907424913,0.9138112038079189,1.4046395804924077,0.8427186416043714,2028,5,9,False,False,True,False,False,True,False,False
-1.0121788821713247,-0.2174323033208992,1.0850379679367095,0.5966477983491104,1.5774098515213508,-0.7766859635800094,2028,5,10,False,True,False,False,False,False,True,False
-0.5171774726587443,-1.6737454891760035,-0.7888459572012234,-0.354842418027315,1.4910247160068797,-1.1668802723313618,2028,5,11,False,True,False,True,False,False,True,False
1.4628281653915773,1.7021216573588902,-0.7888459572012234,0.5966477983491104,-0.49583340082596367,2.749223934151831,2028,5,12,True,False,False,False,False,False,False,False
-0.0221760631461638,0.1450654203461218,0.9864124981926082,-0.354842418027315,-0.3230631297970206,-0.07285057185026506,2028,5,13,False,True,False,False,False,True,False,True
0.4728253463664166,-0.09659972876522564,1.479539846913117,0.27948439289030197,-0.8413739428838494,-0.048933060413901594,2028,5,14,True,False,False,False,True,False,True,False
0.4728253463664166,1.5659855929206155,0.8877870284485064,-0.354842418027315,1.1454841739489936,1.3196446242707505,2028,5,15,False,True,False,False,False,True,True,False
-1.507180291683905,-1.1949648771346226,0.2960342099838957,-0.354842418027315,-1.2732996204562066,-1.147260055044242,2028,5,16,False,True,False,False,False,True,True,False
1.4628281653915773,-1.07962737809664,-0.9860968966894269,-0.6720058234861235,-0.49583340082596367,-0.256332754039699,2028,5,17,False,True,False,False,False,True,True,False
-1.0121788821713247,1.0592569086225923,0.00015780075159044688,-0.354842418027315,-1.7052252980285638,-0.2682423978247466,2028,5,18,False,True,False,False,False,True,True,False
-1.507180291683905,-0.8321126324664605,-0.9860968966894269,0.27948439289030197,0.3680179543187507,-1.060945832560856,2028,5,19,False,False,False,False,False,True,False,False
0.967826755878997,1.028886276191484,0.9864124981926082,-0.989169228944932,0.5407882253476938,1.3092451724295797,2028,5,20,False,True,False,True,False,False,True,False
-0.5171774726587443,-0.795124274680714,-0.3943440782248163,-0.6720058234861235,-0.8413739428838494,-0.6995433946094384,2028,5,21,True,False,False,False,False,False,True,False
-0.0221760631461638,-1.6190310813331896,1.0850379679367095,0.5966477983491104,0.7999436318911078,-1.130267326179803,2028,5,22,False,True,False,False,True,False,False,False
1.4628281653915773,0.05336265471756145,-0.4929695479689182,-0.037679012568506524,-0.40944826531149214,1.1234178954329872,2028,5,23,False,True,False,False,False,True,False,True
0.4728253463664166,-1.0538655186803692,1.0850379679367095,0.5966477983491104,-0.6686036718549063,-0.683361012641714,2028,5,24,False,False,False,False,True,False,True,False
-1.0121788821713247,0.8858370522309529,-0.59159501771302,1.548138014725536,1.5774098515213508,-0.2598074233089449,2028,5,25,False,True,False,True,False,False,False,False
0.4728253463664166,0.4826285002662017,-0.2957186084807148,-1.3063326344037405,0.3680179543187507,0.7853436257203226,2028,5,26,False,False,False,False,False,False,True,False
1.4628281653915773,1.458802076908883,0.3946596797279975,0.9138112038079189,-0.8413739428838494,2.4724244747636535,2028,5,27,False,True,False,False,False,True,False,True
0.967826755878997,0.9727537843441052,-1.5778497151540374,0.27948439289030197,1.6637949870358226,2.1649101054437554,2028,5,28,False,False,True,True,False,False,False,False
-1.507180291683905,-1.1088753606908004,1.479539846913117,-0.354842418027315,-0.3230631297970206,-1.1509188940627413,2028,5,29,True,False,False,True,False,False,False,True
1.4628281653915773,1.032076965201756,0.1974087402397941,1.548138014725536,0.5407882253476938,2.0713150388732218,2028,5,30,False,False,False,False,False,False,True,False
-1.507180291683905,0.48451927893895547,0.00015780075159044688,0.27948439289030197,0.7999436318911078,-0.8571804219869907,2028,5,31,True,False,False,False,False,True,False,False
-0.0221760631461638,0.5785855179084577,1.0850379679367095,-1.3063326344037405,-0.23667799428254913,0.166643770078743,2028,6,1,True,False,False,False,False,False,False,False
-1.0121788821713247,1.1430420385589959,1.1836634376808113,1.548138014725536,0.10886254777533654,-0.38757211735760977,2028,6,2,False,True,False,False,False,False,True,False
0.967826755878997,0.24976728934986425,0.00015780075159044688,-0.6720058234861235,-0.8413739428838494,0.8681831789344627,2028,6,3,False,True,False,False,True,False,True,False
-1.0121788821713247,-0.12295245651673185,1.3809143771690149,0.27948439289030197,-0.06390772325360648,-0.7699944626904723,2028,6,4,False,False,False,False,True,False,False,False
-0.0221760631461638,0.46691140254893543,-1.5778497151540374,-1.3063326344037405,-0.6686036718549063,0.6144832103463823,2028,6,5,False,True,False,False,False,False,False,False
0.967826755878997,-0.7037760300532951,-1.3805987756658338,0.5966477983491104,0.19524768328980804,0.08858035236190553,2028,6,6,True,False,False,False,True,False,True,False
0.967826755878997,-1.10255306950378,0.2960342099838957,1.2309746092667273,0.6271733608621652,-0.5412801900844249,2028,6,7,False,False,True,True,False,False,False,False
-1.507180291683905,0.39754345999227975,-0.59159501771302,1.2309746092667273,0.4544030898332222,-0.8443130955058259,2028,6,8,False,True,False,False,False,False,True,False
-1.507180291683905,-0.9254107426001565,-0.19709313873661294,1.548138014725536,0.9727139029200506,-1.0936912139780952,2028,6,9,False,False,False,False,False,True,True,False
-1.507180291683905,-1.4574876784797854,-0.6902204874571217,-0.354842418027315,-1.5324550269996209,-1.1827679827002808,2028,6,10,False,False,True,False,False,True,False,False
0.4728253463664166,-1.7318278465296597,-0.3943440782248163,-0.354842418027315,-1.4460698914851493,-1.1693604249546397,2028,6,11,True,False,False,True,False,False,True,False
-0.5171774726587443,0.3690045194004019,1.0850379679367095,0.5966477983491104,-1.014144213912792,-0.280348489342331,2028,6,12,False,False,False,False,False,True,True,False
1.4628281653915773,-0.4819049701723393,0.2960342099838957,-1.6234960398625489,1.6637949870358226,0.2900743360283133,2028,6,13,False,True,False,False,False,True,True,False
-1.507180291683905,0.8666929181693208,1.6767907864013198,-0.037679012568506524,1.0590990384345225,-0.8870404773325944,2028,6,14,False,True,False,False,False,False,False,False
-0.5171774726587443,-0.4368808030273892,0.9864124981926082,-1.3063326344037405,1.4910247160068797,-0.6283924814812417,2028,6,15,True,False,False,True,False,False,False,False
-0.5171774726587443,-0.05382086129417048,-0.7888459572012234,-1.6234960398625489,-0.7549888073693778,-0.2580148377495459,2028,6,16,False,True,False,False,False,False,False,True
-1.0121788821713247,-0.32662477167243226,-0.8874714269453252,0.27948439289030197,0.2816328188042792,-0.6845888109700694,2028,6,17,False,False,True,True,False,False,True,False
-0.0221760631461638,0.5150671718706341,-0.59159501771302,-0.6720058234861235,0.19524768328980804,0.45943683744166,2028,6,18,False,False,False,False,False,False,False,False
0.4728253463664166,-0.5027035355726314,1.1836634376808113,-1.6234960398625489,0.2816328188042792,-0.2904901035345467,2028,6,19,True,False,False,False,False,False,True,False
-0.5171774726587443,1.5975970488557178,-1.676475184898139,1.2309746092667273,0.7999436318911078,0.8603866595494057,2028,6,20,False,True,False,False,True,False,False,False
1.4628281653915773,1.5021718127151737,-0.9860968966894269,1.548138014725536,-0.3230631297970206,2.749223934151831,2028,6,21,False,False,False,False,False,True,False,False
0.4728253463664166,1.1975791859012388,1.3809143771690149,1.548138014725536,0.6271733608621652,0.8833464882896521,2028,6,22,True,False,False,True,False,False,True,False
-1.0121788821713247,1.4473983180388368,0.3946596797279975,-0.037679012568506524,1.0590990384345225,-0.19032631590731167,2028,6,23,True,False,False,False,False,True,False,False
-1.507180291683905,-0.18121207437095893,-0.9860968966894269,1.2309746092667273,-0.6686036718549063,-0.9365084719820344,2028,6,24,True,False,False,False,True,False,True,False
0.967826755878997,0.12048529760032205,-0.9860968966894269,-0.037679012568506524,1.5774098515213508,0.9782430210882425,2028,6,25,False,False,False,True,False,False,True,False
-0.5171774726587443,0.8313589917222337,1.1836634376808113,-0.989169228944932,0.10886254777533654,-0.09224978543828076,2028,6,26,True,False,False,False,True,False,True,False
-0.0221760631461638,0.6725926700444367,1.282288907424913,-0.037679012568506524,0.7999436318911078,0.1806406710219949,2028,6,27,False,False,True,False,False,True,False,False
0.967826755878997,1.3450008355425125,-0.8874714269453252,1.2309746092667273,0.7999436318911078,2.343309202553798,2028,6,28,False,False,True,False,False,False,False,False
-1.0121788821713247,0.7423151336022337,-0.2957186084807148,0.9138112038079189,0.2816328188042792,-0.3442799482997977,2028,6,29,False,True,False,False,True,False,True,False
0.4728253463664166,1.7155343685687374,1.0850379679367095,-0.037679012568506524,-0.5822185363404352,1.3595603479255849,2028,6,30,True,False,False,False,True,False,True,False
1.4628281653915773,-0.5290562633241378,0.8877870284485064,-1.6234960398625489,0.6271733608621652,0.12302009547227499,2028,7,1,False,False,True,False,False,False,True,False
-1.507180291683905,1.1455827724005088,0.9864124981926082,1.2309746092667273,-1.4460698914851493,-0.8062022353936736,2028,7,2,True,False,False,False,False,True,True,False
0.4728253463664166,0.6777332245609861,0.00015780075159044688,-0.037679012568506524,1.6637949870358226,0.8797244832210035,2028,7,3,False,False,True,False,True,False,False,False
-0.0221760631461638,0.6561074434913642,1.3809143771690149,0.5966477983491104,-1.1005293494272637,0.1505841679438542,2028,7,4,False,False,False,False,False,True,False,False
-0.5171774726587443,-0.6074644914098974,-0.6902204874571217,0.27948439289030197,-0.7549888073693778,-0.5762110525261365,2028,7,5,True,False,False,False,False,False,True,False
-0.0221760631461638,0.9817940698732092,-1.281973305921732,0.5966477983491104,1.5774098515213508,0.963963726529469,2028,7,6,False,False,True,True,False,False,True,False
0.4728253463664166,1.3785030701503698,0.6905360889603027,1.548138014725536,-1.1005293494272637,1.2439631353109224,2028,7,7,False,False,True,False,True,False,False,True
0.4728253463664166,-0.97829345860374,0.09878327049569227,0.5966477983491104,-1.1005293494272637,-0.5399173339399503,2028,7,8,False,False,True,False,False,True,True,False
0.967826755878997,0.4283867870915765,1.1836634376808113,0.9138112038079189,1.0590990384345225,0.7140576547760067,2028,7,9,True,False,False,False,False,False,True,False
-0.0221760631461638,-0.37826666417202076,-1.4792242454099356,-0.989169228944932,-0.8413739428838494,-0.085963457997101,2028,7,10,False,True,False,False,False,False,False,False
-0.0221760631461638,1.6867590806427653,1.1836634376808113,0.27948439289030197,-1.359684755970678,0.791445783412249,2028,7,11,True,False,False,False,True,False,False,False
-0.0221760631461638,-0.07857824454054076,-0.7888459572012234,-0.037679012568506524,-0.9277590783983208,0.054201999167953784,2028,7,12,False,False,True,True,False,False,False,False
-1.507180291683905,-0.9444957898282655,0.49328514947209934,-1.3063326344037405,1.4046395804924077,-1.1097876500628348,2028,7,13,True,False,False,False,True,False,False,True
1.4628281653915773,-0.4137778511196785,-1.676475184898139,-0.354842418027315,-0.7549888073693778,0.7781241715495926,2028,7,14,False,False,True,False,False,True,True,False
0.4728253463664166,0.5263527570736336,0.2960342099838957,-0.989169228944932,0.7135584963766364,0.6775429324907165,2028,7,15,True,False,False,False,False,False,False,False
-1.0121788821713247,-1.4707231291890623,0.6905360889603027,1.548138014725536,-0.3230631297970206,-1.14065450003769,2028,7,16,True,False,False,True,False,False,True,False
-1.507180291683905,0.3526965533479003,-0.4929695479689182,-0.354842418027315,-0.8413739428838494,-0.857033086187588,2028,7,17,False,True,False,False,False,True,False,False
-1.507180291683905,1.4851548046603895,-0.9860968966894269,1.548138014725536,-1.186914484941735,-0.6179439177069371,2028,7,18,False,False,True,False,True,False,False,True
-1.507180291683905,1.2056149952604427,0.09878327049569227,0.9138112038079189,1.6637949870358226,-0.7406009707096436,2028,7,19,True,False,False,False,False,False,False,False
0.967826755878997,-1.499793851282652,1.0850379679367095,0.5966477983491104,0.10886254777533654,-0.9647232775676418,2028,7,20,False,True,False,False,True,False,False,False
1.4628281653915773,1.699994531352042,-0.6902204874571217,0.9138112038079189,-1.2732996204562066,2.749223934151831,2028,7,21,False,True,False,True,False,False,False,True
1.4628281653915773,0.6815147819064936,-0.8874714269453252,0.9138112038079189,-1.014144213912792,2.0640096388195066,2028,7,22,False,False,True,True,False,False,True,False
-1.0121788821713247,-1.172807314563289,-0.7888459572012234,1.548138014725536,-0.3230631297970206,-1.0073033235950077,2028,7,23,True,False,False,True,False,False,False,False
-0.0221760631461638,-1.6908215840643113,1.479539846913117,0.5966477983491104,0.19524768328980804,-1.1769973305570103,2028,7,24,False,True,False,True,False,False,False,True
0.967826755878997,-1.1416685532963746,-0.4929695479689182,0.5966477983491104,-1.1005293494272637,-0.5119235320534467,2028,7,25,False,False,False,True,False,False,False,False
0.4728253463664166,1.1634860829581464,-1.7751006546422408,1.548138014725536,-0.7549888073693778,1.851968867512526,2028,7,26,False,False,True,False,True,False,True,False
-0.5171774726587443,-1.6589146939615904,0.8877870284485064,1.548138014725536,0.9727139029200506,-1.1758677560949233,2028,7,27,False,False,False,True,False,False,True,False
0.967826755878997,-0.9278333027746225,0.5919106192162009,-0.037679012568506524,-0.23667799428254913,-0.40264948082981433,2028,7,28,True,False,False,True,False,False,True,False
-0.5171774726587443,0.8839462735581991,-1.3805987756658338,-0.037679012568506524,-1.7052252980285638,0.36934099610693916,2028,7,29,True,False,False,False,False,False,True,False
0.4728253463664166,0.2921916358197781,1.5781653166572187,-0.037679012568506524,-1.5324550269996209,0.19974521301120518,2028,7,30,False,False,False,True,False,False,False,False
-1.0121788821713247,0.9718674818412516,0.2960342099838957,1.2309746092667273,-0.150292858768078,-0.33286142384609235,2028,7,31,True,False,False,False,False,False,True,False
1.4628281653915773,0.8454216581008402,0.00015780075159044688,-0.037679012568506524,-1.5324550269996209,1.931726646922494,2028,8,1,False,False,True,False,False,False,True,False
-0.5171774726587443,-1.5588215979726852,-0.4929695479689182,1.548138014725536,-1.1005293494272637,-1.1073197754228403,2028,8,2,False,True,False,False,False,False,True,False
-1.507180291683905,1.3513231267295334,1.282288907424913,0.9138112038079189,0.7999436318911078,-0.7952134403548926,2028,8,3,True,False,False,False,True,False,False,False
0.967826755878997,-0.9489863891760558,-0.8874714269453252,1.2309746092667273,-0.06390772325360648,-0.2593654159107369,2028,8,4,False,True,False,False,True,False,False,False
-0.5171774726587443,0.17909943645569046,-0.7888459572012234,-1.6234960398625489,-0.06390772325360648,-0.12734026166267856,2028,8,5,False,True,False,False,False,True,False,False
0.4728253463664166,0.4933232171339655,-1.3805987756658338,1.2309746092667273,0.3680179543187507,1.0594496025256699,2028,8,6,False,True,False,False,False,True,True,False
1.4628281653915773,-1.1508270124925257,0.8877870284485064,-0.037679012568506524,1.0590990384345225,-0.5372038996342848,2028,8,7,False,True,False,False,False,False,True,False
-1.507180291683905,1.6407304373279148,0.2960342099838957,0.5966477983491104,-1.186914484941735,-0.6817525968315683,2028,8,8,False,False,False,False,True,False,True,False
-0.5171774726587443,-0.046375920270202375,0.2960342099838957,-1.6234960398625489,-1.1005293494272637,-0.37562563962271156,2028,8,9,False,True,False,True,False,False,True,False
1.4628281653915773,-1.53447782256098,-0.9860968966894269,1.548138014725536,-1.2732996204562066,-0.8650137753218983,2028,8,10,False,False,True,False,False,True,True,False
0.4728253463664166,1.5060124568942048,0.49328514947209934,1.548138014725536,1.4910247160068797,1.4124784558777033,2028,8,11,False,False,True,False,True,False,False,False
-1.0121788821713247,0.2927825041550138,0.8877870284485064,-0.037679012568506524,0.2816328188042792,-0.6085512604950182,2028,8,12,True,False,False,True,False,False,True,False
0.4728253463664166,0.6831101264116296,-0.4929695479689182,0.9138112038079189,-1.359684755970678,1.0144630717747274,2028,8,13,False,True,False,True,False,False,False,True
-1.0121788821713247,0.08160616114182177,0.9864124981926082,-0.037679012568506524,-0.9277590783983208,-0.6805370764864964,2028,8,14,False,False,True,False,True,False,False,False
1.4628281653915773,1.1516096294199114,-0.59159501771302,-1.3063326344037405,0.7999436318911078,2.5564795483228653,2028,8,15,True,False,False,False,False,True,True,False
1.4628281653915773,-1.6192083418337604,0.8877870284485064,-1.6234960398625489,-1.6188401625140922,-1.0345481685012146,2028,8,16,False,False,True,False,True,False,False,False
-1.507180291683905,-0.806055338882572,-1.676475184898139,-0.6720058234861235,0.7999436318911078,-1.0411782794743338,2028,8,17,False,False,True,False,False,True,False,False
0.4728253463664166,-0.11036696097621428,0.09878327049569227,-0.037679012568506524,1.4046395804924077,0.19051216958197245,2028,8,18,False,False,False,False,False,False,False,False
-0.0221760631461638,-1.4689505241833556,1.5781653166572187,1.2309746092667273,-1.5324550269996209,-1.056378422779374,2028,8,19,True,False,False,False,True,False,False,True
0.967826755878997,0.7063312519863875,1.5781653166572187,1.2309746092667273,-1.1005293494272637,0.830526604203802,2028,8,20,False,True,False,False,True,False,True,False
-0.0221760631461638,-0.3730079359884243,-0.7888459572012234,0.9138112038079189,-1.7052252980285638,-0.16605274295572506,2028,8,21,True,False,False,False,False,True,False,True
-0.0221760631461638,-0.7912245436681592,-0.2957186084807148,-0.354842418027315,-1.359684755970678,-0.5217581966635736,2028,8,22,False,True,False,False,False,True,True,False
-0.0221760631461638,-1.722019432164749,-1.5778497151540374,0.27948439289030197,0.4544030898332222,-1.168525522091358,2028,8,23,False,False,False,False,True,False,False,True
0.967826755878997,0.7544279344745629,1.282288907424913,-0.037679012568506524,-1.5324550269996209,0.9664807131025976,2028,8,24,False,True,False,True,False,False,True,False
-0.0221760631461638,1.1484189404096392,0.1974087402397941,-0.037679012568506524,-0.23667799428254913,0.7251569516643399,2028,8,25,False,True,False,True,False,False,True,False
-1.0121788821713247,-0.36822190247301617,-0.4929695479689182,0.9138112038079189,0.022477412260865026,-0.7244922566416205,2028,8,26,False,False,True,True,False,False,False,False
0.4728253463664166,0.21656048890962531,-1.3805987756658338,-0.354842418027315,1.4046395804924077,0.7834037043615208,2028,8,27,True,False,False,False,False,False,True,False
1.4628281653915773,-0.9466820026686371,1.479539846913117,-1.3063326344037405,-0.06390772325360648,-0.39685427271997686,2028,8,28,True,False,False,False,False,False,True,False
-1.507180291683905,0.41698302822153005,0.09878327049569227,0.5966477983491104,-1.186914484941735,-0.873338247988148,2028,8,29,True,False,False,False,False,True,True,False
-0.0221760631461638,-1.691766973400688,-0.7888459572012234,1.548138014725536,-0.6686036718549063,-1.1525641438227374,2028,8,30,False,False,False,False,False,False,False,False
1.4628281653915773,-0.04466240209801911,-0.59159501771302,-0.989169228944932,0.6271733608621652,1.0252308631144043,2028,8,31,False,True,False,True,False,False,False,True
-0.0221760631461638,0.49302778296634764,-0.8874714269453252,0.9138112038079189,-1.359684755970678,0.5010469227896249,2028,9,1,False,False,False,False,True,False,False,False
-1.507180291683905,1.4400715506819157,0.2960342099838957,-0.354842418027315,-0.9277590783983208,-0.7146944259813443,2028,9,2,False,True,False,False,False,False,False,True
-1.507180291683905,-0.4156095429589086,1.479539846913117,-1.6234960398625489,1.7501801225502938,-1.0544016674707217,2028,9,3,False,False,True,False,False,False,False,False
-0.0221760631461638,0.9112443906460824,1.1836634376808113,-0.6720058234861235,-1.7052252980285638,0.34022989774163237,2028,9,4,False,False,True,True,False,False,True,False
-1.0121788821713247,0.3322525089487494,-0.19709313873661294,0.9138112038079189,-1.186914484941735,-0.4980862448928811,2028,9,5,False,True,False,False,False,False,True,False
1.4628281653915773,1.4705603567800707,1.0850379679367095,-1.6234960398625489,1.2318693094634654,2.1504834750855792,2028,9,6,True,False,False,False,False,True,False,False
-1.507180291683905,-0.3566999699359225,-0.2957186084807148,0.5966477983491104,-1.359684755970678,-0.991378779276238,2028,9,7,False,True,False,False,True,False,True,False
0.4728253463664166,-0.630744703818179,-0.8874714269453252,0.5966477983491104,-1.6188401625140922,-0.12362003272776168,2028,9,8,False,False,True,True,False,False,True,False
1.4628281653915773,1.3327698610031367,1.5781653166572187,0.9138112038079189,-1.2732996204562066,1.7787184192428414,2028,9,9,True,False,False,False,False,True,False,False
0.4728253463664166,-1.5634894578210463,-0.6902204874571217,0.9138112038079189,0.7135584963766364,-1.0108884947138057,2028,9,10,True,False,False,True,False,False,False,False
1.4628281653915773,-1.2622647805179537,-0.6902204874571217,-0.037679012568506524,1.7501801225502938,-0.5251837539996853,2028,9,11,False,True,False,False,False,True,True,False
-1.0121788821713247,-1.4488610007853462,1.6767907864013198,-0.354842418027315,0.3680179543187507,-1.1493595901857299,2028,9,12,False,True,False,False,True,False,False,True
0.967826755878997,1.1805621778464546,-1.281973305921732,0.27948439289030197,-1.2732996204562066,2.3064998086697024,2028,9,13,False,True,False,False,True,False,False,False
-0.5171774726587443,-1.697025701584285,0.8877870284485064,0.9138112038079189,-1.1005293494272637,-1.1932165464745854,2028,9,14,False,True,False,False,False,True,False,False
-1.0121788821713247,1.2446713922195136,1.479539846913117,-0.354842418027315,0.19524768328980804,-0.3962526515390827,2028,9,15,True,False,False,False,False,True,False,True
-0.0221760631461638,-0.17388530701403782,0.00015780075159044688,-0.989169228944932,0.7999436318911078,-0.12670180653193377,2028,9,16,False,False,False,False,False,True,True,False
-0.5171774726587443,-1.7198332193243775,-1.7751006546422408,0.9138112038079189,0.6271733608621652,-1.1863408758357952,2028,9,17,False,False,True,False,False,True,False,False
-0.0221760631461638,-0.3454143847329232,-0.4929695479689182,1.2309746092667273,0.2816328188042792,-0.18223512492344943,2028,9,18,True,False,False,False,False,True,False,True
0.4728253463664166,-1.0880177084569849,-1.3805987756658338,-1.6234960398625489,1.6637949870358226,-0.5178169640295528,2028,9,19,False,False,False,False,False,True,False,False
-1.507180291683905,0.42454614291254517,-0.2957186084807148,-1.6234960398625489,-1.014144213912792,-0.8533865251523723,2028,9,20,False,False,True,False,True,False,False,False
1.4628281653915773,0.6145103126907804,0.9864124981926082,1.2309746092667273,-1.1005293494272637,1.30185382649288,2028,9,21,False,False,False,False,False,True,True,False
-0.0221760631461638,-0.048562133110574,-0.2957186084807148,1.548138014725536,1.2318693094634654,0.0029414189591148803,2028,9,22,True,False,False,False,False,False,False,False
0.4728253463664166,-1.593682829751584,-0.2957186084807148,-0.6720058234861235,-0.6686036718549063,-1.0482995097787953,2028,9,23,False,True,False,False,True,False,True,False
-1.0121788821713247,0.53427039276579,0.09878327049569227,-1.3063326344037405,-0.5822185363404352,-0.456942722909691,2028,9,24,False,True,False,True,False,False,False,True
-0.0221760631461638,1.17683970733447,0.1974087402397941,0.27948439289030197,0.19524768328980804,0.7440527679377297,2028,9,25,False,False,True,False,True,False,False,True
0.4728253463664166,0.7561414526467458,1.1836634376808113,-1.3063326344037405,-0.40944826531149214,0.6250422759702388,2028,9,26,False,True,False,True,False,False,False,True
-1.507180291683905,1.135124402866839,-0.6902204874571217,0.27948439289030197,-0.6686036718549063,-0.7033004574942059,2028,9,27,False,True,False,True,False,False,False,False
1.4628281653915773,-1.0406300679710923,1.0850379679367095,0.5966477983491104,1.4910247160068797,-0.4429335439831557,2028,9,28,True,False,False,False,False,False,True,False
-0.0221760631461638,1.3387967180225393,0.1974087402397941,1.548138014725536,-1.2732996204562066,0.8517429593177835,2028,9,29,True,False,False,False,False,True,True,False
0.967826755878997,-0.6200499869504152,-0.6902204874571217,0.5966477983491104,-0.3230631297970206,0.083853328797737,2028,9,30,True,False,False,False,False,True,False,True
0.4728253463664166,-1.687394547719945,-0.7888459572012234,-0.989169228944932,-1.7052252980285638,-1.1240546666383247,2028,10,1,False,True,False,False,True,False,True,False
-0.0221760631461638,1.1815075671828312,-0.4929695479689182,0.9138112038079189,1.0590990384345225,0.9219239117665795,2028,10,2,True,False,False,False,False,True,True,False
-1.507180291683905,1.5217886414449948,0.3946596797279975,1.2309746092667273,-1.1005293494272637,-0.7082239287909112,2028,10,3,True,False,False,False,False,False,False,False
1.4628281653915773,0.5322614404259892,-0.9860968966894269,1.2309746092667273,0.9727139029200506,1.9007001831649528,2028,10,4,False,False,False,False,True,False,True,False
-0.0221760631461638,-0.9337419861269782,1.3809143771690149,1.2309746092667273,-1.186914484941735,-0.7480045946296267,2028,10,5,False,False,True,False,True,False,False,False
-0.0221760631461638,-0.8635468279009926,0.1974087402397941,-0.037679012568506524,-0.23667799428254913,-0.6127012188448595,2028,10,6,False,False,False,False,True,False,False,False
1.4628281653915773,-0.12088441734340756,1.3809143771690149,-0.6720058234861235,0.7999436318911078,0.4326831118667954,2028,10,7,False,False,True,False,False,True,False,False
0.967826755878997,1.3696991319553597,-1.5778497151540374,0.5966477983491104,-0.7549888073693778,2.6499150011107133,2028,10,8,True,False,False,False,False,True,False,True
0.4728253463664166,-1.216649745037768,-0.59159501771302,-0.6720058234861235,-0.5822185363404352,-0.6964616208052662,2028,10,9,False,True,False,False,False,True,True,False
-0.5171774726587443,1.1212980838223268,-1.676475184898139,-0.6720058234861235,0.6271733608621652,0.566427183774551,2028,10,10,False,False,True,False,True,False,True,False
1.4628281653915773,-0.7268198951274824,-0.7888459572012234,1.548138014725536,-1.014144213912792,0.1839188925587037,2028,10,11,True,False,False,False,True,False,True,False
-0.0221760631461638,1.0612067741288695,1.1836634376808113,0.5966477983491104,1.5774098515213508,0.427489524937852,2028,10,12,True,False,False,True,False,False,False,True
-0.5171774726587443,1.4472801443717898,-1.676475184898139,-0.6720058234861235,-1.014144213912792,0.7676142178588703,2028,10,13,True,False,False,True,False,False,True,False
-1.0121788821713247,-0.25607509244530546,-0.2957186084807148,-1.6234960398625489,0.8863287674055794,-0.6969527401366085,2028,10,14,True,False,False,False,False,True,True,False
-0.0221760631461638,-0.4719192953068582,-1.3805987756658338,-0.037679012568506524,1.0590990384345225,-0.17269513191212782,2028,10,15,False,True,False,False,True,False,False,False
-0.5171774726587443,1.0392264720581066,-0.2957186084807148,0.5966477983491104,-0.40944826531149214,0.2660463227423978,2028,10,16,True,False,False,False,False,True,True,False
-1.0121788821713247,0.09649604318975798,1.0850379679367095,-0.989169228944932,-1.186914484941735,-0.6840608576888765,2028,10,17,False,True,False,False,False,True,False,True
0.967826755878997,0.6321181890808001,0.3946596797279975,-1.3063326344037405,-1.1005293494272637,1.1366781173792257,2028,10,18,False,False,True,True,False,False,False,True
0.4728253463664166,0.4191692410619017,0.7891615587044045,-0.037679012568506524,1.6637949870358226,0.473126788802823,2028,10,19,False,True,False,False,False,False,False,False
-0.0221760631461638,-1.2052459861677216,-0.59159501771302,-1.6234960398625489,0.7999436318911078,-0.7988722793733918,2028,10,20,False,True,False,False,False,True,False,False
0.4728253463664166,1.1863526875317627,1.479539846913117,1.548138014725536,-0.150292858768078,0.844155165648547,2028,10,21,True,False,False,False,False,False,True,False
-1.0121788821713247,-1.0569971208571176,0.6905360889603027,-0.354842418027315,-0.8413739428838494,-1.0116865636272365,2028,10,22,False,False,True,False,False,False,False,False
0.4728253463664166,1.48881818833885,-0.2957186084807148,-0.037679012568506524,-1.6188401625140922,1.6739503878842734,2028,10,23,True,False,False,False,True,False,False,False
0.4728253463664166,-0.867623819414118,-0.2957186084807148,0.5966477983491104,0.6271733608621652,-0.4070941107784609,2028,10,24,False,True,False,False,True,False,True,False
1.4628281653915773,0.8029973116309265,1.3809143771690149,0.27948439289030197,1.5774098515213508,1.3464965737118832,2028,10,25,True,False,False,False,False,True,True,False
-1.507180291683905,-0.7498046733681458,0.1974087402397941,-0.037679012568506524,-1.359684755970678,-1.0719469055829207,2028,10,26,False,True,False,True,False,False,False,True
-1.0121788821713247,-0.6352943899994928,0.6905360889603027,-1.3063326344037405,0.8863287674055794,-0.880250752576789,2028,10,27,False,False,False,True,False,False,True,False
0.4728253463664166,-0.6621788992527112,-0.2957186084807148,0.5966477983491104,-1.186914484941735,-0.22566235179738062,2028,10,28,False,False,False,False,False,True,False,False
-0.5171774726587443,0.8514485151202429,-0.9860968966894269,0.5966477983491104,1.0590990384345225,0.2832232213560902,2028,10,29,True,False,False,False,False,True,True,False
-1.0121788821713247,0.1909758899939253,0.6905360889603027,1.548138014725536,-0.40944826531149214,-0.6227077752209562,2028,10,30,False,True,False,True,False,False,True,False
-1.507180291683905,1.318293586789865,0.2960342099838957,-0.354842418027315,0.7135584963766364,-0.7346829827669705,2028,10,31,False,False,True,False,False,False,False,True
-0.0221760631461638,-0.6712782716153389,0.00015780075159044688,-0.989169228944932,1.4910247160068797,-0.4657092029741487,2028,11,1,False,True,False,False,False,True,True,False
0.967826755878997,0.6582345694982122,0.3946596797279975,1.548138014725536,0.4544030898332222,1.1620812647928993,2028,11,2,True,False,False,False,False,False,False,False
0.4728253463664166,0.8688791310096924,-1.0847223664335286,0.5966477983491104,1.4910247160068797,1.3501554127303825,2028,11,3,False,True,False,False,False,True,True,False
-0.5171774726587443,-1.2100911065166533,0.9864124981926082,-0.354842418027315,-0.9277590783983208,-0.9754419569741846,2028,11,4,False,False,False,False,False,True,True,False
-1.507180291683905,-0.3490777684113837,1.479539846913117,-0.989169228944932,1.6637949870358226,-1.0451317900916381,2028,11,5,False,True,False,False,False,False,False,True
-1.0121788821713247,-0.06481101232955212,1.282288907424913,0.9138112038079189,1.3182544449779365,-0.7462611210033621,2028,11,6,True,False,False,False,False,False,False,False
0.967826755878997,-0.5042397932442438,-0.6902204874571217,0.9138112038079189,-1.359684755970678,0.21236697982669886,2028,11,7,False,False,True,True,False,False,False,True
0.967826755878997,-0.6202863342845094,-0.3943440782248163,0.27948439289030197,-0.23667799428254913,0.03863351636440699,2028,11,8,True,False,False,False,False,True,False,True
0.4728253463664166,0.6389722617695328,0.9864124981926082,0.5966477983491104,1.4910247160068797,0.5909831503416595,2028,11,9,False,True,False,False,True,False,False,True
-1.507180291683905,-0.9875700914669384,0.2960342099838957,-0.354842418027315,-1.4460698914851493,-1.1132132073989462,2028,11,10,False,False,False,False,True,False,False,True
-1.507180291683905,0.7183258791916697,0.09878327049569227,-0.354842418027315,-0.150292858768078,-0.8226178990437855,2028,11,11,True,False,False,False,False,True,True,False
-0.5171774726587443,1.4983311685361427,1.3809143771690149,-0.354842418027315,0.7999436318911078,0.15739844866622674,2028,11,12,True,False,False,False,False,True,False,True
-0.0221760631461638,0.21992843842046803,0.09878327049569227,-1.3063326344037405,-1.6188401625140922,0.12472673514868887,2028,11,13,False,True,False,False,False,True,True,False
-0.0221760631461638,0.37975832310168917,0.00015780075159044688,-0.989169228944932,0.8863287674055794,0.2506374537215374,2028,11,14,True,False,False,False,False,False,True,False
1.4628281653915773,-1.495421425601909,-1.676475184898139,0.5966477983491104,-0.49583340082596367,-0.7794607878020927,2028,11,15,True,False,False,False,True,False,True,False
-0.0221760631461638,1.2544207197509005,-1.5778497151540374,-0.037679012568506524,-0.8413739428838494,1.2559587249789548,2028,11,16,False,True,False,False,True,False,True,False
1.4628281653915773,-0.7470275921925387,-1.7751006546422408,0.9138112038079189,0.2816328188042792,0.31388134561512504,2028,11,17,False,True,False,False,True,False,False,False
0.967826755878997,0.39222564497515977,1.3809143771690149,0.27948439289030197,0.19524768328980804,0.6272768689278458,2028,11,18,False,False,True,False,False,True,True,False
0.967826755878997,1.650657025359872,-0.3943440782248163,-0.037679012568506524,1.3182544449779365,2.4735908831755915,2028,11,19,False,True,False,False,False,False,True,False
-1.0121788821713247,0.3246893942577343,-0.19709313873661294,1.548138014725536,0.6271733608621652,-0.5007260112988452,2028,11,20,False,True,False,False,False,True,False,False
0.967826755878997,0.7713267688622999,1.1836634376808113,-0.6720058234861235,-0.23667799428254913,1.0133580532792077,2028,11,21,True,False,False,True,False,False,True,False
0.967826755878997,-0.1944475250802357,0.2960342099838957,0.27948439289030197,0.5407882253476938,0.3531586141392149,2028,11,22,False,False,True,True,False,False,False,False
-1.507180291683905,-1.5250830160307345,0.2960342099838957,-0.6720058234861235,0.8863287674055794,-1.2014550732578504,2028,11,23,False,True,False,False,True,False,True,False
-1.0121788821713247,1.0232730270067463,-0.7888459572012234,0.27948439289030197,1.4910247160068797,-0.1858939639419486,2028,11,24,True,False,False,False,False,True,True,False
-1.507180291683905,-1.612767876979693,1.0850379679367095,-0.354842418027315,0.7135584963766364,-1.2193318169187053,2028,11,25,False,True,False,True,False,False,True,False
-0.5171774726587443,0.6881325072611321,-1.1833478361776304,-1.3063326344037405,0.19524768328980804,0.22085106627563492,2028,11,26,False,True,False,True,False,False,True,False
1.4628281653915773,-1.6544831814473238,-1.5778497151540374,0.27948439289030197,-0.40944826531149214,-1.010962162613507,2028,11,27,False,True,False,False,False,True,False,False
1.4628281653915773,1.246916691893409,-1.0847223664335286,0.5966477983491104,1.4046395804924077,2.749223934151831,2028,11,28,False,False,True,False,False,False,False,False
-0.5171774726587443,-1.1888198464481727,-0.8874714269453252,1.2309746092667273,1.0590990384345225,-0.8908589301337799,2028,11,29,False,True,False,False,False,True,True,False
1.4628281653915773,0.04390876135379257,-0.7888459572012234,1.548138014725536,-1.4460698914851493,1.1928990028346202,2028,11,30,False,True,False,False,False,True,True,False
-1.0121788821713247,0.33036173027599564,0.49328514947209934,-1.3063326344037405,0.7135584963766364,-0.5613669707363194,2028,12,1,True,False,False,False,False,False,True,False
-1.0121788821713247,-0.1522004391108924,-0.9860968966894269,-0.037679012568506524,0.19524768328980804,-0.6116821462323245,2028,12,2,False,False,True,False,True,False,False,True
0.967826755878997,-0.5558225989103089,0.5919106192162009,-0.6720058234861235,-1.359684755970678,-0.050148580758973334,2028,12,3,False,True,False,False,True,False,True,False
1.4628281653915773,-0.11668925216323482,-1.4792242454099356,-0.354842418027315,0.2816328188042792,1.1563228906329124,2028,12,4,True,False,False,False,True,False,False,True
-0.5171774726587443,-0.6572746920702559,-1.281973305921732,-1.6234960398625489,-1.014144213912792,-0.5602742302240831,2028,12,5,False,True,False,False,False,False,False,False
0.4728253463664166,-0.21932308199365297,0.00015780075159044688,-0.037679012568506524,0.7135584963766364,0.11546913575288906,2028,12,6,True,False,False,True,False,False,True,False
-0.0221760631461638,-0.49313146854181517,1.3809143771690149,1.548138014725536,-0.7549888073693778,-0.49897025968929704,2028,12,7,True,False,False,False,False,False,False,True
0.967826755878997,0.22341456159835807,1.1836634376808113,0.5966477983491104,-1.186914484941735,0.5351797163179058,2028,12,8,True,False,False,False,False,True,False,False
-0.0221760631461638,-0.9112889893880266,1.5781653166572187,-1.3063326344037405,-1.4460698914851493,-0.7504601912863376,2028,12,9,False,True,False,False,False,False,False,False
-0.5171774726587443,1.6836274784660168,0.49328514947209934,-1.6234960398625489,0.022477412260865026,0.43264627791694477,2028,12,10,False,True,False,True,False,False,True,False
1.4628281653915773,-0.0024153161286761403,0.5919106192162009,0.9138112038079189,-1.014144213912792,0.7616348399997792,2028,12,11,False,True,False,True,False,False,False,False
1.4628281653915773,-1.0626103700418554,0.3946596797279975,-1.3063326344037405,1.2318693094634654,-0.38827196240477246,2028,12,12,True,False,False,False,False,True,True,False
-0.0221760631461638,-0.08472327522699079,0.3946596797279975,0.5966477983491104,-1.7052252980285638,-0.12370597861074661,2028,12,13,False,True,False,False,True,False,True,False
0.4728253463664166,1.2610975319390623,-1.281973305921732,-0.354842418027315,1.2318693094634654,1.7932064395174356,2028,12,14,False,False,True,True,False,False,False,True
1.4628281653915773,-1.658323825626355,0.09878327049569227,-1.3063326344037405,0.10886254777533654,-1.0569923219435517,2028,12,15,False,False,False,True,False,False,False,True
0.4728253463664166,0.6152193546930631,-0.3943440782248163,-0.354842418027315,1.4910247160068797,0.9277682318095513,2028,12,16,False,False,False,True,False,False,True,False
-1.507180291683905,0.16036891022872288,-0.2957186084807148,0.9138112038079189,-1.014144213912792,-0.9000428616298783,2028,12,17,False,False,False,False,False,True,False,False
-1.0121788821713247,-1.1476363234822538,0.00015780075159044688,-0.037679012568506524,-1.359684755970678,-1.0203179858755753,2028,12,18,True,False,False,True,False,False,False,False
-0.0221760631461638,1.0919319275611192,-1.3805987756658338,-0.989169228944932,0.4544030898332222,1.0751531431453358,2028,12,19,False,False,True,False,True,False,True,False
1.4628281653915773,-0.458624757764058,-0.4929695479689182,0.5966477983491104,0.7135584963766364,0.4755087175598323,2028,12,20,False,True,False,False,False,True,True,False
0.4728253463664166,-0.718193217433043,-1.5778497151540374,-1.6234960398625489,-0.40944826531149214,-0.12600196148477125,2028,12,21,True,False,False,False,True,False,True,False
1.4628281653915773,1.1287430248462949,1.5781653166572187,0.9138112038079189,-1.6188401625140922,1.5828477519203017,2028,12,22,True,False,False,True,False,False,False,False
-1.0121788821713247,0.47341095423652685,-1.3805987756658338,0.9138112038079189,-0.3230631297970206,-0.3343102258735517,2028,12,23,True,False,False,True,False,False,False,True
-1.0121788821713247,1.3711763027934487,-0.8874714269453252,-0.6720058234861235,-0.9277590783983208,-0.04249939717331919,2028,12,24,False,False,True,False,True,False,True,False
-1.507180291683905,0.4435130164736071,1.282288907424913,0.5966477983491104,-0.49583340082596367,-0.9253723411438506,2028,12,25,False,True,False,False,False,True,False,False
-1.0121788821713247,0.8269865660414905,-0.09846766899251111,1.548138014725536,0.022477412260865026,-0.3363852050484724,2028,12,26,False,True,False,False,False,True,False,False
-1.0121788821713247,1.157518312772267,-1.281973305921732,1.548138014725536,0.7135584963766364,-0.07375914261324808,2028,12,27,False,False,False,False,True,False,False,False
0.967826755878997,-1.5445225842599848,-0.4929695479689182,-0.989169228944932,1.6637949870358226,-0.9488969571151405,2028,12,28,False,True,False,True,False,False,True,False
-0.5171774726587443,0.9487645299335411,-1.3805987756658338,-0.037679012568506524,-1.186914484941735,0.408127145299687,2028,12,29,True,False,False,False,False,False,False,False
1.4628281653915773,0.38761687196032213,-1.0847223664335286,1.2309746092667273,0.6271733608621652,1.7392815369360655,2028,12,30,False,False,False,False,True,False,False,True
-1.507180291683905,-1.4934715600956316,-1.5778497151540374,1.2309746092667273,-0.9277590783983208,-1.1832713800149066,2028,12,31,True,False,False,False,True,False,True,False
-1.507180291683905,0.024232845790447915,-0.2957186084807148,0.5966477983491104,-0.9277590783983208,-0.924095430882361,2029,1,1,True,False,False,False,True,False,True,False
-0.0221760631461638,-1.4486837402847754,0.9864124981926082,1.548138014725536,0.4544030898332222,-1.026628869283322,2029,1,2,False,True,False,True,False,False,False,True
-1.0121788821713247,0.8101468184872767,0.2960342099838957,0.9138112038079189,0.9727139029200506,-0.38595142356418055,2029,1,3,False,True,False,False,False,True,True,False
-0.0221760631461638,0.1552874425456969,0.2960342099838957,0.5966477983491104,1.6637949870358226,0.04833312315841491,2029,1,4,False,False,False,True,False,False,False,True
0.967826755878997,1.5623812960756784,-1.0847223664335286,0.9138112038079189,0.9727139029200506,2.674348187844986,2029,1,5,True,False,False,False,True,False,True,False
0.4728253463664166,-1.1007213776645497,-0.59159501771302,-0.6720058234861235,-1.186914484941735,-0.5904657911183429,2029,1,6,True,False,False,True,False,False,True,False
-1.0121788821713247,0.3610868837082451,1.1836634376808113,1.2309746092667273,-0.9277590783983208,-0.6150585916353019,2029,1,7,False,True,False,True,False,False,True,False
0.4728253463664166,-1.0023417998478275,-1.4792242454099356,-1.6234960398625489,0.8863287674055794,-0.42384127997722887,2029,1,8,False,True,False,False,True,False,True,False
-0.5171774726587443,0.38885769546431703,1.1836634376808113,0.27948439289030197,0.10886254777533654,-0.2853456285387376,2029,1,9,False,False,False,True,False,False,True,False
0.967826755878997,0.7641772620059496,-0.09846766899251111,1.548138014725536,-0.6686036718549063,1.4263525769881198,2029,1,10,True,False,False,False,False,False,False,False
-1.0121788821713247,0.7629955253354785,1.0850379679367095,1.2309746092667273,-0.06390772325360648,-0.48739212145290534,2029,1,11,True,False,False,True,False,False,True,False
-0.0221760631461638,1.083659770867821,-0.6902204874571217,-0.6720058234861235,1.4910247160068797,0.8994797583242424,2029,1,12,False,True,False,True,False,False,False,True
-0.0221760631461638,1.2166642331293478,-0.59159501771302,-1.6234960398625489,0.8863287674055794,0.9726074267610911,2029,1,13,False,False,True,False,False,True,False,False
-1.0121788821713247,-1.4666461376759368,0.7891615587044045,-0.989169228944932,-0.150292858768078,-1.1408509477702267,2029,1,14,False,False,False,False,False,True,False,False
1.4628281653915773,-0.5471959212158697,0.8877870284485064,0.27948439289030197,1.6637949870358226,0.1037559397003784,2029,1,15,True,False,False,False,True,False,True,False
-0.0221760631461638,0.6413948219439988,-0.9860968966894269,1.548138014725536,1.0590990384345225,0.6337473661182789,2029,1,16,False,True,False,False,True,False,False,False
1.4628281653915773,-0.010332951820832601,1.5781653166572187,-0.989169228944932,-1.7052252980285638,0.48932144875383077,2029,1,17,True,False,False,False,False,True,False,False
-1.0121788821713247,-1.0746049972471374,-1.4792242454099356,-1.6234960398625489,-1.359684755970678,-0.9488110112321556,2029,1,18,False,False,True,False,False,False,True,False
-1.507180291683905,0.1767950499482715,-1.5778497151540374,0.27948439289030197,0.19524768328980804,-0.8431466870938882,2029,1,19,True,False,False,True,False,False,False,True
-0.0221760631461638,-0.3253839481684375,0.2960342099838957,0.5966477983491104,-0.49583340082596367,-0.2672847151286293,2029,1,20,False,False,False,False,False,False,True,False
1.4628281653915773,-0.38553434469541836,0.6905360889603027,-0.354842418027315,1.1454841739489936,0.31720867908496825,2029,1,21,True,False,False,False,False,False,True,False
-1.0121788821713247,1.065283765641995,1.5781653166572187,-0.037679012568506524,1.4046395804924077,-0.4581950772046135,2029,1,22,False,False,False,False,False,True,False,False
-1.0121788821713247,-0.324793079833202,-0.3943440782248163,-0.989169228944932,-0.8413739428838494,-0.7150136535467166,2029,1,23,True,False,False,False,True,False,False,False
1.4628281653915773,-1.6422522069079475,-1.676475184898139,-0.354842418027315,0.9727139029200506,-0.9908999379281794,2029,1,24,False,True,False,True,False,False,True,False
-0.0221760631461638,-1.5330006517228911,0.2960342099838957,-0.989169228944932,0.10886254777533654,-1.0602459875136936,2029,1,25,False,True,False,False,True,False,False,True
-1.507180291683905,1.2259408659925457,-0.7888459572012234,-1.3063326344037405,-0.3230631297970206,-0.6801687369879897,2029,1,26,False,True,False,False,False,False,False,False
-0.0221760631461638,1.5866659846538604,-0.2957186084807148,0.27948439289030197,0.9727139029200506,1.1582382560251472,2029,1,27,False,False,False,False,False,False,False,False
-1.0121788821713247,0.6458263344582655,-0.09846766899251111,1.2309746092667273,0.2816328188042792,-0.39886786197847973,2029,1,28,False,False,True,False,True,False,True,False
-1.507180291683905,-0.47422368181427704,-1.5778497151540374,1.548138014725536,0.4544030898332222,-0.9757120726064228,2029,1,29,False,False,True,False,True,False,False,True
0.4728253463664166,1.5106212299090427,-0.09846766899251111,0.27948439289030197,-1.5324550269996209,1.6239421619703573,2029,1,30,False,True,False,False,False,True,True,False
-0.5171774726587443,0.5573142578399773,-0.2957186084807148,0.5966477983491104,0.2816328188042792,0.01068882641103765,2029,1,31,False,True,False,False,True,False,False,False
-0.0221760631461638,1.1848164298601505,0.6905360889603027,-1.6234960398625489,-0.6686036718549063,0.6243792648729269,2029,2,1,False,False,True,False,True,False,True,False
0.967826755878997,0.9134896903199775,0.49328514947209934,-1.3063326344037405,0.022477412260865026,1.376197015274801,2029,2,2,True,False,False,False,False,True,False,False
-1.0121788821713247,-0.4231726576499239,-1.1833478361776304,-1.3063326344037405,-0.9277590783983208,-0.703656519009429,2029,2,3,False,True,False,False,True,False,True,False
-1.507180291683905,-0.07905093920872912,-1.0847223664335286,-0.989169228944932,0.4544030898332222,-0.9133521955092512,2029,2,4,True,False,False,False,False,False,True,False
1.4628281653915773,-1.0903220949644037,-0.8874714269453252,0.27948439289030197,-1.186914484941735,-0.28129389405516475,2029,2,5,False,True,False,False,True,False,False,True
1.4628281653915773,-0.7243382481194928,-1.1833478361776304,0.27948439289030197,-1.2732996204562066,0.25105490515317813,2029,2,6,False,True,False,True,False,False,True,False
1.4628281653915773,0.9559140367898914,0.49328514947209934,0.27948439289030197,-1.014144213912792,1.8614597485907134,2029,2,7,True,False,False,False,False,False,True,False
-1.507180291683905,1.3564045944125593,1.6767907864013198,-1.6234960398625489,1.1454841739489936,-0.8208989813840881,2029,2,8,False,True,False,False,False,True,False,False
0.4728253463664166,0.7704404663594466,0.49328514947209934,-1.3063326344037405,-1.6188401625140922,0.8240192730635183,2029,2,9,False,False,False,False,False,False,False,False
-0.0221760631461638,-0.12578862452586267,0.2960342099838957,0.5966477983491104,0.7999436318911078,-0.1362295215599718,2029,2,10,False,True,False,False,False,True,True,False
0.967826755878997,-1.4346801607396924,-0.3943440782248163,0.9138112038079189,-1.5324550269996209,-0.8345766547619673,2029,2,11,False,True,False,True,False,False,True,False
1.4628281653915773,-1.5369003827354457,-0.6902204874571217,1.2309746092667273,0.3680179543187507,-0.880717315941564,2029,2,12,False,True,False,True,False,False,False,True
-1.507180291683905,-0.43983514470356705,1.3809143771690149,0.27948439289030197,0.9727139029200506,-1.0548927868020639,2029,2,13,False,False,True,False,False,False,False,False
1.4628281653915773,-0.1304564843742238,1.5781653166572187,-1.6234960398625489,-0.9277590783983208,0.3739943517714064,2029,2,14,True,False,False,False,True,False,True,False
0.4728253463664166,0.3717816005760089,-0.09846766899251111,-0.6720058234861235,-1.014144213912792,0.6418631130687081,2029,2,15,True,False,False,False,False,False,False,True
-1.0121788821713247,-1.7112656284634618,-0.7888459572012234,1.2309746092667273,-0.6686036718549063,-1.2086990833951472,2029,2,16,False,True,False,False,False,False,False,False
1.4628281653915773,1.6873499489780008,0.8877870284485064,0.5966477983491104,0.7135584963766364,2.4764762092472266,2029,2,17,False,True,False,True,False,False,True,False
0.4728253463664166,-0.47575993948588946,-1.281973305921732,-0.354842418027315,-0.8413739428838494,0.07886846758461406,2029,2,18,True,False,False,False,False,True,True,False
-0.0221760631461638,1.1978155332353329,0.8877870284485064,-1.6234960398625489,0.022477412260865026,0.5822780601936196,2029,2,19,False,False,True,False,False,False,True,False
1.4628281653915773,0.11546291675081959,1.0850379679367095,0.27948439289030197,-1.2732996204562066,0.751014384459505,2029,2,20,False,False,False,False,True,False,False,True
0.4728253463664166,-1.2828269985841516,-1.3805987756658338,-0.037679012568506524,-0.150292858768078,-0.7121160494917977,2029,2,21,False,True,False,True,False,False,True,False
-1.507180291683905,1.023154853339699,1.5781653166572187,0.9138112038079189,0.4544030898332222,-0.8600043581422081,2029,2,22,True,False,False,False,False,False,True,False
-1.507180291683905,0.719862136863282,1.5781653166572187,-0.6720058234861235,-1.4460698914851493,-0.9016021655068899,2029,2,23,False,False,False,False,False,False,False,True
-0.5171774726587443,0.08940562316693122,1.479539846913117,-0.6720058234861235,1.1454841739489936,-0.4517614139640311,2029,2,24,True,False,False,False,True,False,True,False
0.4728253463664166,0.044854150690169285,-0.09846766899251111,0.5966477983491104,1.4910247160068797,0.3599360609117368,2029,2,25,False,False,True,False,False,False,False,False
-1.0121788821713247,-1.4313122112288499,-0.8874714269453252,-0.6720058234861235,-1.014144213912792,-1.1023594701762844,2029,2,26,False,True,False,False,False,False,True,False
1.4628281653915773,0.5332659165958898,0.1974087402397941,-0.989169228944932,0.8863287674055794,1.4908733791431974,2029,2,27,False,False,False,False,False,False,False,False
0.967826755878997,1.416082296271352,-0.2957186084807148,0.27948439289030197,-0.5822185363404352,2.1817063865756574,2029,2,28,False,False,True,False,False,False,True,False
0.967826755878997,-1.411399948331411,-1.0847223664335286,-0.354842418027315,0.6271733608621652,-0.7737515255752399,2029,3,1,False,False,False,False,True,False,True,False
-0.0221760631461638,-0.8228950864367855,-0.2957186084807148,0.9138112038079189,-0.6686036718549063,-0.5441286822062094,2029,3,2,False,False,True,False,False,False,False,False
-0.5171774726587443,1.3851798823385315,0.49328514947209934,-0.354842418027315,1.2318693094634654,0.2893867689644343,2029,3,3,True,False,False,False,False,False,False,False
0.4728253463664166,-0.7508682363715699,-1.5778497151540374,0.9138112038079189,-0.49583340082596367,-0.15926301819991948,2029,3,4,False,False,False,False,False,False,False,False
-1.0121788821713247,0.5267072780747749,-0.59159501771302,-0.037679012568506524,1.2318693094634654,-0.391145010493124,2029,3,5,False,True,False,True,False,False,False,False
-0.5171774726587443,0.11493113524910771,-1.676475184898139,-0.037679012568506524,0.9727139029200506,-0.05465460062403781,2029,3,6,False,True,False,False,True,False,False,False
-1.507180291683905,0.32752556226686513,0.7891615587044045,1.548138014725536,-1.014144213912792,-0.919663078916998,2029,3,7,False,False,True,True,False,False,False,False
-0.0221760631461638,-0.29649048657541816,0.3946596797279975,-0.037679012568506524,-1.186914484941735,-0.26099838768744954,2029,3,8,False,False,True,True,False,False,False,False
1.4628281653915773,-0.6967446968639919,-1.5778497151540374,0.27948439289030197,0.9727139029200506,0.35427591061801816,2029,3,9,False,False,False,False,True,False,False,False
1.4628281653915773,-1.565971104829036,1.5781653166572187,1.548138014725536,-0.3230631297970206,-1.0041233259245672,2029,3,10,False,True,False,True,False,False,False,False
1.4628281653915773,0.8389221064132488,-1.676475184898139,-0.6720058234861235,1.5774098515213508,2.5820423095192253,2029,3,11,False,False,True,True,False,False,False,False
0.4728253463664166,0.8451853107667459,0.2960342099838957,-0.6720058234861235,1.5774098515213508,0.9392481461796743,2029,3,12,False,False,True,True,False,False,True,False
0.967826755878997,0.5846714617613842,0.8877870284485064,0.9138112038079189,0.7135584963766364,0.9404882224913133,2029,3,13,False,True,False,False,True,False,True,False
-1.0121788821713247,0.49107791746007,0.9864124981926082,0.27948439289030197,0.022477412260865026,-0.5580150812999092,2029,3,14,True,False,False,False,False,False,True,False
1.4628281653915773,-0.8913176396570645,-1.676475184898139,1.548138014725536,-1.014144213912792,0.09045888380428929,2029,3,15,False,True,False,False,False,True,False,True
1.4628281653915773,-1.6564921337871248,1.3809143771690149,1.2309746092667273,1.3182544449779365,-1.086201644175127,2029,3,16,False,True,False,False,False,True,False,False
-1.507180291683905,1.061679468797058,1.3809143771690149,-0.037679012568506524,-1.4460698914851493,-0.8427292356622474,2029,3,17,False,False,False,False,True,False,False,False
-0.5171774726587443,-0.03603572440357994,0.1974087402397941,-1.6234960398625489,-0.40944826531149214,-0.35939414572185285,2029,3,18,True,False,False,False,False,True,True,False
1.4628281653915773,-0.6731099634545692,-0.09846766899251111,0.27948439289030197,-0.5822185363404352,0.13721344414806358,2029,3,19,False,False,True,False,True,False,True,False
-0.0221760631461638,-1.3813838369014444,-1.5778497151540374,-0.037679012568506524,1.5774098515213508,-0.8910553778663166,2029,3,20,False,False,False,False,True,False,False,True
-0.5171774726587443,-1.5169290330044836,0.1974087402397941,-0.6720058234861235,-1.2732996204562066,-1.0979271182109211,2029,3,21,True,False,False,False,False,True,False,True
0.967826755878997,-0.527815439820143,-0.3943440782248163,0.5966477983491104,1.4046395804924077,0.1377782313791071,2029,3,22,False,False,True,True,False,False,True,False
-0.5171774726587443,1.0479122365860691,0.8877870284485064,0.27948439289030197,-0.150292858768078,0.05593319481093475,2029,3,23,True,False,False,False,False,False,False,False
-1.0121788821713247,1.4419032425211462,-0.3943440782248163,0.5966477983491104,-1.5324550269996209,-0.08358152924009143,2029,3,24,False,False,False,False,False,True,True,False
-1.507180291683905,1.3659766614433757,0.5919106192162009,0.9138112038079189,0.7999436318911078,-0.7467276843681371,2029,3,25,False,True,False,False,False,True,True,False
0.4728253463664166,1.446334755035413,-1.3805987756658338,-1.6234960398625489,-1.359684755970678,2.0099987903551524,2029,3,26,False,False,False,False,False,True,False,False
-1.0121788821713247,1.4039104085654988,-1.281973305921732,-0.989169228944932,-0.9277590783983208,0.02351931894235184,2029,3,27,False,True,False,False,False,True,False,False
0.967826755878997,0.08869658116464851,-1.281973305921732,-1.3063326344037405,1.0590990384345225,1.013259829412939,2029,3,28,False,True,False,False,True,False,False,False
-0.0221760631461638,-0.9752800300940385,-1.5778497151540374,-0.989169228944932,-1.186914484941735,-0.5602619522407996,2029,3,29,False,False,True,False,True,False,True,False
0.967826755878997,1.0248092846783587,0.09878327049569227,1.548138014725536,-0.5822185363404352,1.625059458449161,2029,3,30,True,False,False,False,False,False,True,False
0.967826755878997,-0.9950150324909065,0.9864124981926082,1.548138014725536,-0.49583340082596367,-0.507564847987785,2029,3,31,True,False,False,False,False,False,True,False
-0.5171774726587443,-0.8100732435621738,0.2960342099838957,-1.3063326344037405,0.3680179543187507,-0.7517248235645437,2029,4,1,True,False,False,False,False,True,True,False
-0.0221760631461638,-0.9274787817734812,0.1974087402397941,1.548138014725536,1.0590990384345225,-0.6552075969725242,2029,4,2,False,False,True,False,False,True,False,False
-1.0121788821713247,0.04633132152825821,0.5919106192162009,-0.037679012568506524,-0.9277590783983208,-0.6600205664196773,2029,4,3,False,True,False,False,False,True,True,False
0.967826755878997,-0.6212908104544098,-0.59159501771302,0.9138112038079189,-1.014144213912792,0.06751133304732643,2029,4,4,False,True,False,False,False,False,True,False
-1.0121788821713247,-1.2008735604869782,-0.4929695479689182,-1.3063326344037405,-0.9277590783983208,-1.0255484067543694,2029,4,5,False,True,False,False,False,True,True,False
1.4628281653915773,-0.16726758165939945,-0.6902204874571217,-0.6720058234861235,-0.40944826531149214,0.8923708060030643,2029,4,6,True,False,False,True,False,False,False,False
1.4628281653915773,1.2870366518559038,0.6905360889603027,-0.354842418027315,0.10886254777533654,2.1418643308205243,2029,4,7,False,True,False,False,False,False,False,False
1.4628281653915773,0.23842261731334127,-1.1833478361776304,-0.354842418027315,-1.6188401625140922,1.5674388828994408,2029,4,8,True,False,False,True,False,False,False,False
0.4728253463664166,1.302340141738505,-1.7751006546422408,-1.6234960398625489,0.9727139029200506,1.9962351710942878,2029,4,9,True,False,False,False,False,True,True,False
-0.5171774726587443,-1.0566425998559763,0.2960342099838957,-0.037679012568506524,1.4910247160068797,-0.8731540782388947,2029,4,10,False,True,False,False,True,False,True,False
-1.0121788821713247,-1.1565584353443108,1.479539846913117,-0.354842418027315,1.2318693094634654,-1.06486250922831,2029,4,11,True,False,False,True,False,False,True,False
1.4628281653915773,0.25579414636926695,0.2960342099838957,-0.037679012568506524,-1.6188401625140922,1.1377708578914623,2029,4,12,False,False,False,False,False,False,True,False
1.4628281653915773,-0.13217000254640673,0.8877870284485064,-0.6720058234861235,0.10886254777533654,0.5444495936969892,2029,4,13,False,True,False,True,False,False,True,False
-0.0221760631461638,0.5482148854773495,0.5919106192162009,1.548138014725536,1.1454841739489936,0.24723645235199287,2029,4,14,True,False,False,False,False,False,True,False
0.967826755878997,1.0129919179736473,-0.09846766899251111,-0.037679012568506524,-0.49583340082596367,1.6838218864442511,2029,4,15,False,False,True,False,False,True,False,False
1.4628281653915773,0.8632067949914307,0.6905360889603027,0.9138112038079189,1.4046395804924077,1.67950003632844,2029,4,16,True,False,False,True,False,False,False,True
0.4728253463664166,1.5232658122830838,1.0850379679367095,-1.6234960398625489,1.3182544449779365,1.217725085033967,2029,4,17,False,False,True,False,True,False,True,False
-0.0221760631461638,-0.35711357777058755,-0.9860968966894269,-0.037679012568506524,-1.186914484941735,-0.12979585831938942,2029,4,18,True,False,False,True,False,False,False,True
-0.5171774726587443,-1.0203041972389888,-0.59159501771302,-1.6234960398625489,0.022477412260865026,-0.81026624786053,2029,4,19,True,False,False,False,True,False,True,False
0.4728253463664166,0.17053184559477447,-0.9860968966894269,0.27948439289030197,-1.6188401625140922,0.6546690496334552,2029,4,20,False,True,False,False,False,False,False,False
0.4728253463664166,-1.3509541176368125,-0.19709313873661294,-0.6720058234861235,-0.7549888073693778,-0.8388371149613606,2029,4,21,False,False,True,False,False,True,False,False
0.4728253463664166,-0.735269312321351,1.282288907424913,-0.037679012568506524,1.0590990384345225,-0.47092734586965923,2029,4,22,False,False,True,False,False,True,False,True
0.967826755878997,-1.0151636427224393,-0.59159501771302,0.27948439289030197,1.6637949870358226,-0.36463684458393064,2029,4,23,False,True,False,False,True,False,True,False
1.4628281653915773,-0.36296317428941954,-0.4929695479689182,1.548138014725536,1.4910247160068797,0.5965696327356769,2029,4,24,True,False,False,False,False,False,True,False
-1.507180291683905,-1.349299686298153,1.1836634376808113,-0.354842418027315,-1.5324550269996209,-1.181441960505657,2029,4,25,False,False,False,False,False,True,True,False
0.4728253463664166,-1.6236398543480273,0.00015780075159044688,0.9138112038079189,1.4910247160068797,-1.0809589453130495,2029,4,26,True,False,False,False,False,False,True,False
-0.0221760631461638,0.5365156924396856,0.09878327049569227,0.5966477983491104,1.1454841739489936,0.33787252495118986,2029,4,27,True,False,False,False,True,False,False,True
-0.0221760631461638,0.37568133158856376,1.1836634376808113,-0.989169228944932,1.3182544449779365,0.02862695998831021,2029,4,28,False,False,False,False,True,False,False,False
-0.5171774726587443,0.7147806691802561,-0.09846766899251111,-1.6234960398625489,1.4910247160068797,0.06248963788435287,2029,4,29,False,False,True,True,False,False,False,False
-1.0121788821713247,0.5489830143131558,0.5919106192162009,1.548138014725536,0.022477412260865026,-0.5012662425633216,2029,4,30,True,False,False,False,False,True,False,False
-1.0121788821713247,-1.3386640562639127,-1.4792242454099356,1.2309746092667273,-1.014144213912792,-1.0552611263005705,2029,5,1,False,False,True,False,False,True,False,True
-1.507180291683905,-0.7275880239632885,-1.1833478361776304,0.5966477983491104,-1.6188401625140922,-1.0364144219603149,2029,5,2,False,False,False,True,False,False,True,False
0.967826755878997,-1.2860176875944238,-0.3943440782248163,-0.6720058234861235,-1.6188401625140922,-0.6751838757748668,2029,5,3,True,False,False,False,True,False,True,False
1.4628281653915773,1.1800894831782658,-0.09846766899251111,0.27948439289030197,0.5407882253476938,2.3745689479937266,2029,5,4,True,False,False,False,True,False,False,True
0.967826755878997,0.8480214787758767,1.5781653166572187,-0.6720058234861235,-0.5822185363404352,0.9471183334644326,2029,5,5,True,False,False,False,True,False,True,False
1.4628281653915773,-1.0371439447932025,1.5781653166572187,0.27948439289030197,0.022477412260865026,-0.4964409951328848,2029,5,6,False,False,False,False,True,False,True,False
0.4728253463664166,-0.5539318202375552,1.1836634376808113,-1.6234960398625489,-1.2732996204562066,-0.32775378280013373,2029,5,7,False,False,True,False,False,False,True,False
1.4628281653915773,1.6074645500541522,-0.6902204874571217,-1.6234960398625489,1.6637949870358226,2.749223934151831,2029,5,8,False,True,False,False,False,True,False,False
-1.507180291683905,0.3200215344093732,1.5781653166572187,-1.3063326344037405,-1.2732996204562066,-0.9564356388512427,2029,5,9,False,False,False,False,False,True,False,False
-0.5171774726587443,1.035563088379646,0.5919106192162009,-0.354842418027315,-0.150292858768078,0.1037559397003784,2029,5,10,True,False,False,False,True,False,True,False
-0.5171774726587443,-0.819113529091278,-0.3943440782248163,1.548138014725536,-0.150292858768078,-0.7123984431073195,2029,5,11,False,True,False,False,True,False,False,False
-1.0121788821713247,-1.0076596148649477,0.6905360889603027,1.2309746092667273,-1.7052252980285638,-0.9963145285562267,2029,5,12,True,False,False,False,True,False,False,False
-0.5171774726587443,0.9759444733543771,-1.676475184898139,-0.037679012568506524,0.6271733608621652,0.47672423790490415,2029,5,13,True,False,False,False,False,True,False,True
0.4728253463664166,0.637081483096779,-1.281973305921732,-1.3063326344037405,0.19524768328980804,1.1772814080979397,2029,5,14,False,False,False,False,False,True,False,False
-0.0221760631461638,0.6201235618755182,1.0850379679367095,-1.6234960398625489,0.022477412260865026,0.19115062471271724,2029,5,15,False,True,False,False,True,False,False,False
-0.5171774726587443,0.17649961578065398,0.49328514947209934,0.9138112038079189,1.1454841739489936,-0.29078477513335205,2029,5,16,False,False,True,False,False,False,False,False
-1.507180291683905,0.2143151892357302,-0.4929695479689182,0.27948439289030197,-0.8413739428838494,-0.8820556161194715,2029,5,17,True,False,False,True,False,False,True,False
0.4728253463664166,0.8092605159844235,0.00015780075159044688,0.5966477983491104,1.2318693094634654,0.9917856366500026,2029,5,18,False,True,False,True,False,False,True,False
-0.5171774726587443,-0.8004420896978341,1.3809143771690149,-0.037679012568506524,1.3182544449779365,-0.8170559726163354,2029,5,19,False,False,False,True,False,False,False,False
0.967826755878997,-0.514343641776772,0.3946596797279975,0.9138112038079189,1.1454841739489936,0.02176356733280351,2029,5,20,True,False,False,False,False,True,True,False
1.4628281653915773,1.2791781029972704,-0.3943440782248163,0.5966477983491104,-0.49583340082596367,2.6295458268432967,2029,5,21,False,True,False,False,False,True,True,False
-0.5171774726587443,-0.6660786302652659,-1.3805987756658338,-0.6720058234861235,-1.1005293494272637,-0.5582729189488638,2029,5,22,True,False,False,True,False,False,False,False
0.967826755878997,0.1546374873769377,-0.7888459572012234,-0.354842418027315,-0.06390772325360648,0.9681259628625938,2029,5,23,False,False,False,True,False,False,True,False
0.4728253463664166,0.6949865799498648,1.5781653166572187,-1.3063326344037405,-0.8413739428838494,0.4759507249580404,2029,5,24,False,True,False,False,False,False,True,False
-0.5171774726587443,1.7226247885915644,-0.2957186084807148,-1.6234960398625489,-1.5324550269996209,0.6281608837242618,2029,5,25,False,True,False,False,False,True,False,False
0.967826755878997,-0.22907240952504004,-0.09846766899251111,-0.037679012568506524,-0.7549888073693778,0.3985134843886639,2029,5,26,False,True,False,False,False,True,False,False
-0.0221760631461638,-0.25400705327198086,-0.09846766899251111,-0.989169228944932,-0.06390772325360648,-0.1682750579300483,2029,5,27,False,True,False,True,False,False,False,True
-1.0121788821713247,1.1787304860072243,1.282288907424913,1.548138014725536,-1.2732996204562066,-0.38965937451581406,2029,5,28,False,False,True,False,False,False,False,False
0.4728253463664166,1.0505711440946295,0.2960342099838957,-0.6720058234861235,1.5774098515213508,1.1078248566628734,2029,5,29,True,False,False,False,False,False,False,False
0.967826755878997,0.7933070709330632,0.5919106192162009,-1.6234960398625489,0.5407882253476938,1.2282104827581222,2029,5,30,False,True,False,True,False,False,True,False
-1.507180291683905,-0.13252452354754807,-0.3943440782248163,-0.037679012568506524,-1.2732996204562066,-0.9482707799676793,2029,5,31,False,True,False,True,False,False,True,False
-0.5171774726587443,-0.6140231299310124,-1.676475184898139,0.5966477983491104,1.0590990384345225,-0.504532186116747,2029,6,1,False,True,False,False,False,True,True,False
0.967826755878997,0.3704226034049673,1.479539846913117,1.2309746092667273,1.4910247160068797,0.5814554353136214,2029,6,2,False,False,False,True,False,False,False,False
1.4628281653915773,1.295013374381584,1.479539846913117,-0.6720058234861235,-0.7549888073693778,1.7878164048559555,2029,6,3,False,True,False,False,True,False,False,False
0.967826755878997,1.3211297547989957,1.479539846913117,1.2309746092667273,-1.186914484941735,1.3756199500604736,2029,6,4,False,False,False,False,False,False,False,False
0.967826755878997,-1.3586944928283986,1.479539846913117,0.5966477983491104,-0.5822185363404352,-0.8629387961469777,2029,6,5,True,False,False,True,False,False,False,False
1.4628281653915773,-0.2531207507691276,1.0850379679367095,1.548138014725536,1.1454841739489936,0.3703600687194743,2029,6,6,False,True,False,False,True,False,True,False
-1.0121788821713247,-0.1273839690309986,0.5919106192162009,1.2309746092667273,-1.1005293494272637,-0.7148908737138812,2029,6,7,False,False,False,False,False,False,False,False
1.4628281653915773,1.645457384009799,1.1836634376808113,-0.989169228944932,0.9727139029200506,2.2806669318411044,2029,6,8,True,False,False,False,True,False,True,False
1.4628281653915773,0.6098424528424193,0.2960342099838957,1.548138014725536,0.7999436318911078,1.5446018339920302,2029,6,9,False,False,True,False,True,False,True,False
-1.507180291683905,-0.32603390333719656,-1.281973305921732,0.27948439289030197,0.5407882253476938,-0.9548640569909478,2029,6,10,False,False,False,True,False,False,False,False
1.4628281653915773,-1.643670290912513,-0.3943440782248163,-0.989169228944932,-0.23667799428254913,-1.026739371132874,2029,6,11,False,True,False,False,False,False,False,True
-1.507180291683905,0.22057839358922723,1.5781653166572187,-0.037679012568506524,-0.40944826531149214,-0.9700764782792716,2029,6,12,False,True,False,False,True,False,False,True
-0.0221760631461638,-1.4016506208000243,-0.59159501771302,-0.6720058234861235,-1.4460698914851493,-0.9425369617742594,2029,6,13,False,False,True,False,False,True,False,True
1.4628281653915773,1.150605153250011,1.1836634376808113,-0.037679012568506524,-0.49583340082596367,1.776803053850607,2029,6,14,False,True,False,False,False,False,True,False
-1.0121788821713247,0.8674019601716035,-1.4792242454099356,0.27948439289030197,0.3680179543187507,-0.16594224110617303,2029,6,15,False,True,False,False,False,True,True,False
1.4628281653915773,-0.14191933007779378,-0.59159501771302,0.5966477983491104,1.4046395804924077,0.900732112619165,2029,6,16,False,True,False,True,False,False,True,False
0.967826755878997,-0.2501073222594263,-0.59159501771302,-0.037679012568506524,1.1454841739489936,0.4747597605795356,2029,6,17,False,True,False,False,False,True,True,False
0.4728253463664166,1.3679856137831767,-1.5778497151540374,-0.6720058234861235,-1.6188401625140922,1.9981505364865222,2029,6,18,False,False,True,False,False,False,True,False
-1.0121788821713247,-0.7366283094923927,-1.3805987756658338,0.9138112038079189,-1.186914484941735,-0.8170805285829026,2029,6,19,False,True,False,False,True,False,False,False
1.4628281653915773,-0.8729416344312382,-1.0847223664335286,0.27948439289030197,1.2318693094634654,0.03406610658292479,2029,6,20,True,False,False,False,True,False,False,False
-1.0121788821713247,1.5126892690823668,1.0850379679367095,0.9138112038079189,1.5774098515213508,-0.2661796966331095,2029,6,21,True,False,False,False,False,False,False,True
-1.507180291683905,1.0635111606362884,-1.5778497151540374,-0.989169228944932,-1.5324550269996209,-0.6625743869426567,2029,6,22,True,False,False,False,True,False,False,True
-0.0221760631461638,1.102862991762977,-0.7888459572012234,-0.354842418027315,0.7135584963766364,0.9379957918847518,2029,6,23,False,True,False,False,False,True,True,False
-0.0221760631461638,-1.0590060731969186,-1.7751006546422408,-1.6234960398625489,-0.40944826531149214,-0.6157707146657481,2029,6,24,False,False,True,False,True,False,False,True
-1.0121788821713247,-1.238393699774437,0.5919106192162009,1.548138014725536,-0.40944826531149214,-1.0658079139411436,2029,6,25,False,True,False,False,True,False,False,False
-1.0121788821713247,-1.6437293777460364,0.3946596797279975,0.5966477983491104,0.5407882253476938,-1.192344809661453,2029,6,26,False,False,True,False,False,True,False,False
1.4628281653915773,-0.9143615047312516,0.49328514947209934,-1.6234960398625489,1.0590990384345225,-0.2332869794164678,2029,6,27,False,False,False,False,False,True,False,False
-0.5171774726587443,0.9423240650794732,-0.4929695479689182,-1.6234960398625489,-0.7549888073693778,0.2491640957275108,2029,6,28,True,False,False,False,False,True,True,False
0.967826755878997,-0.9040213088646292,-1.0847223664335286,0.27948439289030197,0.7135584963766364,-0.1854519565437406,2029,6,29,True,False,False,True,False,False,False,True
-1.507180291683905,0.786512085077854,0.6905360889603027,1.548138014725536,0.4544030898332222,-0.8436623623917975,2029,6,30,True,False,False,False,False,True,False,False
0.967826755878997,-0.8629559595657571,0.9864124981926082,0.5966477983491104,0.10886254777533654,-0.3890209193850691,2029,7,1,True,False,False,False,False,True,False,True
0.4728253463664166,-0.3673355999701628,-1.281973305921732,-0.989169228944932,0.3680179543187507,0.18589564786735607,2029,7,2,False,False,False,True,False,False,False,True
0.4728253463664166,1.6646606049049548,-0.09846766899251111,-1.3063326344037405,-1.6188401625140922,1.7567776631151302,2029,7,3,False,False,False,False,True,False,False,False
-0.0221760631461638,-0.8875360823115567,-0.8874714269453252,0.27948439289030197,-1.7052252980285638,-0.5431832774933757,2029,7,4,False,True,False,False,False,True,True,False
-1.507180291683905,-0.4327447246807401,-1.1833478361776304,1.2309746092667273,0.19524768328980804,-0.978818402377162,2029,7,5,True,False,False,False,False,False,True,False
0.967826755878997,-0.6929631395184843,0.7891615587044045,-0.354842418027315,0.10886254777533654,-0.20826444948458436,2029,7,6,False,False,False,False,False,True,True,False
-0.0221760631461638,-1.3547947618158438,0.09878327049569227,-1.6234960398625489,-1.4460698914851493,-0.9354648434029322,2029,7,7,False,False,False,False,False,True,True,False
0.4728253463664166,-0.04034906325079969,-0.9860968966894269,-1.3063326344037405,0.022477412260865026,0.4530891200840623,2029,7,8,True,False,False,True,False,False,False,True
-1.0121788821713247,-0.42476800215506,-0.6902204874571217,-0.989169228944932,0.8863287674055794,-0.733320126622496,2029,7,9,True,False,False,False,False,False,True,False
-1.507180291683905,0.6682202443636934,1.5781653166572187,-0.037679012568506524,0.19524768328980804,-0.908674283878217,2029,7,10,False,True,False,False,True,False,False,True
-1.507180291683905,1.092345535395784,1.1836634376808113,-1.6234960398625489,0.10886254777533654,-0.8262890160455683,2029,7,11,False,False,False,False,True,False,False,False
0.967826755878997,0.14754706735411097,1.282288907424913,0.5966477983491104,0.7999436318911078,0.44439630791930607,2029,7,12,False,True,False,False,False,False,True,False
1.4628281653915773,-1.622458117677556,-0.19709313873661294,-1.3063326344037405,-1.1005293494272637,-1.0060141353502348,2029,7,13,True,False,False,False,False,True,False,False
-0.5171774726587443,0.40563835618500704,0.3946596797279975,-0.354842418027315,-0.150292858768078,-0.16691220178557375,2029,7,14,False,True,False,True,False,False,False,False
0.967826755878997,-1.5422772845860897,-0.4929695479689182,0.5966477983491104,-1.186914484941735,-0.9464536384417133,2029,7,15,False,True,False,False,False,False,False,False
-1.0121788821713247,0.3967753311564735,-1.4792242454099356,-0.354842418027315,0.10886254777533654,-0.3556616388036524,2029,7,16,True,False,False,False,False,False,False,False
1.4628281653915773,0.6341271414206012,-0.3943440782248163,0.5966477983491104,0.3680179543187507,1.8226244874648314,2029,7,17,False,False,False,False,True,False,True,False
1.4628281653915773,-1.050143048168385,0.2960342099838957,-0.037679012568506524,-1.2732996204562066,-0.36289337095766583,2029,7,18,False,True,False,True,False,False,False,False
1.4628281653915773,1.0984314792487104,-0.7888459572012234,0.27948439289030197,-1.4460698914851493,2.5733863313043197,2029,7,19,True,False,False,False,False,False,False,False
-1.0121788821713247,1.4154914279361162,1.1836634376808113,0.5966477983491104,-1.1005293494272637,-0.3083177352622675,2029,7,20,False,True,False,True,False,False,False,False
-0.0221760631461638,1.0768056981790888,-1.281973305921732,-0.989169228944932,0.2816328188042792,1.0389944823752686,2029,7,21,False,True,False,False,False,True,False,True
-1.507180291683905,-0.6790777336404483,-0.4929695479689182,-0.354842418027315,-1.014144213912792,-1.0435602082313433,2029,7,22,True,False,False,False,True,False,True,False
-0.0221760631461638,0.29408241449253186,-1.3805987756658338,1.2309746092667273,-0.7549888073693778,0.4385274319097672,2029,7,23,True,False,False,False,False,True,True,False
-1.0121788821713247,1.4284314444777748,-0.3943440782248163,0.27948439289030197,0.7135584963766364,-0.08839449868724476,2029,7,24,False,True,False,True,False,False,False,False
-0.5171774726587443,-0.6253087151340117,-1.676475184898139,0.9138112038079189,-0.8413739428838494,-0.5114938026385222,2029,7,25,False,True,False,False,False,True,False,True
-1.507180291683905,1.1007949525896528,-0.7888459572012234,-0.037679012568506524,-0.3230631297970206,-0.7035705731264441,2029,7,26,False,True,False,False,True,False,True,False
-1.0121788821713247,-1.7009845194303628,-0.3943440782248163,1.2309746092667273,1.4910247160068797,-1.2068696638858976,2029,7,27,False,True,False,True,False,False,True,False
-0.5171774726587443,-1.721133129661896,-0.09846766899251111,-1.6234960398625489,1.1454841739489936,-1.197882180122336,2029,7,28,False,False,False,False,False,False,True,False
0.967826755878997,0.8922775170850208,0.09878327049569227,1.548138014725536,-0.8413739428838494,1.4912171626751365,2029,7,29,False,False,False,False,False,True,True,False
0.4728253463664166,0.8983043741044235,-0.7888459572012234,0.5966477983491104,0.3680179543187507,1.2937749134923016,2029,7,30,False,True,False,False,True,False,True,False
1.4628281653915773,0.9934341760773501,0.00015780075159044688,-0.037679012568506524,0.6271733608621652,2.10827176855672,2029,7,31,True,False,False,False,False,False,True,False
-1.0121788821713247,1.4810187263137409,0.00015780075159044688,-1.6234960398625489,1.4046395804924077,-0.12451632550746115,2029,8,1,False,False,False,False,True,False,False,False
0.4728253463664166,-1.3261376475569187,-0.6902204874571217,-0.6720058234861235,0.19524768328980804,-0.7914072655369909,2029,8,2,False,True,False,True,False,False,True,False
-0.0221760631461638,-0.9318512074542242,1.0850379679367095,-0.037679012568506524,0.19524768328980804,-0.724725538324008,2029,8,3,False,False,True,True,False,False,True,False
0.4728253463664166,1.3900840895209863,0.09878327049569227,1.2309746092667273,1.4046395804924077,1.4532413603791037,2029,8,4,False,False,False,False,False,True,True,False
-1.0121788821713247,-1.1211063352301767,-0.59159501771302,-1.6234960398625489,-1.5324550269996209,-0.9937852639998146,2029,8,5,False,True,False,False,True,False,False,True
0.4728253463664166,0.6244369007227379,1.479539846913117,1.2309746092667273,0.4544030898332222,0.45300317420107755,2029,8,6,False,True,False,False,True,False,False,False
1.4628281653915773,0.09986399270060067,1.1836634376808113,-0.354842418027315,-0.23667799428254913,0.7069487024548289,2029,8,7,False,False,False,False,True,False,False,True
-1.507180291683905,-1.4461430064432625,1.5781653166572187,-0.989169228944932,1.4046395804924077,-1.1986556930692,2029,8,8,True,False,False,True,False,False,False,False
-1.0121788821713247,-0.7476775473612979,0.5919106192162009,0.27948439289030197,1.5774098515213508,-0.9108106529695554,2029,8,9,False,True,False,False,False,True,True,False
-0.5171774726587443,0.0650027609217023,-0.4929695479689182,0.5966477983491104,-1.1005293494272637,-0.22664459046006488,2029,8,10,False,True,False,False,True,False,True,False
0.4728253463664166,1.212469067949175,-0.7888459572012234,-0.989169228944932,-0.7549888073693778,1.5875502195179028,2029,8,11,True,False,False,False,True,False,False,False
-1.507180291683905,0.7119445011711256,0.49328514947209934,1.2309746092667273,-0.7549888073693778,-0.8447551029040339,2029,8,12,False,False,True,False,False,False,False,False
1.4628281653915773,0.41586037838458245,1.5781653166572187,-0.989169228944932,-1.359684755970678,0.8984729636949907,2029,8,13,False,False,True,False,True,False,False,False
-0.0221760631461638,-0.019136890015842616,0.3946596797279975,1.548138014725536,-0.06390772325360648,-0.08118732249979844,2029,8,14,False,False,False,False,False,True,False,False
-0.0221760631461638,-0.7012943830453058,1.282288907424913,-0.989169228944932,0.10886254777533654,-0.6073111841833793,2029,8,15,False,True,False,False,False,False,False,False
1.4628281653915773,-1.3215288745420815,-0.59159501771302,1.548138014725536,0.2816328188042792,-0.6091897156257631,2029,8,16,True,False,False,False,False,False,True,False
0.4728253463664166,-0.319711612150176,-0.3943440782248163,-0.037679012568506524,0.6271733608621652,0.09238652717980722,2029,8,17,True,False,False,False,False,False,False,True
-0.0221760631461638,-1.6351617868851207,1.3809143771690149,-0.037679012568506524,-1.4460698914851493,-1.1444483968723083,2029,8,18,True,False,False,True,False,False,False,False
-0.5171774726587443,-1.004173491687058,0.7891615587044045,-0.989169228944932,0.4544030898332222,-0.8728225726902388,2029,8,19,False,True,False,False,False,False,True,False
-1.0121788821713247,-0.23882173705642679,1.5781653166572187,-0.037679012568506524,1.4910247160068797,-0.8159018421876815,2029,8,20,False,False,False,False,True,False,False,False
-1.507180291683905,-0.2868002458775549,0.8877870284485064,0.9138112038079189,-0.150292858768078,-1.017322157954388,2029,8,21,False,False,False,True,False,False,False,False
0.967826755878997,-1.5806246395428776,-0.19709313873661294,1.548138014725536,-1.359684755970678,-0.9970880415030908,2029,8,22,True,False,False,True,False,False,True,False
0.4728253463664166,0.3024136580193535,0.09878327049569227,0.5966477983491104,-1.4460698914851493,0.5378931506235713,2029,8,23,True,False,False,True,False,False,True,False
-0.0221760631461638,0.16633668041460206,1.3809143771690149,1.548138014725536,-0.7549888073693778,-0.12623524316715873,2029,8,24,False,True,False,True,False,False,True,False
-1.0121788821713247,-1.4637508828332826,0.09878327049569227,0.27948439289030197,0.8863287674055794,-1.1295306471827897,2029,8,25,True,False,False,True,False,False,True,False
0.967826755878997,1.5263974144598322,-0.8874714269453252,0.27948439289030197,-0.8413739428838494,2.549125036336017,2029,8,26,False,False,True,True,False,False,True,False
-0.5171774726587443,-1.3901877750964544,-0.2957186084807148,0.5966477983491104,1.1454841739489936,-1.0212511126051254,2029,8,27,True,False,False,True,False,False,True,False
-0.0221760631461638,1.2210957456436144,0.00015780075159044688,0.27948439289030197,1.1454841739489936,0.8240683849966525,2029,8,28,False,False,False,False,False,False,True,False
-0.0221760631461638,-1.7326550621989893,-1.4792242454099356,-0.989169228944932,-0.150292858768078,-1.1779304572865605,2029,8,29,True,False,False,False,False,True,True,False
-1.507180291683905,1.315930113448923,0.7891615587044045,0.5966477983491104,-0.6686036718549063,-0.7676739238498805,2029,8,30,True,False,False,False,True,False,False,True
-0.5171774726587443,-1.6655324193162289,-1.3805987756658338,0.5966477983491104,0.3680179543187507,-1.1563948746072066,2029,8,31,False,False,True,False,True,False,True,False
-0.5171774726587443,0.885718878563906,-0.3943440782248163,-1.6234960398625489,1.0590990384345225,0.2015869105037383,2029,9,1,False,True,False,False,False,False,True,False
0.4728253463664166,-0.4835003146774754,0.9864124981926082,1.2309746092667273,-1.4460698914851493,-0.24870812642061182,2029,9,2,True,False,False,False,False,False,True,False
0.967826755878997,0.81800536734591,-0.19709313873661294,-0.354842418027315,1.5774098515213508,1.5149627823455305,2029,9,3,False,True,False,True,False,False,False,False
-1.507180291683905,-0.3450598637317818,1.0850379679367095,-0.354842418027315,0.5407882253476938,-1.032301297560324,2029,9,4,True,False,False,False,False,True,True,False
0.4728253463664166,-1.4886264397467,-0.59159501771302,-1.6234960398625489,-0.3230631297970206,-0.9451276162470894,2029,9,5,False,False,True,True,False,False,True,False
-1.507180291683905,0.9192211131717627,1.5781653166572187,-0.037679012568506524,0.022477412260865026,-0.8742590967344145,2029,9,6,True,False,False,False,False,False,True,False
-0.5171774726587443,-1.4874447030762288,-1.0847223664335286,-0.037679012568506524,-0.40944826531149214,-1.0560837511805687,2029,9,7,False,False,True,True,False,False,False,True
-1.507180291683905,1.4536615223923341,-1.676475184898139,-0.6720058234861235,-0.23667799428254913,-0.5763092763924049,2029,9,8,True,False,False,False,True,False,False,False
-1.507180291683905,-1.5575216876351672,1.282288907424913,-0.037679012568506524,0.3680179543187507,-1.2122719765306615,2029,9,9,False,True,False,False,True,False,True,False
-1.507180291683905,-0.07686472636835749,0.7891615587044045,-0.037679012568506524,-1.5324550269996209,-0.9818510642481999,2029,9,10,False,False,True,True,False,False,True,False
-1.0121788821713247,0.7655362591769915,-0.9860968966894269,-1.6234960398625489,-1.1005293494272637,-0.26078966197162917,2029,9,11,False,True,False,False,False,True,True,False
-1.0121788821713247,-0.3744260199929895,1.5781653166572187,-0.354842418027315,-0.9277590783983208,-0.8530918535535671,2029,9,12,False,True,False,True,False,False,True,False
0.967826755878997,-0.9828431447850537,0.00015780075159044688,-1.3063326344037405,-0.3230631297970206,-0.3919799133564058,2029,9,13,True,False,False,True,False,False,False,False
0.967826755878997,0.8901503910781727,1.479539846913117,0.27948439289030197,-0.40944826531149214,1.015604924220098,2029,9,14,False,True,False,False,False,True,False,False
1.4628281653915773,0.9772443836918955,0.00015780075159044688,0.9138112038079189,0.7999436318911078,2.0889585008516893,2029,9,15,False,True,False,False,False,True,False,False
-0.5171774726587443,1.4556704747321345,-0.09846766899251111,0.9138112038079189,-0.8413739428838494,0.445832831963482,2029,9,16,True,False,False,False,False,True,True,False
-1.507180291683905,-0.4334537666830228,-0.19709313873661294,1.548138014725536,-1.5324550269996209,-1.0078189988929172,2029,9,17,True,False,False,False,True,False,False,False
-0.5171774726587443,0.016197036431244448,-0.59159501771302,0.9138112038079189,-1.5324550269996209,-0.2416605640158517,2029,9,18,True,False,False,True,False,False,True,False
-1.0121788821713247,-0.4785370206614966,0.09878327049569227,1.548138014725536,-1.7052252980285638,-0.797877762727424,2029,9,19,False,False,False,False,False,False,True,False
-1.507180291683905,-0.845111735841643,-0.19709313873661294,0.27948439289030197,-1.5324550269996209,-1.0796697570682763,2029,9,20,True,False,False,False,False,True,False,False
0.4728253463664166,0.862261405655054,-1.676475184898139,0.27948439289030197,1.2318693094634654,1.5111074955944948,2029,9,21,False,False,False,False,False,True,True,False
-1.0121788821713247,-0.5596632430893402,-0.8874714269453252,-1.6234960398625489,0.7135584963766364,-0.7727201749794215,2029,9,22,False,True,False,True,False,False,False,False
-1.0121788821713247,-0.2537707059378865,-1.0847223664335286,1.548138014725536,1.7501801225502938,-0.6439977982346392,2029,9,23,True,False,False,False,False,False,False,True
-1.0121788821713247,-0.3383830515436199,1.1836634376808113,1.548138014725536,-1.6188401625140922,-0.8185416085936456,2029,9,24,False,False,False,True,False,False,True,False
1.4628281653915773,0.7296705512281927,0.2960342099838957,-0.037679012568506524,1.2318693094634654,1.6822994165170906,2029,9,25,True,False,False,True,False,False,False,True
-1.507180291683905,1.4387125535108738,0.8877870284485064,-0.354842418027315,0.7135584963766364,-0.7555801103155797,2029,9,26,False,False,True,False,False,True,True,False
0.967826755878997,0.5709633163839191,1.479539846913117,0.5966477983491104,0.5407882253476938,0.7489762392344349,2029,9,27,True,False,False,False,False,True,True,False
-0.0221760631461638,-0.10363106195452888,0.49328514947209934,0.5966477983491104,-0.49583340082596367,-0.1502509784697908,2029,9,28,False,True,False,False,True,False,False,False
0.4728253463664166,0.9596365073018754,1.5781653166572187,1.548138014725536,-0.40944826531149214,0.6574315958722549,2029,9,29,True,False,False,False,False,False,False,False
0.4728253463664166,0.4818603714303955,-0.6902204874571217,-0.6720058234861235,1.2318693094634654,0.8804366062514496,2029,9,30,True,False,False,False,False,False,True,False
-0.5171774726587443,-1.5241967135278813,-1.0847223664335286,-1.6234960398625489,0.7999436318911078,-1.0773983301608188,2029,10,1,False,False,False,False,False,True,False,False
-1.507180291683905,-1.4030687048045898,-0.3943440782248163,-0.037679012568506524,0.6271733608621652,-1.1753152468471635,2029,10,2,False,True,False,False,False,True,False,True
0.967826755878997,-1.6026640284471645,-0.19709313873661294,1.2309746092667273,-1.6188401625140922,-1.0201706500761727,2029,10,3,False,False,False,False,False,True,True,False
-1.0121788821713247,-0.15468208611888187,1.282288907424913,-1.6234960398625489,-1.1005293494272637,-0.7720326079155423,2029,10,4,False,False,False,False,False,False,False,True
-0.0221760631461638,1.120884475987662,0.1974087402397941,-0.354842418027315,1.6637949870358226,0.706838200605277,2029,10,5,False,True,False,False,True,False,False,False
-1.507180291683905,-0.6515432692184709,-0.7888459572012234,-0.354842418027315,-0.150292858768078,-1.031282224947789,2029,10,6,False,True,False,False,False,False,False,True
-1.507180291683905,-0.4058602154275219,0.7891615587044045,-0.989169228944932,0.9727139029200506,-1.0324363553764433,2029,10,7,False,False,False,False,False,True,True,False
1.4628281653915773,1.4099372655849016,0.00015780075159044688,-0.354842418027315,-0.3230631297970206,2.605051250192606,2029,10,8,False,False,False,False,False,True,False,False
0.967826755878997,1.159113657277403,-1.1833478361776304,-0.037679012568506524,0.9727139029200506,2.24393120585671,2029,10,9,True,False,False,False,True,False,True,False
-0.0221760631461638,0.5650546330315633,0.1974087402397941,-0.354842418027315,-1.2732996204562066,0.33724634780372864,2029,10,10,False,True,False,True,False,False,False,True
-1.0121788821713247,-0.811491327566739,1.3809143771690149,-1.6234960398625489,-1.5324550269996209,-0.9645759417682392,2029,10,11,True,False,False,True,False,False,False,False
-1.507180291683905,-1.32915107606662,1.0850379679367095,0.27948439289030197,-0.06390772325360648,-1.1774884498883524,2029,10,12,False,False,True,False,False,False,True,False
0.4728253463664166,-1.6782360885237937,0.2960342099838957,-0.989169228944932,0.3680179543187507,-1.1319616878729335,2029,10,13,False,True,False,True,False,False,True,False
0.4728253463664166,-1.363835047344948,-0.4929695479689182,0.27948439289030197,-0.5822185363404352,-0.8357921751070392,2029,10,14,False,False,True,True,False,False,False,True
-0.0221760631461638,-0.7223292957796921,-1.4792242454099356,-0.354842418027315,0.7999436318911078,-0.3633599343224409,2029,10,15,False,True,False,False,False,False,False,False
-1.0121788821713247,0.17360436093799964,-0.19709313873661294,-0.989169228944932,0.022477412260865026,-0.5534722274849941,2029,10,16,False,True,False,False,False,True,True,False
-0.0221760631461638,-1.512497520490217,0.7891615587044045,1.548138014725536,1.4910247160068797,-1.0596689222993665,2029,10,17,True,False,False,True,False,False,True,False
-1.507180291683905,-1.2628556488531895,-0.4929695479689182,-0.037679012568506524,-1.4460698914851493,-1.1491017525367753,2029,10,18,True,False,False,False,False,True,False,True
1.4628281653915773,-1.1078117976873765,-0.9860968966894269,-1.6234960398625489,-1.4460698914851493,-0.2940507186867775,2029,10,19,False,True,False,False,False,False,True,False
1.4628281653915773,0.45078069699700435,1.479539846913117,-0.037679012568506524,1.4046395804924077,0.9650564670417052,2029,10,20,True,False,False,False,False,True,True,False
0.4728253463664166,0.3948254656501962,1.0850379679367095,-0.6720058234861235,0.6271733608621652,0.3853023743755596,2029,10,21,False,True,False,False,False,True,False,True
1.4628281653915773,0.1700591509265861,0.3946596797279975,-0.6720058234861235,0.6271733608621652,1.0102640014917517,2029,10,22,False,True,False,False,False,False,True,False
-0.5171774726587443,-0.8678601667482124,-1.281973305921732,-0.354842418027315,-1.6188401625140922,-0.6849817064351431,2029,10,23,False,True,False,False,False,True,True,False
-0.0221760631461638,-0.450884382572472,-1.281973305921732,0.9138112038079189,1.5774098515213508,-0.16730509725064754,2029,10,24,False,False,False,True,False,False,True,False
1.4628281653915773,-1.3995234947931763,-1.3805987756658338,-1.6234960398625489,0.9727139029200506,-0.6598241186871405,2029,10,25,True,False,False,True,False,False,False,True
-0.5171774726587443,-0.9509362546823332,0.3946596797279975,-0.989169228944932,0.9727139029200506,-0.8265345757112393,2029,10,26,True,False,False,True,False,False,True,False
-0.5171774726587443,1.3692855241206945,-1.3805987756658338,1.548138014725536,1.4046395804924077,0.6597889686626974,2029,10,27,True,False,False,True,False,False,False,False
0.967826755878997,1.652665977699673,1.0850379679367095,-0.6720058234861235,0.2816328188042792,1.8258658750516896,2029,10,28,False,False,False,False,False,True,False,True
0.4728253463664166,0.504963323338106,1.6767907864013198,-1.3063326344037405,-0.3230631297970206,0.3214691392843613,2029,10,29,False,True,False,True,False,False,True,False
-0.0221760631461638,1.4353446040000313,-0.4929695479689182,0.9138112038079189,-0.06390772325360648,1.1054797618557146,2029,10,30,False,False,True,False,False,True,False,True
-0.5171774726587443,0.48794631528332166,-0.19709313873661294,1.548138014725536,0.9727139029200506,-0.04047352993153263,2029,10,31,False,False,True,False,True,False,True,False
-1.507180291683905,-1.6189719944996661,0.6905360889603027,0.27948439289030197,0.9727139029200506,-1.2185460259885577,2029,11,1,True,False,False,False,False,True,False,False
1.4628281653915773,1.7116937243897064,1.479539846913117,-1.6234960398625489,0.3680179543187507,2.1938984239762265,2029,11,2,False,True,False,True,False,False,True,False
0.967826755878997,-1.3916649459345434,1.282288907424913,0.9138112038079189,-0.9277590783983208,-0.8797473552621633,2029,11,3,False,False,True,False,True,False,False,False
-1.0121788821713247,0.6259140715608269,-1.5778497151540374,-0.037679012568506524,1.1454841739489936,-0.25311592241940783,2029,11,4,False,True,False,False,False,False,True,False
1.4628281653915773,-0.859765270555485,-1.1833478361776304,-1.3063326344037405,0.5407882253476938,0.06589063925389736,2029,11,5,True,False,False,False,False,True,True,False
1.4628281653915773,-0.3787984456737328,0.7891615587044045,-1.6234960398625489,-0.9277590783983208,0.3035678396569394,2029,11,6,False,False,True,True,False,False,False,True
1.4628281653915773,0.4989955531522268,0.5919106192162009,-0.037679012568506524,-0.06390772325360648,1.3159366733191171,2029,11,7,False,True,False,True,False,False,True,False
0.967826755878997,-0.22493633117839082,-1.281973305921732,0.27948439289030197,1.7501801225502938,0.6417894451690068,2029,11,8,False,False,True,True,False,False,False,True
-1.0121788821713247,-0.8676829062476417,0.00015780075159044688,1.2309746092667273,-0.5822185363404352,-0.9249180557623591,2029,11,9,False,True,False,False,False,False,True,False
0.4728253463664166,-0.5776847273140249,0.8877870284485064,-0.037679012568506524,-1.2732996204562066,-0.30623047810406323,2029,11,10,False,False,True,False,True,False,True,False
-0.0221760631461638,-0.5531046045682253,-0.9860968966894269,0.27948439289030197,-1.6188401625140922,-0.27967320026173553,2029,11,11,True,False,False,False,True,False,False,True
-0.0221760631461638,1.5822344721395936,1.1836634376808113,-0.037679012568506524,-1.1005293494272637,0.7306329322088049,2029,11,12,False,True,False,True,False,False,True,False
-1.0121788821713247,1.026759150184636,-1.5778497151540374,0.5966477983491104,-1.1005293494272637,-0.08986785668127119,2029,11,13,False,True,False,False,False,True,False,True
1.4628281653915773,-0.1487143159330027,0.8877870284485064,-1.3063326344037405,1.2318693094634654,0.5268797996182232,2029,11,14,False,False,False,True,False,False,False,False
-1.507180291683905,-1.0429935413120346,0.3946596797279975,0.9138112038079189,-1.186914484941735,-1.123931886805489,2029,11,15,False,True,False,True,False,False,True,False
-1.0121788821713247,1.0695971044892147,-0.6902204874571217,0.9138112038079189,1.3182544449779365,-0.18058987516345312,2029,11,16,False,True,False,False,False,True,False,False
-1.0121788821713247,-1.190415190953309,0.6905360889603027,1.548138014725536,-1.4460698914851493,-1.0532720930086348,2029,11,17,False,True,False,True,False,False,True,False
-0.0221760631461638,-1.0062415308603823,0.8877870284485064,0.9138112038079189,1.4046395804924077,-0.7550644350176704,2029,11,18,True,False,False,False,False,False,True,False
-0.5171774726587443,-0.46855134579601554,1.479539846913117,0.27948439289030197,-0.8413739428838494,-0.6848098146691733,2029,11,19,True,False,False,True,False,False,False,False
-1.507180291683905,1.309253301260761,-0.4929695479689182,0.9138112038079189,0.3680179543187507,-0.6841099696220106,2029,11,20,False,True,False,False,False,False,True,False
-0.0221760631461638,-1.2781591387357907,0.5919106192162009,-1.6234960398625489,-1.186914484941735,-0.9064888028537443,2029,11,21,False,True,False,True,False,False,True,False
0.967826755878997,-1.311188678675459,0.2960342099838957,-0.989169228944932,-0.3230631297970206,-0.7467767963012713,2029,11,22,False,True,False,False,True,False,False,True
-1.0121788821713247,-0.026227310038669363,0.00015780075159044688,-1.3063326344037405,-1.4460698914851493,-0.6381534781916675,2029,11,23,False,True,False,False,False,True,False,True
-0.5171774726587443,-0.7782845271265003,1.282288907424913,1.548138014725536,0.2816328188042792,-0.8011559842641329,2029,11,24,True,False,False,False,True,False,False,False
-1.507180291683905,0.23215941295984424,-1.7751006546422408,-1.6234960398625489,-0.49583340082596367,-0.8233300220742319,2029,11,25,False,False,True,True,False,False,False,False
0.4728253463664166,-0.17258539667651976,-0.7888459572012234,-0.354842418027315,1.2318693094634654,0.2924071528521887,2029,11,26,False,True,False,True,False,False,False,False
-1.507180291683905,-0.23025414619551113,0.09878327049569227,-1.6234960398625489,-1.1005293494272637,-0.9822807936631244,2029,11,27,True,False,False,False,False,False,False,False
-1.507180291683905,-1.3466998656231166,-1.1833478361776304,-0.989169228944932,-0.7549888073693778,-1.15734027932004,2029,11,28,True,False,False,True,False,False,True,False
1.4628281653915773,-1.2461931617995465,1.3809143771690149,-0.037679012568506524,-1.1005293494272637,-0.6803651847205268,2029,11,29,False,False,False,True,False,False,False,True
-1.0121788821713247,1.1043992494345896,0.49328514947209934,-0.037679012568506524,0.2816328188042792,-0.31367093597389717,2029,11,30,False,False,False,True,False,False,True,False
-1.0121788821713247,1.3283974353223935,-0.09846766899251111,-0.989169228944932,-1.359684755970678,-0.16342525453304446,2029,12,1,False,False,True,False,True,False,False,False
0.4728253463664166,-0.9225154877575024,1.0850379679367095,-0.6720058234861235,-1.014144213912792,-0.5864631685679043,2029,12,2,False,True,False,False,False,False,False,True
0.4728253463664166,-1.3415593111065671,-0.19709313873661294,0.27948439289030197,0.6271733608621652,-0.83064770011123,2029,12,3,False,True,False,False,True,False,False,False
0.4728253463664166,-1.5490722704412985,0.1974087402397941,-0.037679012568506524,-1.4460698914851493,-1.023105088080942,2029,12,4,False,True,False,False,False,False,False,True
-0.0221760631461638,0.3688863457333549,-1.7751006546422408,1.548138014725536,0.8863287674055794,0.5710682614557347,2029,12,5,False,True,False,False,True,False,True,False
-0.0221760631461638,0.738947184091391,-0.4929695479689182,-1.3063326344037405,-1.359684755970678,0.6018982774807392,2029,12,6,True,False,False,True,False,False,True,False
-1.0121788821713247,-0.4450938728871635,-1.281973305921732,0.9138112038079189,0.2816328188042792,-0.70649273314793,2029,12,7,False,False,True,False,True,False,False,True
-1.0121788821713247,0.6156329625277279,0.5919106192162009,-0.037679012568506524,1.7501801225502938,-0.48020950123202627,2029,12,8,False,False,False,False,True,False,True,False
0.4728253463664166,0.7306750273980929,-0.09846766899251111,-1.3063326344037405,-1.1005293494272637,0.9513542376972589,2029,12,9,False,False,True,False,False,False,False,False
-0.0221760631461638,1.4993947315395664,-0.6902204874571217,0.27948439289030197,-0.8413739428838494,1.2070186836107077,2029,12,10,True,False,False,False,False,False,True,False
-0.5171774726587443,-1.5094840919805155,-0.19709313873661294,1.548138014725536,1.4046395804924077,-1.0864226478742312,2029,12,11,False,False,True,False,True,False,False,False
-0.0221760631461638,-1.0690508348959231,-1.0847223664335286,1.548138014725536,0.4544030898332222,-0.6679521436208534,2029,12,12,False,True,False,False,False,False,False,False
-1.0121788821713247,-1.4968395096064744,1.3809143771690149,1.2309746092667273,0.022477412260865026,-1.1582611280663067,2029,12,13,False,True,False,False,False,False,True,False
-0.0221760631461638,1.2665926074567528,-1.5778497151540374,1.2309746092667273,0.2816328188042792,1.2658793354720668,2029,12,14,False,False,True,False,False,False,False,False
-1.0121788821713247,1.0059014979508205,1.1836634376808113,-0.6720058234861235,-0.6686036718549063,-0.42747556302916095,2029,12,15,False,True,False,False,False,True,False,False
0.4728253463664166,0.2526034573589951,0.00015780075159044688,-1.6234960398625489,1.2318693094634654,0.5175362543394383,2029,12,16,True,False,False,False,False,False,True,False
1.4628281653915773,-1.4445476619381266,0.3946596797279975,1.2309746092667273,0.8863287674055794,-0.8216111044145341,2029,12,17,False,True,False,False,False,True,False,False
0.4728253463664166,-0.7889792439942641,-0.6902204874571217,0.9138112038079189,0.5407882253476938,-0.29470145180080587,2029,12,18,False,False,True,False,False,True,False,False
0.4728253463664166,-0.704603245722625,1.5781653166572187,1.548138014725536,1.4910247160068797,-0.4837823943675405,2029,12,19,False,False,True,False,False,False,True,False
-0.5171774726587443,0.2045067748708196,-0.7888459572012234,1.2309746092667273,0.2816328188042792,-0.11308552307047226,2029,12,20,False,True,False,False,True,False,False,False
1.4628281653915773,-0.8417437863308002,0.2960342099838957,0.5966477983491104,0.022477412260865026,-0.12342358499522485,2029,12,21,False,False,True,False,False,False,True,False
-0.5171774726587443,-1.4815360197238732,1.6767907864013198,-0.354842418027315,1.6637949870358226,-1.112145022853277,2029,12,22,False,True,False,True,False,False,True,False
-1.0121788821713247,0.7922435079296392,1.282288907424913,-0.989169228944932,-1.014144213912792,-0.5004927296164577,2029,12,23,True,False,False,False,True,False,False,False
-1.507180291683905,-0.6999353858742638,0.09878327049569227,-0.6720058234861235,-1.186914484941735,-1.0613264500426463,2029,12,24,False,False,True,False,False,True,False,False
0.967826755878997,-0.17004466283500677,1.6767907864013198,-0.989169228944932,-1.186914484941735,0.08878907807772576,2029,12,25,False,False,True,False,False,True,False,True
-0.5171774726587443,-1.2924581524484913,0.6905360889603027,1.2309746092667273,1.7501801225502938,-1.002502632131138,2029,12,26,False,False,False,False,True,False,True,False
-1.0121788821713247,1.040349121895054,-1.0847223664335286,0.5966477983491104,0.5407882253476938,-0.14381731522920838,2029,12,27,False,True,False,False,True,False,True,False
1.4628281653915773,0.22111017509093908,-0.3943440782248163,-0.354842418027315,-0.6686036718549063,1.3059792288761545,2029,12,28,False,False,True,False,False,False,True,False
-0.0221760631461638,1.3826982353305417,-0.59159501771302,1.548138014725536,-0.8413739428838494,1.0940489594187255,2029,12,29,True,False,False,False,False,True,False,False
1.4628281653915773,-0.021086755522119898,-0.59159501771302,0.5966477983491104,-1.5324550269996209,1.0554101460253806,2029,12,30,False,False,False,True,False,False,True,False
0.4728253463664166,1.5203705574404296,0.8877870284485064,-1.6234960398625489,-1.2732996204562066,1.2850452673776944,2029,12,31,False,True,False,False,False,False,False,False
0.4728253463664166,1.3490778270556383,0.1974087402397941,0.9138112038079189,1.4046395804924077,1.3857861202192567,2030,1,1,False,False,True,False,True,False,True,False
0.4728253463664166,0.2588666617124921,-1.676475184898139,1.548138014725536,0.8863287674055794,0.8904677185941134,2030,1,2,True,False,False,False,False,True,False,True
-1.0121788821713247,1.4943723506900646,1.282288907424913,1.2309746092667273,1.5774098515213508,-0.2991460817494525,2030,1,3,False,True,False,False,True,False,False,False
0.4728253463664166,-0.6169183847736667,-0.7888459572012234,-0.989169228944932,-0.23667799428254913,-0.12307980146328537,2030,1,4,True,False,False,False,True,False,False,True
-0.5171774726587443,-0.4698512561335338,1.6767907864013198,-1.6234960398625489,0.3680179543187507,-0.7022077169819696,2030,1,5,False,True,False,False,True,False,True,False
-0.0221760631461638,-1.5765476480297522,1.479539846913117,-0.989169228944932,-0.06390772325360648,-1.1133605431983489,2030,1,6,True,False,False,False,False,False,False,False
0.4728253463664166,0.3028863526875419,1.479539846913117,-1.3063326344037405,1.3182544449779365,0.22916326095860107,2030,1,7,False,False,False,True,False,False,False,False
-1.0121788821713247,0.7616956149979601,0.9864124981926082,0.27948439289030197,1.7501801225502938,-0.4770295035615857,2030,1,8,True,False,False,True,False,False,False,False
-0.0221760631461638,0.9400196785720546,-0.9860968966894269,1.2309746092667273,1.4910247160068797,0.8621055772091034,2030,1,9,True,False,False,False,False,True,True,False
0.4728253463664166,-1.215881616201962,0.09878327049569227,-0.6720058234861235,0.3680179543187507,-0.7398642917126304,2030,1,10,True,False,False,False,True,False,False,True
-1.507180291683905,-0.1984654297598376,-0.9860968966894269,0.27948439289030197,-1.5324550269996209,-0.9398112494853104,2030,1,11,False,True,False,True,False,False,True,False
0.4728253463664166,-1.122406245567695,-0.8874714269453252,-0.989169228944932,0.4544030898332222,-0.5884767578264071,2030,1,12,False,True,False,False,True,False,True,False
0.967826755878997,0.5549507844990349,0.2960342099838957,-0.037679012568506524,-1.359684755970678,1.0912741351966422,2030,1,13,True,False,False,False,False,True,False,False
1.4628281653915773,-1.1877562834447488,-1.676475184898139,0.27948439289030197,-1.186914484941735,-0.33642203899832307,2030,1,14,False,True,False,False,True,False,False,False
-0.5171774726587443,1.3916203471925994,1.5781653166572187,0.27948439289030197,-1.014144213912792,0.07209102081209218,2030,1,15,False,True,False,True,False,False,False,False
-0.0221760631461638,-0.9365190673025854,1.3809143771690149,-0.354842418027315,-0.40944826531149214,-0.7495761764899217,2030,1,16,True,False,False,False,True,False,True,False
-0.5171774726587443,-0.7264653741263409,-0.4929695479689182,-0.037679012568506524,0.3680179543187507,-0.6558951640364031,2030,1,17,False,True,False,True,False,False,True,False
-1.507180291683905,1.207505773933196,0.00015780075159044688,-0.989169228944932,-0.5822185363404352,-0.7339831377198078,2030,1,18,False,True,False,False,False,True,False,False
-1.507180291683905,-0.14900975010062054,-0.19709313873661294,-0.6720058234861235,-0.150292858768078,-0.9581668344942239,2030,1,19,True,False,False,False,True,False,True,False
0.967826755878997,-1.6507607109353397,1.282288907424913,1.548138014725536,-1.5324550269996209,-1.1026295858085227,2030,1,20,False,True,False,True,False,False,False,True
-0.5171774726587443,-0.024159270865345077,0.5919106192162009,-0.037679012568506524,0.4544030898332222,-0.3983153527307197,2030,1,21,False,False,False,False,False,True,False,True
-0.0221760631461638,-1.4414751465949016,-0.7888459572012234,-0.989169228944932,0.5407882253476938,-0.965324898748536,2030,1,22,False,False,False,False,True,False,False,False
-1.507180291683905,1.67222371959597,-0.19709313873661294,0.27948439289030197,-1.359684755970678,-0.6402775692997221,2030,1,23,False,False,True,False,False,True,True,False
-1.507180291683905,0.29916388217555784,-0.2957186084807148,-0.989169228944932,0.9727139029200506,-0.8755360069959043,2030,1,24,False,True,False,True,False,False,False,True
0.4728253463664166,-0.8470025145143968,1.5781653166572187,0.9138112038079189,0.5407882253476938,-0.581429195421647,2030,1,25,False,False,True,False,True,False,True,False
0.967826755878997,0.21478788390391854,-1.1833478361776304,-0.6720058234861235,0.022477412260865026,1.1372060706604186,2030,1,26,False,False,True,False,True,False,True,False
1.4628281653915773,-1.4680051348469787,-1.4792242454099356,-1.3063326344037405,0.19524768328980804,-0.7502882995203679,2030,1,27,False,False,True,False,True,False,True,False
-1.0121788821713247,1.0311906626989027,1.282288907424913,-0.037679012568506524,0.022477412260865026,-0.4319693049109417,2030,1,28,False,True,False,False,False,True,True,False
1.4628281653915773,1.4647698470947628,1.282288907424913,0.9138112038079189,-1.5324550269996209,2.0488831634141684,2030,1,29,True,False,False,False,False,True,False,True
1.4628281653915773,1.2888683436951336,1.282288907424913,1.2309746092667273,0.7999436318911078,1.872338041779942,2030,1,30,False,False,True,True,False,False,False,False
-1.507180291683905,-0.5523955625659426,0.00015780075159044688,1.2309746092667273,0.022477412260865026,-1.0338606014373355,2030,1,31,True,False,False,False,False,False,False,True
-0.0221760631461638,-0.6077008387439918,0.49328514947209934,-1.3063326344037405,-1.1005293494272637,-0.47285498924517727,2030,2,1,True,False,False,False,True,False,True,False
-0.0221760631461638,-1.6124133559785512,0.1974087402397941,-0.6720058234861235,0.6271733608621652,-1.1106471088926835,2030,2,2,True,False,False,False,True,False,False,False
0.4728253463664166,0.5179033398797649,-1.5778497151540374,-0.354842418027315,0.7135584963766364,1.1325895489458022,2030,2,3,True,False,False,True,False,False,False,True
-0.0221760631461638,0.11522656941672557,0.2960342099838957,0.9138112038079189,-0.9277590783983208,0.022033682965041736,2030,2,4,False,True,False,False,True,False,False,True
0.4728253463664166,-0.14593723475739537,-1.7751006546422408,0.27948439289030197,1.0590990384345225,0.49150692977830335,2030,2,5,True,False,False,False,False,True,False,False
-1.507180291683905,1.403555887564358,-0.6902204874571217,-0.354842418027315,-0.150292858768078,-0.6536605710787964,2030,2,6,False,True,False,False,False,True,True,False
-1.507180291683905,-1.1534268331675623,1.479539846913117,-0.037679012568506524,-1.1005293494272637,-1.157119275620936,2030,2,7,True,False,False,False,True,False,False,False
1.4628281653915773,-1.7003345642616041,-0.6902204874571217,0.9138112038079189,0.5407882253476938,-1.09229152388377,2030,2,8,False,True,False,False,True,False,True,False
-1.507180291683905,-1.4802951962198785,1.479539846913117,-0.6720058234861235,0.3680179543187507,-1.202621481669788,2030,2,9,True,False,False,False,False,True,False,False
-1.507180291683905,-0.961630971550097,-0.8874714269453252,-1.3063326344037405,-1.1005293494272637,-1.0874908324199002,2030,2,10,False,True,False,False,True,False,False,False
-1.0121788821713247,-1.6186765603320485,-0.6902204874571217,-0.354842418027315,1.3182544449779365,-1.174910073398806,2030,2,11,False,False,True,False,False,True,False,False
0.967826755878997,0.004379669726533092,0.3946596797279975,0.27948439289030197,1.2318693094634654,0.526216788520911,2030,2,12,False,False,True,False,False,False,False,False
1.4628281653915773,-0.6480571460405811,0.8877870284485064,-0.6720058234861235,1.1454841739489936,-0.0033449084820648734,2030,2,13,False,True,False,False,False,False,False,False
1.4628281653915773,-1.109879836860701,0.00015780075159044688,-1.6234960398625489,-0.3230631297970206,-0.4004517218220582,2030,2,14,False,True,False,False,True,False,True,False
0.967826755878997,0.8590116298112583,1.282288907424913,0.5966477983491104,1.1454841739489936,1.0564537746044826,2030,2,15,False,True,False,False,True,False,False,False
-1.0121788821713247,-1.0270400962606743,-1.676475184898139,-0.354842418027315,1.2318693094634654,-0.9230272463366919,2030,2,16,False,False,False,False,True,False,False,False
-1.507180291683905,0.6430492532826583,1.3809143771690149,1.2309746092667273,1.7501801225502938,-0.9018845591224115,2030,2,17,True,False,False,False,False,True,True,False
-0.0221760631461638,-0.5264564426491013,-1.0847223664335286,-1.3063326344037405,1.5774098515213508,-0.24852395667135854,2030,2,18,True,False,False,False,False,False,True,False
0.4728253463664166,0.035459344159923904,1.282288907424913,-0.989169228944932,-0.40944826531149214,0.08160645785684667,2030,2,19,False,True,False,False,False,False,True,False
1.4628281653915773,1.4942541770230169,-0.3943440782248163,1.2309746092667273,-1.014144213912792,2.749223934151831,2030,2,20,True,False,False,True,False,False,True,False
0.967826755878997,-1.6046138939534418,1.0850379679367095,1.2309746092667273,-0.6686036718549063,-1.057507997241461,2030,2,21,False,False,False,True,False,False,False,True
-0.5171774726587443,-0.004542442135524265,0.5919106192162009,-0.354842418027315,0.022477412260865026,-0.3890209193850691,2030,2,22,False,False,True,False,True,False,True,False
0.4728253463664166,1.219677661639049,-1.1833478361776304,1.548138014725536,1.0590990384345225,1.7207172262113317,2030,2,23,True,False,False,False,False,True,False,False
-0.5171774726587443,0.2986321006738456,1.3809143771690149,-0.6720058234861235,0.7999436318911078,-0.3511556189385881,2030,2,24,False,True,False,False,True,False,False,False
-0.5171774726587443,-0.7766891826213642,-0.8874714269453252,0.9138112038079189,1.0590990384345225,-0.6570615724483408,2030,2,25,False,True,False,False,False,False,True,False
1.4628281653915773,-0.35912253011038847,-0.8874714269453252,0.9138112038079189,-0.40944826531149214,0.686567250204129,2030,2,26,False,True,False,False,True,False,False,True
-1.507180291683905,0.6177010017010522,0.9864124981926082,0.5966477983491104,-0.8413739428838494,-0.8851865018567777,2030,2,27,False,True,False,False,True,False,True,False
-0.5171774726587443,1.3454144433771777,-1.3805987756658338,-1.3063326344037405,-1.6188401625140922,0.6455096741039237,2030,2,28,False,True,False,False,False,False,False,True
-1.507180291683905,-1.5917920510788302,-0.9860968966894269,-0.354842418027315,0.4544030898332222,-1.206169818838735,2030,3,1,False,True,False,False,False,False,True,False
-1.0121788821713247,-1.4864402269063284,0.00015780075159044688,0.5966477983491104,1.0590990384345225,-1.1357801406741188,2030,3,2,True,False,False,False,False,False,True,False
-0.0221760631461638,-0.6101233989184577,1.0850379679367095,0.5966477983491104,1.4046395804924077,-0.5348710828104095,2030,3,3,False,False,False,False,False,False,True,False
-0.5171774726587443,-0.9290741262786171,-1.281973305921732,0.27948439289030197,-0.06390772325360648,-0.7212385910714786,2030,3,4,True,False,False,True,False,False,True,False
1.4628281653915773,-0.8179908792543304,0.09878327049569227,-0.6720058234861235,1.4910247160068797,-0.06690802794102492,2030,3,5,False,False,True,False,False,True,False,True
-0.0221760631461638,-0.9688986520734945,0.6905360889603027,-0.989169228944932,-1.014144213912792,-0.7182182071837242,2030,3,6,False,False,True,False,False,True,True,False
-1.507180291683905,-1.0568198603565468,1.1836634376808113,0.5966477983491104,0.10886254777533654,-1.1388987484281416,2030,3,7,False,True,False,False,False,False,False,False
-0.5171774726587443,-1.2821770434153925,1.479539846913117,0.5966477983491104,-0.9277590783983208,-1.0246398359913864,2030,3,8,False,False,True,False,False,True,True,False
0.4728253463664166,1.4945496111906351,0.8877870284485064,1.2309746092667273,-1.014144213912792,1.2654618840404257,2030,3,9,False,True,False,False,False,True,False,True
1.4628281653915773,-1.235321184431212,0.49328514947209934,-0.354842418027315,1.5774098515213508,-0.5927617739923675,2030,3,10,True,False,False,False,False,True,False,False
-1.0121788821713247,-1.0271582699277213,-0.2957186084807148,-0.989169228944932,1.1454841739489936,-0.9693397992822583,2030,3,11,False,True,False,False,False,True,False,False
0.967826755878997,-0.8824546146285309,-1.3805987756658338,-0.354842418027315,-1.7052252980285638,-0.12528983845432506,2030,3,12,False,False,False,False,False,False,True,False
-1.0121788821713247,1.4912998353468392,0.6905360889603027,-0.6720058234861235,-0.7549888073693778,-0.21741154703083215,2030,3,13,False,True,False,False,True,False,False,False
-0.5171774726587443,0.8784511980405083,1.6767907864013198,0.5966477983491104,-1.014144213912792,-0.15587429481365853,2030,3,14,False,True,False,False,True,False,True,False
1.4628281653915773,0.9959158230853395,0.7891615587044045,-1.3063326344037405,-1.186914484941735,1.78327355104104,2030,3,15,False,False,False,False,True,False,True,False
-1.0121788821713247,-1.3716345093700575,-1.676475184898139,1.548138014725536,0.7135584963766364,-1.0648133972951757,2030,3,16,False,True,False,True,False,False,False,False
0.967826755878997,1.1570456181040787,-0.09846766899251111,0.5966477983491104,0.2816328188042792,1.8329011594731661,2030,3,17,False,False,True,False,False,True,False,True
0.4728253463664166,-0.322784127493401,0.3946596797279975,1.2309746092667273,-0.150292858768078,-0.034997549387067554,2030,3,18,False,False,True,False,False,False,False,True
-0.0221760631461638,-0.8252585597777279,0.5919106192162009,-0.037679012568506524,-1.014144213912792,-0.6203872363803644,2030,3,19,False,False,True,False,False,False,False,False
0.4728253463664166,0.25638501470450265,0.6905360889603027,-0.6720058234861235,-0.7549888073693778,0.3695742777893267,2030,3,20,False,False,False,True,False,False,False,False
-1.0121788821713247,1.1082398936136209,0.1974087402397941,1.548138014725536,-0.49583340082596367,-0.27590385939368434,2030,3,21,False,False,False,False,False,False,False,True
0.967826755878997,0.9577457286291217,-0.9860968966894269,-0.989169228944932,0.9727139029200506,1.9386145955445677,2030,3,22,False,True,False,False,True,False,False,False
-0.0221760631461638,1.3426373622015704,1.479539846913117,1.2309746092667273,1.7501801225502938,0.5123058334606443,2030,3,23,False,False,True,True,False,False,True,False
1.4628281653915773,1.474460087792626,0.5919106192162009,-0.354842418027315,-1.1005293494272637,2.394287389147115,2030,3,24,True,False,False,False,False,False,False,True
0.967826755878997,-0.9106390342192674,-0.9860968966894269,-0.037679012568506524,-0.49583340082596367,-0.20448283063324962,2030,3,25,True,False,False,True,False,False,True,False
0.4728253463664166,-0.2686015011522995,-0.6902204874571217,-1.6234960398625489,-0.7549888073693778,0.1864849910649667,2030,3,26,False,True,False,True,False,False,True,False
-1.507180291683905,-1.683140295706249,1.3809143771690149,-1.6234960398625489,-1.5324550269996209,-1.230578449606441,2030,3,27,False,False,True,False,False,False,False,False
-1.507180291683905,1.3057080912493475,1.282288907424913,1.548138014725536,-0.9277590783983208,-0.8017453274617434,2030,3,28,False,False,False,False,True,False,True,False
-0.0221760631461638,-1.199455476482413,-0.3943440782248163,1.2309746092667273,1.4046395804924077,-0.8049989930318854,2030,3,29,False,False,False,False,False,False,True,False
-0.0221760631461638,1.2440214370507545,-1.676475184898139,-0.989169228944932,1.2318693094634654,1.2729760098099607,2030,3,30,True,False,False,False,False,True,True,False
-0.0221760631461638,-0.5951744300369978,-1.5778497151540374,-1.3063326344037405,-1.1005293494272637,-0.2506480477794134,2030,3,31,False,True,False,False,False,True,False,False
-1.507180291683905,-0.4612245784390944,-0.7888459572012234,-1.6234960398625489,-0.40944826531149214,-0.9957006293920491,2030,4,1,True,False,False,False,False,False,False,True
0.4728253463664166,-1.5984688632669921,0.3946596797279975,1.548138014725536,-0.6686036718549063,-1.0688160198456143,2030,4,2,False,False,True,False,True,False,True,False
-0.0221760631461638,-0.6038601945649607,0.1974087402397941,0.5966477983491104,-1.186914484941735,-0.44002366194495335,2030,4,3,False,False,True,False,False,True,True,False
-1.507180291683905,1.3369650261833095,0.3946596797279975,-1.6234960398625489,0.4544030898332222,-0.7381822080027833,2030,4,4,True,False,False,False,False,True,True,False
-0.0221760631461638,-1.6453838090846962,0.6905360889603027,1.2309746092667273,0.19524768328980804,-1.1399300990239603,2030,4,5,False,True,False,False,False,False,False,False
-0.0221760631461638,-0.32922459234746876,-1.676475184898139,0.5966477983491104,-0.23667799428254913,-0.02160226962470983,2030,4,6,True,False,False,False,False,False,False,False
0.967826755878997,-1.6251761120196395,-1.3805987756658338,-0.354842418027315,1.2318693094634654,-1.0142526621334995,2030,4,7,True,False,False,False,False,False,False,False
-0.0221760631461638,-0.4515934245747547,-0.4929695479689182,-0.6720058234861235,0.4544030898332222,-0.25900935439551376,2030,4,8,False,False,False,True,False,False,True,False
-1.507180291683905,-1.1370006934480135,-1.281973305921732,0.5966477983491104,-0.8413739428838494,-1.1149566810252112,2030,4,9,True,False,False,True,False,False,False,False
0.4728253463664166,-0.8618923965623331,-1.4792242454099356,0.5966477983491104,-0.40944826531149214,-0.2822884107011326,2030,4,10,False,True,False,True,False,False,False,False
-1.507180291683905,1.2997994078969919,0.3946596797279975,1.548138014725536,-1.186914484941735,-0.7442106977950086,2030,4,11,True,False,False,False,False,False,True,False
-1.507180291683905,-0.22647258885000357,1.0850379679367095,0.5966477983491104,0.3680179543187507,-1.0148051713812594,2030,4,12,False,True,False,False,True,False,True,False
-0.0221760631461638,-0.7873248126556045,0.7891615587044045,-0.989169228944932,0.2816328188042792,-0.6136343455744097,2030,4,13,False,False,False,False,False,True,True,False
0.967826755878997,0.3033590473557302,1.0850379679367095,0.5966477983491104,1.3182544449779365,0.6314513832442541,2030,4,14,True,False,False,True,False,False,False,True
-0.5171774726587443,-1.242529778121086,0.49328514947209934,-1.6234960398625489,1.2318693094634654,-0.9719304537550882,2030,4,15,True,False,False,False,True,False,False,True
1.4628281653915773,-0.8371350133159627,0.7891615587044045,-0.6720058234861235,1.1454841739489936,-0.18978608464283522,2030,4,16,True,False,False,False,False,False,False,False
-0.5171774726587443,0.15446022687636718,-0.7888459572012234,-0.354842418027315,0.19524768328980804,-0.14116527083996072,2030,4,17,False,False,True,True,False,False,False,True
-0.5171774726587443,-0.9127070733925919,1.6767907864013198,-0.037679012568506524,0.5407882253476938,-0.8816627206543978,2030,4,18,False,False,True,False,False,False,False,False
-1.507180291683905,0.6137421838549741,-1.1833478361776304,-0.354842418027315,0.9727139029200506,-0.7744145366725518,2030,4,19,False,False,True,False,True,False,False,True
-0.0221760631461638,-0.03485398773310887,-0.9860968966894269,-0.354842418027315,-1.359684755970678,0.11662326618154321,2030,4,20,False,True,False,True,False,False,True,False
1.4628281653915773,0.9347018635549346,-0.7888459572012234,-0.354842418027315,-0.6686036718549063,2.3590372991400304,2030,4,21,False,True,False,True,False,False,False,False
-0.5171774726587443,1.5439462040163288,1.5781653166572187,0.9138112038079189,-1.1005293494272637,0.1347701254746363,2030,4,22,False,True,False,True,False,False,False,False
-1.0121788821713247,-1.3334053280803162,1.6767907864013198,1.2309746092667273,0.022477412260865026,-1.1181612346622185,2030,4,23,False,False,True,True,False,False,False,False
-1.0121788821713247,-0.5769165984782187,0.9864124981926082,1.2309746092667273,1.2318693094634654,-0.8775864302042578,2030,4,24,False,True,False,False,True,False,True,False
-1.0121788821713247,-0.6291493593130429,0.3946596797279975,-0.989169228944932,-0.9277590783983208,-0.8634544714448869,2030,4,25,True,False,False,True,False,False,True,False
0.4728253463664166,-1.2111546695200772,0.00015780075159044688,-1.3063326344037405,0.7999436318911078,-0.7295385077711612,2030,4,26,False,False,False,False,False,True,True,False
-0.0221760631461638,1.0671745443147487,1.5781653166572187,1.2309746092667273,-0.3230631297970206,0.3348889750132861,2030,4,27,False,False,False,False,False,True,True,False
-1.507180291683905,0.8928683854202561,0.5919106192162009,-1.3063326344037405,1.4046395804924077,-0.821451490631848,2030,4,28,True,False,False,False,False,False,True,False
-1.507180291683905,-0.05925684997833779,1.479539846913117,0.5966477983491104,0.4544030898332222,-1.0047863370218793,2030,4,29,True,False,False,True,False,False,False,False
-0.0221760631461638,0.12515315744868316,-0.6902204874571217,-0.354842418027315,1.6637949870358226,0.19042622369898765,2030,4,30,False,True,False,False,False,True,False,True
0.967826755878997,-1.5279191840398654,-0.59159501771302,-0.354842418027315,-0.8413739428838494,-0.9272140386363837,2030,5,1,False,False,True,False,False,True,False,False
1.4628281653915773,0.18642620381261157,1.1836634376808113,-0.037679012568506524,1.4910247160068797,0.7950800664641808,2030,5,2,False,False,True,False,False,True,False,True
0.967826755878997,1.0015881591036009,-1.281973305921732,0.9138112038079189,-0.49583340082596367,2.094520427279139,2030,5,3,False,True,False,False,True,False,False,True
0.4728253463664166,0.24976728934986425,1.479539846913117,0.27948439289030197,0.4544030898332222,0.1921819753085357,2030,5,4,True,False,False,True,False,False,True,False
-0.0221760631461638,-0.8166909689168123,0.00015780075159044688,-0.354842418027315,-1.1005293494272637,-0.5648170840389982,2030,5,5,False,False,True,False,True,False,True,False
0.967826755878997,0.573740397559526,1.3809143771690149,-0.354842418027315,0.8863287674055794,0.7811691114039141,2030,5,6,False,False,False,False,True,False,True,False
1.4628281653915773,-0.4842093566797581,-0.59159501771302,1.2309746092667273,1.6637949870358226,0.4626045571288168,2030,5,7,False,True,False,False,False,True,False,True
0.4728253463664166,0.14967419336095908,0.6905360889603027,0.9138112038079189,0.9727139029200506,0.2864154970098141,2030,5,8,True,False,False,False,False,True,True,False
-0.5171774726587443,-0.04838487261000316,-0.09846766899251111,0.9138112038079189,0.4544030898332222,-0.33238258249803365,2030,5,9,False,True,False,False,False,False,False,False
-0.5171774726587443,-0.41614132446062063,0.3946596797279975,-1.3063326344037405,-0.150292858768078,-0.5664868897655616,2030,5,10,False,True,False,True,False,False,True,False
0.4728253463664166,0.7511190717972437,0.00015780075159044688,0.27948439289030197,-0.49583340082596367,0.9422439741008616,2030,5,11,False,False,False,True,False,False,False,True
-0.0221760631461638,1.3214842758001375,1.5781653166572187,1.2309746092667273,-0.23667799428254913,0.47439142108102905,2030,5,12,False,False,True,False,False,True,True,False
-0.5171774726587443,-1.7156971409777286,0.5919106192162009,-1.6234960398625489,-0.5822185363404352,-1.199723877614869,2030,5,13,False,False,True,False,False,True,False,True
-0.0221760631461638,1.4934269613536872,-0.8874714269453252,-0.6720058234861235,1.1454841739489936,1.257726754571787,2030,5,14,False,True,False,True,False,False,True,False
0.967826755878997,0.03439578115649984,1.3809143771690149,-1.3063326344037405,1.4046395804924077,0.3239124579577886,2030,5,15,False,False,True,False,False,False,True,False
-0.5171774726587443,0.6884279414287499,-0.7888459572012234,1.2309746092667273,1.5774098515213508,0.15841752127876166,2030,5,16,True,False,False,False,False,True,False,False
1.4628281653915773,1.2238137399856976,-0.4929695479689182,0.9138112038079189,-0.23667799428254913,2.6045969648111145,2030,5,17,False,True,False,False,False,False,False,True
1.4628281653915773,-0.1191118123377008,-1.3805987756658338,-0.037679012568506524,0.19524768328980804,1.128132641013872,2030,5,18,True,False,False,False,True,False,False,False
0.967826755878997,1.1524368450892413,1.282288907424913,-0.6720058234861235,0.2816328188042792,1.3088768329310734,2030,5,19,False,True,False,False,False,True,False,True
1.4628281653915773,-1.119747338059135,-0.7888459572012234,-0.989169228944932,0.5407882253476938,-0.33046721710579924,2030,5,20,False,False,True,False,True,False,False,False
-0.0221760631461638,-1.1835611182645762,-0.8874714269453252,-0.6720058234861235,-1.7052252980285638,-0.76708458065227,2030,5,21,True,False,False,False,False,True,False,False
-0.0221760631461638,0.5388791657806277,1.3809143771690149,-1.3063326344037405,1.2318693094634654,0.08433217014579573,2030,5,22,False,True,False,False,True,False,True,False
1.4628281653915773,1.2739784616471974,0.9864124981926082,-0.354842418027315,-0.7549888073693778,1.9925026641760875,2030,5,23,False,True,False,False,False,True,True,False
-1.0121788821713247,1.351027692561916,-1.281973305921732,0.9138112038079189,-0.06390772325360648,0.0026344693770260254,2030,5,24,False,True,False,False,False,False,True,False
0.4728253463664166,0.4914324384612114,0.8877870284485064,-0.037679012568506524,1.2318693094634654,0.5046443718917064,2030,5,25,False,True,False,False,False,False,False,True
-1.507180291683905,0.08266972414524583,1.3809143771690149,-1.3063326344037405,1.7501801225502938,-0.9810652733180525,2030,5,26,True,False,False,False,False,False,False,True
0.4728253463664166,-0.5882612705147415,-1.4792242454099356,-0.037679012568506524,1.0590990384345225,-0.00652490615250531,2030,5,27,False,False,True,False,True,False,False,False
1.4628281653915773,1.6537295407030967,1.0850379679367095,0.9138112038079189,-1.6188401625140922,2.3396503635352985,2030,5,28,False,True,False,False,False,False,True,False
-0.0221760631461638,-0.6286766646448544,0.09878327049569227,-0.6720058234861235,-0.40944826531149214,-0.4466046609849384,2030,5,29,False,True,False,False,True,False,True,False
-0.0221760631461638,0.8386266722456314,0.49328514947209934,-1.6234960398625489,-0.8413739428838494,0.4528067264685406,2030,5,30,True,False,False,False,False,True,False,True
0.4728253463664166,0.10512272088419715,-0.09846766899251111,-1.3063326344037405,1.6637949870358226,0.4119087641510216,2030,5,31,False,False,True,False,True,False,True,False
-0.0221760631461638,0.3696544745691611,0.5919106192162009,-0.354842418027315,-0.7549888073693778,0.13443861992598033,2030,6,1,False,True,False,False,False,True,False,True
0.967826755878997,-0.3735988043236598,-1.676475184898139,1.2309746092667273,1.5774098515213508,0.537954540539989,2030,6,2,False,True,False,True,False,False,True,False
-0.5171774726587443,1.6012604325341784,0.8877870284485064,0.27948439289030197,1.5774098515213508,0.3077423539733479,2030,6,3,True,False,False,True,False,False,True,False
-0.0221760631461638,0.24232234832589616,-1.676475184898139,0.5966477983491104,1.2318693094634654,0.4487058800518336,2030,6,4,False,True,False,True,False,False,False,True
1.4628281653915773,1.5078441487334355,-0.19709313873661294,-0.989169228944932,-1.359684755970678,2.749223934151831,2030,6,5,False,True,False,False,True,False,True,False
1.4628281653915773,-1.7074840711179542,-1.281973305921732,0.9138112038079189,-1.7052252980285638,-1.091518010936906,2030,6,6,False,False,True,True,False,False,True,False
0.4728253463664166,0.24574938467026236,1.0850379679367095,-1.3063326344037405,1.0590990384345225,0.27534075608804826,2030,6,7,True,False,False,True,False,False,False,True
0.4728253463664166,0.7452694752784116,-0.6902204874571217,-0.6720058234861235,1.2318693094634654,1.124007238630598,2030,6,8,True,False,False,True,False,False,False,False
0.4728253463664166,0.8416991875888562,-0.19709313873661294,-0.6720058234861235,1.5774098515213508,1.0747725256635456,2030,6,9,False,False,True,False,False,True,False,False
1.4628281653915773,1.3943974283682061,-0.2957186084807148,-0.037679012568506524,-0.9277590783983208,2.726885678315314,2030,6,10,False,False,True,False,False,False,False,False
-1.0121788821713247,-1.7185333089868595,0.8877870284485064,1.2309746092667273,0.7999436318911078,-1.2187547517043782,2030,6,11,False,True,False,False,True,False,True,False
1.4628281653915773,-1.7325959753654658,-0.09846766899251111,-0.037679012568506524,0.10886254777533654,-1.141894576349329,2030,6,12,True,False,False,True,False,False,True,False
0.967826755878997,-0.10132667544711026,0.9864124981926082,-0.989169228944932,-0.5822185363404352,0.2946785797596461,2030,6,13,False,True,False,False,False,True,False,False
1.4628281653915773,-1.6324437925430373,-1.4792242454099356,0.9138112038079189,0.3680179543187507,-0.9823053496296914,2030,6,14,False,True,False,False,False,False,True,False
0.967826755878997,1.634821753975559,-1.0847223664335286,1.548138014725536,0.19524768328980804,2.749223934151831,2030,6,15,False,False,True,False,False,False,True,False
1.4628281653915773,-0.9661215708978873,0.09878327049569227,-0.354842418027315,-0.6686036718549063,-0.2414395603167478,2030,6,16,False,False,False,False,False,False,False,False
1.4628281653915773,-0.09990859144254484,1.479539846913117,-1.3063326344037405,-0.7549888073693778,0.4283735397342679,2030,6,17,False,False,False,False,False,True,True,False
-1.0121788821713247,-1.5223650216886508,-1.4792242454099356,-0.037679012568506524,-0.06390772325360648,-1.1293219214669694,2030,6,18,True,False,False,True,False,False,False,False
0.967826755878997,0.07079327060701064,-1.5778497151540374,-0.989169228944932,-0.06390772325360648,1.062862881878498,2030,6,19,False,True,False,False,False,False,True,False
-1.0121788821713247,-0.42039557647431675,-1.281973305921732,0.5966477983491104,-0.6686036718549063,-0.6967440144207879,2030,6,20,False,True,False,False,False,True,True,False
0.967826755878997,-1.5793247292053596,0.3946596797279975,-0.989169228944932,-0.7549888073693778,-1.01390887860156,2030,6,21,False,False,True,False,False,True,True,False
-1.0121788821713247,-0.5753212539730826,-0.3943440782248163,-0.354842418027315,1.5774098515213508,-0.8045447076503939,2030,6,22,True,False,False,False,True,False,False,True
-1.0121788821713247,-0.38068922434648655,1.0850379679367095,-0.6720058234861235,1.2318693094634654,-0.8248524920013924,2030,6,23,True,False,False,False,False,True,True,False
0.967826755878997,1.6879999041467602,-1.4792242454099356,-0.6720058234861235,1.1454841739489936,2.749223934151831,2030,6,24,False,False,True,False,False,False,False,False
-1.0121788821713247,-1.0151636427224393,-1.0847223664335286,-1.3063326344037405,-0.9277590783983208,-0.9382765015748661,2030,6,25,False,False,True,False,False,False,False,False
1.4628281653915773,0.14937875919334123,-0.6902204874571217,0.5966477983491104,-1.014144213912792,1.3022835559078043,2030,6,26,False,False,True,False,False,True,True,False
0.967826755878997,1.6790187054511796,0.3946596797279975,-0.989169228944932,1.0590990384345225,2.1547684912515397,2030,6,27,False,True,False,False,False,False,False,False
-1.0121788821713247,1.003951632444543,0.5919106192162009,-0.6720058234861235,-1.1005293494272637,-0.35756472621260343,2030,6,28,False,False,True,False,False,True,False,True
1.4628281653915773,1.6999354445185184,-1.3805987756658338,-0.037679012568506524,0.022477412260865026,2.749223934151831,2030,6,29,False,False,False,False,False,False,False,False
1.4628281653915773,1.613255059739461,1.479539846913117,0.9138112038079189,-0.9277590783983208,2.0979582625985342,2030,6,30,False,True,False,False,True,False,True,False
0.4728253463664166,-0.04158988675479426,-0.59159501771302,-0.6720058234861235,-0.40944826531149214,0.3778987504555764,2030,7,1,True,False,False,True,False,False,False,False
-1.507180291683905,0.6733607988802428,0.6905360889603027,-0.989169228944932,1.2318693094634654,-0.8613058243702649,2030,7,2,False,True,False,False,True,False,False,False
0.967826755878997,-1.351958593806713,0.00015780075159044688,-0.354842418027315,1.4046395804924077,-0.769343729576444,2030,7,3,False,False,False,False,True,False,True,False
-1.0121788821713247,-0.20886471245998353,-0.9860968966894269,0.9138112038079189,1.7501801225502938,-0.6333405087445142,2030,7,4,False,True,False,True,False,False,True,False
0.4728253463664166,1.062743031800482,1.1836634376808113,-1.6234960398625489,1.5774098515213508,0.8480350083661502,2030,7,5,True,False,False,False,False,False,True,False
-1.507180291683905,0.013006347420972262,1.0850379679367095,-0.354842418027315,0.6271733608621652,-0.9794691354911905,2030,7,6,False,True,False,True,False,False,True,False
-1.0121788821713247,0.6952229272839587,-0.3943440782248163,1.548138014725536,-0.23667799428254913,-0.3504434959081419,2030,7,7,False,False,True,False,False,True,True,False
-1.507180291683905,0.8440035740962748,0.2960342099838957,-0.6720058234861235,-1.5324550269996209,-0.8125376747679877,2030,7,8,False,True,False,True,False,False,False,False
0.967826755878997,-0.8575790577151134,-0.8874714269453252,-0.354842418027315,0.3680179543187507,-0.15565329111455461,2030,7,9,False,True,False,False,True,False,True,False
1.4628281653915773,1.2931816825423534,0.5919106192162009,0.27948439289030197,-1.014144213912792,2.1938861459929435,2030,7,10,True,False,False,True,False,False,False,True
1.4628281653915773,-0.14428280341873592,-0.6902204874571217,0.27948439289030197,1.2318693094634654,0.9221203594991162,2030,7,11,False,False,False,False,False,False,False,False
-1.507180291683905,-1.0071869201967592,1.1836634376808113,0.27948439289030197,0.19524768328980804,-1.1316792942574116,2030,7,12,False,True,False,False,True,False,False,True
1.4628281653915773,1.2576704955946958,-0.9860968966894269,-1.6234960398625489,0.7999436318911078,2.749223934151831,2030,7,13,False,True,False,False,False,True,False,False
-0.5171774726587443,-0.2895182402196384,-1.676475184898139,0.9138112038079189,0.6271733608621652,-0.304253722795411,2030,7,14,False,False,True,False,False,False,True,False
-0.0221760631461638,0.8597797586470646,-0.8874714269453252,0.27948439289030197,-0.49583340082596367,0.7784556770982485,2030,7,15,True,False,False,False,True,False,False,False
1.4628281653915773,0.1606052575628172,-1.0847223664335286,-0.6720058234861235,0.8863287674055794,1.4321968970310919,2030,7,16,False,False,False,False,False,True,False,True
-0.5171774726587443,-0.4137778511196785,0.00015780075159044688,-0.6720058234861235,1.2318693094634654,-0.5302177271459424,2030,7,17,False,True,False,False,False,False,True,False
0.967826755878997,1.0656973734766597,-1.0847223664335286,-1.3063326344037405,0.8863287674055794,2.0984371039465928,2030,7,18,True,False,False,False,False,True,True,False
0.967826755878997,0.28651929980151675,0.8877870284485064,-0.037679012568506524,0.9727139029200506,0.669132513941482,2030,7,19,False,True,False,True,False,False,True,False
-1.507180291683905,-0.3837026528561881,-0.9860968966894269,1.2309746092667273,-0.49583340082596367,-0.9752209532750807,2030,7,20,False,True,False,True,False,False,True,False
1.4628281653915773,-1.3549129354828908,0.6905360889603027,-0.989169228944932,1.5774098515213508,-0.7403062991108382,2030,7,21,False,False,True,False,False,True,True,False
1.4628281653915773,1.3614860620955853,0.1974087402397941,-1.6234960398625489,-0.23667799428254913,2.4546336769857837,2030,7,22,True,False,False,True,False,False,True,False
1.4628281653915773,-1.6111134456410332,1.6767907864013198,-0.354842418027315,1.4046395804924077,-1.0505341027364021,2030,7,23,False,False,True,False,False,True,True,False
0.4728253463664166,1.2499301204031101,1.6767907864013198,-0.037679012568506524,1.2318693094634654,0.824571782311278,2030,7,24,False,True,False,False,False,False,False,False
-1.0121788821713247,-0.4894680848633546,1.1836634376808113,1.548138014725536,-1.2732996204562066,-0.8624967887487696,2030,7,25,True,False,False,False,True,False,True,False
-0.0221760631461638,0.47618803541213384,0.8877870284485064,-0.354842418027315,1.6637949870358226,0.14442062033551004,2030,7,26,True,False,False,False,False,True,False,False
1.4628281653915773,1.4539569565599517,-0.3943440782248163,-0.354842418027315,1.7501801225502938,2.749223934151831,2030,7,27,False,False,False,False,True,False,False,False
-1.0121788821713247,-1.209322977680847,0.7891615587044045,1.2309746092667273,0.3680179543187507,-1.0617193455077198,2030,7,28,False,True,False,False,True,False,False,False
0.4728253463664166,0.22601438227339454,1.479539846913117,1.548138014725536,0.9727139029200506,0.17564353182558815,2030,7,29,False,True,False,False,False,True,True,False
0.967826755878997,0.9085854831375224,-1.676475184898139,0.5966477983491104,1.4910247160068797,2.1205620298235575,2030,7,30,True,False,False,True,False,False,False,False
-0.0221760631461638,0.8849507497280997,0.09878327049569227,1.2309746092667273,-1.6188401625140922,0.5724679515500598,2030,7,31,True,False,False,False,False,False,True,False
-0.5171774726587443,0.08314241881343419,-0.9860968966894269,-1.6234960398625489,1.4910247160068797,-0.15742132070738635,2030,8,1,False,True,False,False,True,False,True,False
0.967826755878997,0.42572787958301656,0.1974087402397941,0.5966477983491104,0.4544030898332222,0.9920311963156738,2030,8,2,False,False,False,False,False,False,False,False
0.967826755878997,0.8847144023940053,-0.19709313873661294,1.548138014725536,1.1454841739489936,1.5848367852122371,2030,8,3,False,True,False,False,True,False,True,False
-1.507180291683905,1.1733535841565803,0.1974087402397941,0.27948439289030197,0.19524768328980804,-0.7522527768457364,2030,8,4,False,False,False,False,False,True,True,False
0.4728253463664166,0.8995451976084184,0.09878327049569227,-1.6234960398625489,0.10886254777533654,1.040418728436161,2030,8,5,False,True,False,True,False,False,True,False
-1.507180291683905,-0.5100893897630759,1.5781653166572187,0.9138112038079189,1.4046395804924077,-1.0702770998563573,2030,8,6,False,False,True,False,False,False,True,False
-1.507180291683905,1.7115164638891358,0.09878327049569227,-0.6720058234861235,0.022477412260865026,-0.6554531566381953,2030,8,7,False,False,False,False,True,False,True,False
-1.0121788821713247,-0.23184949070064703,1.1836634376808113,0.27948439289030197,-0.06390772325360648,-0.7875519787859548,2030,8,8,False,True,False,False,False,True,False,True
0.967826755878997,-1.6491653664302037,-0.6902204874571217,-0.989169228944932,0.3680179543187507,-1.0580727844725044,2030,8,9,False,False,False,False,False,True,True,False
0.4728253463664166,-0.4803096256672034,-0.2957186084807148,0.5966477983491104,0.10886254777533654,-0.06505405246520825,2030,8,10,True,False,False,False,True,False,False,False
-1.507180291683905,-1.2920445446138265,-0.19709313873661294,-0.6720058234861235,-0.150292858768078,-1.1576840628519796,2030,8,11,False,False,False,False,True,False,False,False
-0.5171774726587443,-1.313965759851066,-0.7888459572012234,-1.3063326344037405,-1.1005293494272637,-0.9650179491664471,2030,8,12,False,False,True,False,True,False,False,False
-0.0221760631461638,-0.7605584770694332,-0.4929695479689182,-1.3063326344037405,-0.3230631297970206,-0.4824318162063495,2030,8,13,False,True,False,True,False,False,False,True
1.4628281653915773,-1.5492495309418695,0.2960342099838957,0.5966477983491104,-0.7549888073693778,-0.9364225260990494,2030,8,14,False,True,False,False,True,False,False,True
0.4728253463664166,0.6461808554594066,0.1974087402397941,0.5966477983491104,-0.3230631297970206,0.8015505636546139,2030,8,15,False,True,False,False,True,False,False,False
-1.0121788821713247,-1.4779908097124597,0.3946596797279975,-1.6234960398625489,0.3680179543187507,-1.13861635481262,2030,8,16,False,True,False,True,False,False,False,True
0.4728253463664166,-1.0310580009402763,-0.59159501771302,-0.037679012568506524,0.3680179543187507,-0.5267676138432638,2030,8,17,False,True,False,False,False,True,True,False
0.967826755878997,-1.4125816850018824,-0.6902204874571217,0.9138112038079189,-0.8413739428838494,-0.7955572238868321,2030,8,18,False,True,False,False,True,False,False,False
-1.0121788821713247,-1.5153927753328713,0.2960342099838957,0.9138112038079189,-1.4460698914851493,-1.1494700920352818,2030,8,19,True,False,False,False,False,False,False,True
-0.0221760631461638,-0.8082415517229435,-1.281973305921732,-1.3063326344037405,0.8863287674055794,-0.44948998705657356,2030,8,20,False,False,True,False,False,True,False,False
-0.5171774726587443,0.24309047716170237,-0.8874714269453252,0.5966477983491104,0.10886254777533654,-0.07855983407711786,2030,8,21,False,True,False,False,False,False,False,True
-1.507180291683905,1.6007877378659903,-1.676475184898139,0.5966477983491104,-0.150292858768078,-0.5460440475984438,2030,8,22,False,True,False,False,True,False,True,False
0.4728253463664166,1.2927089878741653,-1.4792242454099356,-0.6720058234861235,-1.2732996204562066,1.8891343229118447,2030,8,23,True,False,False,True,False,False,True,False
-1.0121788821713247,1.294008898211683,-0.8874714269453252,-0.6720058234861235,-0.23667799428254913,-0.07168416343832748,2030,8,24,False,True,False,True,False,False,False,True
-0.0221760631461638,-1.1251242399097785,-1.676475184898139,-0.354842418027315,1.1454841739489936,-0.6765221759527743,2030,8,25,False,True,False,True,False,False,True,False
-1.507180291683905,-0.818049966087854,-0.8874714269453252,1.548138014725536,0.2816328188042792,-1.060344211379962,2030,8,26,False,True,False,False,True,False,False,False
1.4628281653915773,-1.4696595661856382,0.49328514947209934,1.2309746092667273,-1.359684755970678,-0.8552282226449055,2030,8,27,False,False,False,False,True,False,True,False
-0.0221760631461638,0.9570957734603625,-1.5778497151540374,0.27948439289030197,-0.5822185363404352,1.0137755047108483,2030,8,28,False,False,True,False,False,False,False,False
-0.5171774726587443,-1.4924079970922075,-0.2957186084807148,-1.6234960398625489,1.6637949870358226,-1.0754215748521665,2030,8,29,True,False,False,True,False,False,False,True
-1.507180291683905,0.19056228215926047,1.3809143771690149,1.548138014725536,0.19524768328980804,-0.9658160180798783,2030,8,30,False,False,True,False,True,False,True,False
-1.507180291683905,-0.8769004522773166,0.9864124981926082,0.9138112038079189,-0.7549888073693778,-1.1087931334168668,2030,8,31,True,False,False,False,False,True,True,False
1.4628281653915773,-0.8922039421599178,-0.6902204874571217,-0.989169228944932,1.4910247160068797,-0.04610912425868405,2030,9,1,False,False,True,False,True,False,True,False
-1.507180291683905,1.6907769853223675,1.3809143771690149,1.548138014725536,-0.5822185363404352,-0.7538366366893149,2030,9,2,False,False,True,False,True,False,False,True
-1.0121788821713247,0.8821736685524927,-0.59159501771302,-0.6720058234861235,0.7999436318911078,-0.2611457234868522,2030,9,3,True,False,False,False,False,True,False,False
-1.507180291683905,1.1592318309444505,-1.4792242454099356,0.27948439289030197,-1.186914484941735,-0.6492773310465675,2030,9,4,False,True,False,True,False,False,True,False
-0.0221760631461638,0.24338591132932022,1.6767907864013198,-0.354842418027315,-1.186914484941735,-0.13419137633490186,2030,9,5,False,True,False,False,False,True,True,False
-1.0121788821713247,1.2769918901568988,1.1836634376808113,-0.354842418027315,0.19524768328980804,-0.3486017984156088,2030,9,6,True,False,False,True,False,False,False,True
-1.507180291683905,0.4974592954806144,-0.19709313873661294,-1.6234960398625489,-0.8413739428838494,-0.8453321681183608,2030,9,7,False,False,False,False,False,True,False,True
-0.0221760631461638,1.536796697159978,0.49328514947209934,-1.3063326344037405,-1.5324550269996209,0.8996393721069285,2030,9,8,True,False,False,False,False,False,True,False
-0.0221760631461638,-0.7612675190717159,0.49328514947209934,-0.354842418027315,1.4910247160068797,-0.5711402454300285,2030,9,9,False,False,True,True,False,False,True,False
0.4728253463664166,0.3240394390889751,-1.0847223664335286,-1.3063326344037405,-1.5324550269996209,0.8237000454981459,2030,9,10,False,False,False,False,True,False,False,False
-0.0221760631461638,0.6517941046441448,-1.0847223664335286,-1.6234960398625489,0.7999436318911078,0.6622691212859753,2030,9,11,False,True,False,False,False,False,False,False
1.4628281653915773,-0.3754895829964136,-0.19709313873661294,1.2309746092667273,-0.5822185363404352,0.5175853662725725,2030,9,12,False,False,True,True,False,False,False,True
0.967826755878997,1.3070670884203894,1.3809143771690149,-0.989169228944932,1.4910247160068797,1.4028893509332476,2030,9,13,False,False,True,True,False,False,False,False
-0.5171774726587443,1.6530204987008141,-1.7751006546422408,1.548138014725536,1.6637949870358226,0.9162514834895773,2030,9,14,False,False,False,True,False,False,False,False
-1.507180291683905,-0.026936352040952072,0.8877870284485064,-1.6234960398625489,-0.5822185363404352,-0.9778975536308955,2030,9,15,False,False,False,False,False,True,False,False
1.4628281653915773,-0.38346630552209376,-1.5778497151540374,1.2309746092667273,0.3680179543187507,0.8008507186074514,2030,9,16,False,False,True,True,False,False,False,True
-1.507180291683905,-0.10244932528405781,-0.09846766899251111,0.5966477983491104,0.9727139029200506,-0.9536117026960252,2030,9,17,False,True,False,False,True,False,True,False
-1.507180291683905,1.213828065120217,0.3946596797279975,0.5966477983491104,-1.2732996204562066,-0.7581462088218425,2030,9,18,False,False,True,True,False,False,True,False
-0.0221760631461638,0.4974002086470909,0.5919106192162009,0.5966477983491104,0.7135584963766364,0.21512952606549854,2030,9,19,False,True,False,False,True,False,True,False
-0.0221760631461638,-1.5789702082042183,-1.5778497151540374,0.27948439289030197,1.4046395804924077,-1.0520074607304286,2030,9,20,False,False,True,False,True,False,False,True
-1.507180291683905,0.1403384736642372,-0.2957186084807148,0.27948439289030197,-1.1005293494272637,-0.9035911987988254,2030,9,21,False,False,False,False,True,False,False,False
0.967826755878997,-1.673922749676574,0.1974087402397941,-1.3063326344037405,1.2318693094634654,-1.1021998563935982,2030,9,22,True,False,False,False,False,False,True,False
-1.0121788821713247,0.9573321207944567,-1.5778497151540374,0.9138112038079189,-1.2732996204562066,-0.1181440521832966,2030,9,23,True,False,False,False,True,False,False,False
-1.0121788821713247,-0.5988969005489818,-1.281973305921732,0.27948439289030197,0.2816328188042792,-0.7672196384683891,2030,9,24,True,False,False,False,False,True,True,False
-0.5171774726587443,-0.10221297794996347,0.49328514947209934,-0.354842418027315,-0.49583340082596367,-0.4245656809909586,2030,9,25,True,False,False,True,False,False,True,False
0.4728253463664166,1.0269954975187303,0.00015780075159044688,-0.6720058234861235,-0.06390772325360648,1.1772814080979397,2030,9,26,False,True,False,False,False,True,True,False
1.4628281653915773,-1.5731796985189095,-1.1833478361776304,0.5966477983491104,-0.6686036718549063,-0.9095582986746329,2030,9,27,False,False,True,False,False,False,False,False
-0.5171774726587443,-1.1856882442714243,0.09878327049569227,-0.354842418027315,-0.8413739428838494,-0.9287733425133952,2030,9,28,False,False,False,True,False,False,False,False
-1.507180291683905,-0.3581180539404879,1.3809143771690149,-0.037679012568506524,0.8863287674055794,-1.043351482515523,2030,9,29,False,False,False,False,True,False,False,True
1.4628281653915773,-0.9389416274770512,-1.676475184898139,-0.6720058234861235,-0.9277590783983208,0.021874069182355398,2030,9,30,False,True,False,True,False,False,False,True
-1.507180291683905,-0.5657491869422665,0.3946596797279975,-1.3063326344037405,-0.3230631297970206,-1.0465805921190976,2030,10,1,False,False,False,False,False,False,True,False
-1.507180291683905,1.7165388447386376,-1.4792242454099356,0.27948439289030197,-0.7549888073693778,-0.5369460619853301,2030,10,2,False,False,True,False,False,False,False,False
0.4728253463664166,1.119407305149573,-1.7751006546422408,-1.3063326344037405,-0.8413739428838494,1.8061719898648687,2030,10,3,False,True,False,False,False,True,True,False
-0.0221760631461638,1.321543362633661,-1.281973305921732,1.548138014725536,0.4544030898332222,1.2322376612751282,2030,10,4,False,True,False,True,False,False,True,False
0.4728253463664166,1.5053034148919222,-0.2957186084807148,0.27948439289030197,-1.5324550269996209,1.6884997980752856,2030,10,5,False,True,False,True,False,False,True,False
-0.5171774726587443,-0.5552317305750735,0.9864124981926082,0.27948439289030197,1.0590990384345225,-0.6815193151491808,2030,10,6,False,False,False,True,False,False,True,False
-0.0221760631461638,-0.7068485453965201,-0.7888459572012234,-1.6234960398625489,0.19524768328980804,-0.41578692294321734,2030,10,7,True,False,False,False,False,True,True,False
-0.0221760631461638,-0.9246426137643503,0.3946596797279975,1.2309746092667273,1.1454841739489936,-0.6682468152196587,2030,10,8,False,False,True,False,False,False,True,False
-0.5171774726587443,1.135656184368551,-0.3943440782248163,1.2309746092667273,-0.9277590783983208,0.3355765420771651,2030,10,9,False,True,False,False,True,False,False,False
-0.0221760631461638,0.6152193546930631,-0.9860968966894269,-0.989169228944932,0.7135584963766364,0.6137342533660856,2030,10,10,False,False,True,True,False,False,True,False
1.4628281653915773,-0.917374933240953,0.00015780075159044688,-0.989169228944932,-0.23667799428254913,-0.17084115643631115,2030,10,11,False,True,False,False,False,True,False,False
-1.0121788821713247,-0.43061759867389215,0.9864124981926082,1.548138014725536,-1.4460698914851493,-0.8338031418151035,2030,10,12,True,False,False,False,False,True,True,False
-0.5171774726587443,0.017792380936380376,1.0850379679367095,-0.037679012568506524,0.8863287674055794,-0.4357877577121271,2030,10,13,True,False,False,False,True,False,True,False
-0.5171774726587443,0.09182818334139686,1.1836634376808113,1.548138014725536,0.8863287674055794,-0.4149520200799356,2030,10,14,False,True,False,False,False,False,True,False
-1.0121788821713247,1.3382649365208272,-0.59159501771302,-0.989169228944932,-0.7549888073693778,-0.09434932057976844,2030,10,15,False,False,True,True,False,False,True,False
0.4728253463664166,-0.41826845046746874,0.9864124981926082,0.9138112038079189,1.4910247160068797,-0.19990314286848387,2030,10,16,False,True,False,True,False,False,True,False
0.4728253463664166,1.4066874897411061,-1.0847223664335286,-0.354842418027315,0.9727139029200506,1.8698087772235301,2030,10,17,False,False,True,False,False,True,False,False
0.4728253463664166,-0.20809658362417732,0.7891615587044045,-0.037679012568506524,-0.6686036718549063,-0.009140116591902349,2030,10,18,True,False,False,False,False,False,False,False
-0.0221760631461638,0.8461897869366465,1.479539846913117,-0.037679012568506524,-0.8413739428838494,0.23584248386485435,2030,10,19,True,False,False,True,False,False,True,False
-1.0121788821713247,1.481786855149547,-1.7751006546422408,0.5966477983491104,-0.150292858768078,0.12292187160600665,2030,10,20,False,True,False,False,True,False,True,False
1.4628281653915773,1.4033786270637867,-0.2957186084807148,1.2309746092667273,-0.6686036718549063,2.7379849752036476,2030,10,21,False,True,False,False,False,False,False,True
-0.5171774726587443,-1.5368412959019222,0.49328514947209934,1.548138014725536,-0.9277590783983208,-1.1132009294156628,2030,10,22,False,False,False,False,False,False,True,False
-0.5171774726587443,-1.0226676705799311,0.6905360889603027,-0.989169228944932,-0.3230631297970206,-0.8763586318759023,2030,10,23,False,True,False,False,False,True,True,False
-0.5171774726587443,-0.08525505672870265,-1.1833478361776304,0.9138112038079189,-1.6188401625140922,-0.23234157470363417,2030,10,24,False,False,True,False,False,True,False,False
-0.0221760631461638,-0.24201242606669898,1.5781653166572187,0.27948439289030197,-0.3230631297970206,-0.38331165715821647,2030,10,25,False,False,False,True,False,False,False,False
-0.0221760631461638,0.48156493726277766,0.3946596797279975,1.548138014725536,-0.9277590783983208,0.2434302775340909,2030,10,26,False,True,False,False,False,True,False,False
0.967826755878997,1.5317152294769523,-1.1833478361776304,-0.037679012568506524,-0.7549888073693778,2.680609959319599,2030,10,27,False,True,False,False,False,False,False,False
1.4628281653915773,-1.3451636079515041,-1.676475184898139,1.548138014725536,-1.4460698914851493,-0.563085888396017,2030,10,28,False,False,True,True,False,False,True,False
0.4728253463664166,-0.17181726784071355,0.8877870284485064,-1.6234960398625489,0.3680179543187507,0.0016031187812075734,2030,10,29,False,False,False,True,False,False,True,False
0.967826755878997,-1.0686372270612583,-1.4792242454099356,-0.6720058234861235,-0.06390772325360648,-0.33873029985563124,2030,10,30,False,False,False,False,False,False,True,False
0.967826755878997,1.356818202247224,-1.281973305921732,-0.354842418027315,0.8863287674055794,2.5152623584399745,2030,10,31,True,False,False,True,False,False,False,False
-0.0221760631461638,1.6004332168648487,0.1974087402397941,-1.3063326344037405,1.6637949870358226,1.0257219824457466,2030,11,1,False,False,True,False,True,False,False,True
0.4728253463664166,-0.07905093920872912,0.2960342099838957,-1.6234960398625489,-1.2732996204562066,0.1806406710219949,2030,11,2,False,True,False,False,True,False,True,False
0.4728253463664166,-1.3741752432115704,0.5919106192162009,-1.3063326344037405,-0.7549888073693778,-0.896359466644812,2030,11,3,False,False,False,True,False,False,True,False
-0.5171774726587443,0.9807305068697851,-0.3943440782248163,0.5966477983491104,0.6271733608621652,0.25251598516392115,2030,11,4,False,False,False,False,False,True,True,False
-0.0221760631461638,0.6760197063888028,0.8877870284485064,1.2309746092667273,-0.9277590783983208,0.26566570526060773,2030,11,5,False,True,False,False,True,False,True,False
0.4728253463664166,-0.5077850032556573,1.5781653166572187,-0.037679012568506524,-1.6188401625140922,-0.34882280211471284,2030,11,6,False,True,False,True,False,False,True,False
0.967826755878997,1.33365616350599,-0.8874714269453252,1.2309746092667273,-1.359684755970678,2.3304418760726326,2030,11,7,False,True,False,False,True,False,False,False
-1.0121788821713247,1.6393123533233493,0.6905360889603027,-1.3063326344037405,-0.23667799428254913,-0.1712708858512356,2030,11,8,False,True,False,False,False,True,False,True
-1.0121788821713247,0.19452110000533854,1.3809143771690149,0.9138112038079189,-0.23667799428254913,-0.6802792388375418,2030,11,9,False,False,True,False,False,False,True,False
-0.0221760631461638,0.2217601302596983,0.5919106192162009,0.5966477983491104,1.6637949870358226,0.04101544512141657,2030,11,10,True,False,False,True,False,False,True,False
-0.5171774726587443,-0.7053122877249075,0.5919106192162009,-0.6720058234861235,-0.06390772325360648,-0.7210298653556583,2030,11,11,False,True,False,True,False,False,True,False
-0.5171774726587443,0.28669656030208723,-0.9860968966894269,1.548138014725536,0.6271733608621652,-0.040682255647353144,2030,11,12,False,True,False,True,False,False,True,False
0.4728253463664166,-0.2140643538100565,0.09878327049569227,1.2309746092667273,0.022477412260865026,0.10324026440246903,2030,11,13,False,False,False,True,False,False,True,False
1.4628281653915773,-0.6891815821729766,0.1974087402397941,0.27948439289030197,-0.7549888073693778,0.06837079187717528,2030,11,14,True,False,False,True,False,False,False,False
-0.0221760631461638,-1.5015073694548353,0.6905360889603027,-0.989169228944932,-1.359684755970678,-1.0502394311375969,2030,11,15,True,False,False,True,False,False,True,False
1.4628281653915773,-0.8602379652236735,1.6767907864013198,-0.037679012568506524,1.2318693094634654,-0.34059655331473143,2030,11,16,False,True,False,False,False,True,False,True
-1.0121788821713247,-1.049847614000767,-1.676475184898139,-0.989169228944932,-1.186914484941735,-0.9324076255653272,2030,11,17,False,False,False,False,False,False,False,False
0.967826755878997,0.13986577899604852,-1.5778497151540374,1.2309746092667273,-1.359684755970678,1.1472617389696496,2030,11,18,False,False,True,False,False,True,False,False
0.4728253463664166,0.3460197411597384,-1.4792242454099356,-0.989169228944932,-0.9277590783983208,0.9350490758966987,2030,11,19,False,True,False,False,False,True,True,False
0.967826755878997,0.3698317350697316,0.7891615587044045,1.548138014725536,-1.7052252980285638,0.7722798515066208,2030,11,20,False,True,False,False,False,False,False,False
1.4628281653915773,-0.3919157227159624,-1.281973305921732,0.9138112038079189,-1.4460698914851493,0.7263847499926953,2030,11,21,False,True,False,False,False,True,False,False
0.4728253463664166,-0.27770087351492706,0.3946596797279975,-0.037679012568506524,0.4544030898332222,0.0015417288647897186,2030,11,22,False,True,False,False,True,False,True,False
-1.507180291683905,1.1498961112477282,-0.6902204874571217,0.5966477983491104,-0.8413739428838494,-0.7005624672219735,2030,11,23,True,False,False,False,False,True,True,False
0.967826755878997,-0.08755944323612128,-0.19709313873661294,-0.6720058234861235,-0.49583340082596367,0.5665745195739539,2030,11,24,False,False,False,True,False,False,False,True
-0.0221760631461638,1.6806140499563156,-0.9860968966894269,-0.6720058234861235,1.1454841739489936,1.4284275561630406,2030,11,25,True,False,False,False,True,False,True,False
0.967826755878997,-0.21412344064358002,1.1836634376808113,0.5966477983491104,0.9727139029200506,0.15332215821608683,2030,11,26,False,False,True,False,True,False,True,False
0.967826755878997,0.5115810486927443,0.2960342099838957,0.27948439289030197,0.022477412260865026,1.0485590313531572,2030,11,27,True,False,False,False,False,False,True,False
0.4728253463664166,-1.5596488136420152,1.479539846913117,-0.354842418027315,0.4544030898332222,-1.0673794958014386,2030,11,28,False,False,True,False,False,True,True,False
-1.0121788821713247,0.5245801520679269,0.1974087402397941,-1.3063326344037405,-1.4460698914851493,-0.4699573851902585,2030,11,29,False,False,True,False,False,True,True,False
1.4628281653915773,1.2092783789389032,-1.3805987756658338,-0.037679012568506524,0.8863287674055794,2.749223934151831,2030,11,30,False,True,False,False,True,False,True,False
-1.507180291683905,1.5239748542853666,-1.1833478361776304,-1.6234960398625489,0.10886254777533654,-0.5966170607434035,2030,12,1,True,False,False,False,False,True,False,False
0.967826755878997,1.7135845030624597,1.6767907864013198,0.27948439289030197,0.2816328188042792,1.615286183755452,2030,12,2,True,False,False,False,False,True,True,False
1.4628281653915773,-0.7583722642290617,0.6905360889603027,0.9138112038079189,0.6271733608621652,-0.0895240731493317,2030,12,3,False,True,False,False,False,False,False,False
1.4628281653915773,0.2550851043669842,-1.5778497151540374,-0.354842418027315,0.022477412260865026,1.711091287317025,2030,12,4,True,False,False,False,True,False,False,False
-1.0121788821713247,-0.1757760856867916,0.6905360889603027,-0.354842418027315,0.10886254777533654,-0.7370280775741294,2030,12,5,True,False,False,True,False,False,True,False
-0.5171774726587443,0.2151424049050599,-0.3943440782248163,0.27948439289030197,0.022477412260865026,-0.15792471802201216,2030,12,6,False,False,False,False,True,False,False,False
-1.507180291683905,-1.1894698016169318,-0.6902204874571217,-0.354842418027315,0.022477412260865026,-1.1332017641845724,2030,12,7,True,False,False,False,False,False,False,False
-1.507180291683905,1.2256454318249284,-1.281973305921732,1.2309746092667273,0.8863287674055794,-0.6485529300328376,2030,12,8,False,False,True,False,False,False,False,False
1.4628281653915773,1.4102917865860432,1.0850379679367095,-0.6720058234861235,-0.23667799428254913,2.088246377821243,2030,12,9,True,False,False,False,False,False,False,False
0.4728253463664166,-0.17943946936525215,-1.5778497151540374,-1.6234960398625489,-1.7052252980285638,0.4225537756578632,2030,12,10,False,False,True,False,False,True,False,False
0.967826755878997,-0.7643991212484643,-0.7888459572012234,-0.037679012568506524,0.3680179543187507,-0.06312640908969018,2030,12,11,True,False,False,False,True,False,True,False
-0.5171774726587443,-1.2469022038018291,-0.6902204874571217,0.9138112038079189,1.5774098515213508,-0.930983379504435,2030,12,12,False,False,False,False,False,True,False,False
0.4728253463664166,0.629754715739858,-1.1833478361776304,-0.6720058234861235,-0.8413739428838494,1.1445728606305512,2030,12,13,True,False,False,False,False,True,True,False
-0.0221760631461638,-0.6544385240611252,0.00015780075159044688,1.2309746092667273,1.1454841739489936,-0.454241566587309,2030,12,14,True,False,False,False,True,False,False,False
-1.0121788821713247,1.4101736129189961,-1.7751006546422408,1.548138014725536,-0.150292858768078,0.09316004012667127,2030,12,15,True,False,False,False,False,False,True,False
-1.0121788821713247,0.5856759379312847,-0.6902204874571217,-0.6720058234861235,0.5407882253476938,-0.3595783154711063,2030,12,16,True,False,False,True,False,False,False,True
0.4728253463664166,0.49816833748289713,1.479539846913117,-0.354842418027315,1.4046395804924077,0.36510509187411316,2030,12,17,False,True,False,True,False,False,False,False
1.4628281653915773,0.19989800185598236,-0.6902204874571217,-0.037679012568506524,0.9727139029200506,1.3676883728592977,2030,12,18,False,True,False,False,True,False,False,False
-1.0121788821713247,-1.5754840850263283,-0.4929695479689182,-0.989169228944932,1.3182544449779365,-1.1609868403552557,2030,12,19,False,True,False,False,True,False,False,False
0.967826755878997,1.4875182780013316,-0.09846766899251111,0.9138112038079189,-1.7052252980285638,2.1748798278700012,2030,12,20,False,False,False,False,False,False,False,True
-1.0121788821713247,0.4367771174519213,0.1974087402397941,-1.6234960398625489,-1.1005293494272637,-0.4991544294385503,2030,12,21,False,True,False,False,True,False,False,False
0.967826755878997,1.702358004692984,0.9864124981926082,1.548138014725536,-0.23667799428254913,1.9138007913285051,2030,12,22,False,True,False,False,True,False,True,False
-0.0221760631461638,0.12367598661059423,-1.0847223664335286,-0.037679012568506524,1.2318693094634654,0.2540261771077983,2030,12,23,False,False,True,False,False,False,False,True
-0.5171774726587443,0.7208075261996592,1.282288907424913,-0.037679012568506524,1.2318693094634654,-0.15634085817843357,2030,12,24,False,True,False,False,False,False,False,False
-1.507180291683905,-1.5394411165769588,0.8877870284485064,0.5966477983491104,-1.1005293494272637,-1.2073362272506727,2030,12,25,True,False,False,False,False,True,False,False
0.4728253463664166,0.4499534813276746,0.6905360889603027,-0.354842418027315,-1.186914484941735,0.5204093024277902,2030,12,26,False,True,False,False,True,False,False,True
0.4728253463664166,0.9093536119733286,-1.4792242454099356,0.9138112038079189,1.1454841739489936,1.5027830229282446,2030,12,27,False,False,False,True,False,False,True,False
0.967826755878997,0.9572730339609332,-1.676475184898139,0.9138112038079189,0.19524768328980804,2.1806504800132718,2030,12,28,False,False,False,False,True,False,True,False
-0.0221760631461638,0.9282613987008668,0.2960342099838957,-1.3063326344037405,0.4544030898332222,0.5558926741172616,2030,12,29,False,False,False,True,False,False,False,False
-0.0221760631461638,-0.9515271230175688,1.1836634376808113,-0.354842418027315,1.0590990384345225,-0.7435845206475473,2030,12,30,True,False,False,True,False,False,False,False
1.4628281653915773,1.6378351824852604,0.1974087402397941,0.27948439289030197,-1.014144213912792,2.749223934151831,2030,12,31,False,False,True,True,False,False,True,False
-1.507180291683905,1.7061986488720151,-1.0847223664335286,-1.3063326344037405,-1.2732996204562066,-0.5683531432246618,2031,1,1,False,True,False,False,False,True,False,False
-0.5171774726587443,-1.4724366473612454,-1.4792242454099356,0.27948439289030197,1.2318693094634654,-1.0386612929012051,2031,1,2,False,True,False,False,False,False,False,False
0.4728253463664166,1.5031762888850746,0.5919106192162009,0.9138112038079189,-1.359684755970678,1.3756690619936078,2031,1,3,False,True,False,False,False,False,False,False
0.967826755878997,-0.7332012731480263,0.6905360889603027,0.5966477983491104,-1.359684755970678,-0.23181362142244125,2031,1,4,True,False,False,False,False,True,False,True
-0.0221760631461638,0.6488397629679669,-1.1833478361776304,1.2309746092667273,-0.7549888073693778,0.6805142044453367,2031,1,5,True,False,False,False,False,False,True,False
0.4728253463664166,-0.5650401449399839,-1.676475184898139,0.9138112038079189,-0.5822185363404352,0.04300447841335221,2031,1,6,True,False,False,False,False,True,False,False
0.967826755878997,1.6114233679002303,-0.3943440782248163,-0.6720058234861235,-0.8413739428838494,2.4315265124461343,2031,1,7,False,True,False,False,True,False,False,False
-1.0121788821713247,-1.3828610077395334,0.1974087402397941,0.5966477983491104,0.8863287674055794,-1.1041274997691162,2031,1,8,True,False,False,False,False,True,True,False
0.4728253463664166,-0.013228206663486938,0.6905360889603027,0.9138112038079189,1.6637949870358226,0.159485705824431,2031,1,9,False,False,True,False,False,False,True,False
-0.5171774726587443,-0.25412522693902784,0.9864124981926082,1.2309746092667273,-1.014144213912792,-0.5463632751638162,2031,1,10,True,False,False,False,False,False,True,False
0.967826755878997,-0.6068145362411385,0.2960342099838957,-1.3063326344037405,0.9727139029200506,-0.05300935086404151,2031,1,11,False,False,True,False,True,False,False,False
-0.5171774726587443,0.4976365559811849,-1.3805987756658338,1.2309746092667273,-1.5324550269996209,0.13814657087761367,2031,1,12,False,True,False,False,False,True,True,False
0.4728253463664166,-1.2806998725773036,0.5919106192162009,-0.989169228944932,-1.2732996204562066,-0.8225442311440843,2031,1,13,False,False,True,False,True,False,True,False
-1.0121788821713247,0.7434968702727047,1.5781653166572187,-1.6234960398625489,0.10886254777533654,-0.5464614990300846,2031,1,14,True,False,False,True,False,False,True,False
-0.5171774726587443,1.6557975798764215,1.3809143771690149,-1.6234960398625489,1.7501801225502938,0.22415384377891076,2031,1,15,False,True,False,False,False,True,False,False
-0.0221760631461638,1.0473213682508338,1.282288907424913,1.2309746092667273,1.5774098515213508,0.3955544904173275,2031,1,16,False,True,False,False,True,False,False,False
0.967826755878997,1.238999056201252,-0.6902204874571217,-0.037679012568506524,-1.359684755970678,2.146714134217528,2031,1,17,True,False,False,False,True,False,False,False
0.4728253463664166,-0.49059073470030234,0.7891615587044045,-1.6234960398625489,-0.8413739428838494,-0.22633764087797603,2031,1,18,False,False,True,False,False,False,True,False
-1.0121788821713247,-0.6107142672536932,1.1836634376808113,-0.354842418027315,1.5774098515213508,-0.8977714347224208,2031,1,19,True,False,False,False,False,True,False,False
-0.0221760631461638,0.05348082838460879,0.5919106192162009,-0.037679012568506524,-1.186914484941735,-0.0652873341475957,2031,1,20,False,True,False,True,False,False,False,False
0.4728253463664166,-1.575661345526899,-0.8874714269453252,0.9138112038079189,0.8863287674055794,-1.0170152083722992,2031,1,21,False,False,False,True,False,False,True,False
1.4628281653915773,1.5339605291508474,1.479539846913117,-0.037679012568506524,-1.7052252980285638,2.020680635811844,2031,1,22,False,False,True,False,False,True,True,False
-1.0121788821713247,-1.2367392684357772,-0.19709313873661294,-0.6720058234861235,0.4544030898332222,-1.0458193571555172,2031,1,23,True,False,False,False,False,True,False,True
-0.0221760631461638,1.3876024425129971,-1.281973305921732,-1.6234960398625489,0.022477412260865026,1.2844068122469496,2031,1,24,True,False,False,False,True,False,False,False
-0.5171774726587443,-1.4447840092722208,-1.3805987756658338,-0.037679012568506524,-0.06390772325360648,-1.0242960524594469,2031,1,25,False,True,False,False,False,False,False,False
0.4728253463664166,1.1097761512852333,0.49328514947209934,0.27948439289030197,1.1454841739489936,1.0954854834629015,2031,1,26,True,False,False,False,False,False,True,False
0.4728253463664166,-1.2084366751779936,-0.2957186084807148,-0.354842418027315,-1.4460698914851493,-0.7080765929915085,2031,1,27,True,False,False,False,False,False,False,True
-0.5171774726587443,-1.6018958996113584,-1.4792242454099356,-0.037679012568506524,-0.40944826531149214,-1.1169457143171466,2031,1,28,False,False,False,False,False,True,False,False
1.4628281653915773,0.7532461978040915,0.7891615587044045,1.2309746092667273,-0.150292858768078,1.5220717346667083,2031,1,29,True,False,False,False,False,False,False,True
-1.507180291683905,-0.7649309027501764,0.9864124981926082,0.5966477983491104,-1.2732996204562066,-1.0920459642180989,2031,1,30,True,False,False,False,True,False,False,True
-0.0221760631461638,0.7359928424152131,0.6905360889603027,-1.6234960398625489,-1.4460698914851493,0.34458858180729407,2031,1,31,True,False,False,False,False,True,False,True
-0.5171774726587443,0.18494903297452264,-1.0847223664335286,0.5966477983491104,-1.1005293494272637,-0.08651596724486087,2031,2,1,False,False,False,False,False,True,False,True
0.4728253463664166,-1.3576309298249745,0.5919106192162009,1.548138014725536,-0.8413739428838494,-0.8832956924311104,2031,2,2,False,False,True,False,False,False,True,False
-0.0221760631461638,1.4882864068371378,-1.7751006546422408,-1.3063326344037405,1.6637949870358226,1.5014938346834712,2031,2,3,True,False,False,True,False,False,False,True
1.4628281653915773,-0.17028101016910077,-0.6902204874571217,-1.3063326344037405,-0.06390772325360648,0.8884664073188943,2031,2,4,False,False,True,True,False,False,True,False
-0.0221760631461638,0.8049471771372037,-0.3943440782248163,0.5966477983491104,0.022477412260865026,0.6277925442257549,2031,2,5,True,False,False,False,True,False,False,True
-1.507180291683905,-0.0018835346269639413,1.0850379679367095,-1.3063326344037405,0.7135584963766364,-0.9816668944989466,2031,2,6,True,False,False,False,False,False,True,False
0.4728253463664166,0.35529637402293673,-0.3943440782248163,0.5966477983491104,0.6271733608621652,0.69551790001784,2031,2,7,False,True,False,False,False,False,False,False
-1.0121788821713247,-0.6871726298331756,-1.7751006546422408,-0.354842418027315,0.022477412260865026,-0.7784785491394083,2031,2,8,True,False,False,False,False,True,True,False
-1.507180291683905,-1.0411618494728043,-0.59159501771302,0.9138112038079189,-0.49583340082596367,-1.107405721305825,2031,2,9,False,True,False,False,False,True,False,False
-1.507180291683905,0.14169747083527878,-0.09846766899251111,0.9138112038079189,-0.5822185363404352,-0.911510498016718,2031,2,10,False,False,False,False,False,False,True,False
-1.0121788821713247,-0.21205540147025573,1.479539846913117,0.5966477983491104,-1.5324550269996209,-0.8018681072945791,2031,2,11,False,True,False,False,False,True,True,False
-1.0121788821713247,-0.3852389105278005,1.479539846913117,0.9138112038079189,1.4046395804924077,-0.85009602563238,2031,2,12,False,False,False,False,False,False,False,True
1.4628281653915773,0.5910528397819282,-1.1833478361776304,0.27948439289030197,0.9727139029200506,2.0495830084613305,2031,2,13,True,False,False,False,True,False,False,False
1.4628281653915773,0.6530940149816629,-1.1833478361776304,0.5966477983491104,0.4544030898332222,2.134411594967407,2031,2,14,True,False,False,False,False,True,True,False
-1.507180291683905,-1.5750113903581398,-1.1833478361776304,-0.037679012568506524,-0.3230631297970206,-1.201933914605909,2031,2,15,True,False,False,False,False,False,True,False
-0.0221760631461638,-0.5627948452660887,0.9864124981926082,0.9138112038079189,0.2816328188042792,-0.496465551099452,2031,2,16,False,True,False,False,False,True,True,False
-0.5171774726587443,-0.31043497928697766,-1.7751006546422408,-1.3063326344037405,-0.06390772325360648,-0.3077406700479404,2031,2,17,True,False,False,False,True,False,False,False
-0.5171774726587443,-1.3988144527908937,-1.3805987756658338,-0.989169228944932,-0.7549888073693778,-0.996781091921002,2031,2,18,False,True,False,False,False,True,False,True
-1.507180291683905,-0.9183203225773299,0.09878327049569227,-1.3063326344037405,-0.6686036718549063,-1.0980867319936076,2031,2,19,True,False,False,False,False,False,False,False
-0.0221760631461638,-1.5552173011277486,-0.8874714269453252,-0.037679012568506524,1.3182544449779365,-1.0482012859125267,2031,2,20,True,False,False,False,False,True,True,False
-1.0121788821713247,1.7098620325504756,-1.4792242454099356,-0.989169228944932,0.4544030898332222,0.17366677651693604,2031,2,21,False,False,True,False,False,True,True,False
0.967826755878997,0.8122739444941248,-0.4929695479689182,1.548138014725536,-1.7052252980285638,1.6075142203369621,2031,2,22,False,True,False,False,False,False,False,True
-1.507180291683905,-1.431430384895897,-0.7888459572012234,-1.6234960398625489,-0.5822185363404352,-1.1771446663564131,2031,2,23,False,True,False,True,False,False,True,False
0.4728253463664166,-1.6637007274769986,0.00015780075159044688,-0.6720058234861235,-0.49583340082596367,-1.11509173884133,2031,2,24,True,False,False,False,False,True,False,False
-0.0221760631461638,0.7525371558018088,1.5781653166572187,-0.354842418027315,0.7135584963766364,0.16228508601308134,2031,2,25,False,False,False,False,False,True,True,False
0.4728253463664166,-0.21560061148166892,-1.3805987756658338,1.548138014725536,0.7135584963766364,0.35234826724250023,2031,2,26,False,False,True,False,True,False,False,False
0.4728253463664166,0.9859301482198581,-0.4929695479689182,-0.6720058234861235,-0.06390772325360648,1.288188431098284,2031,2,27,True,False,False,True,False,False,False,True
-1.507180291683905,1.4583293822406949,1.479539846913117,-0.037679012568506524,1.5774098515213508,-0.7935068006784786,2031,2,28,True,False,False,False,True,False,True,False
-0.0221760631461638,0.3378066712999637,1.282288907424913,-0.989169228944932,1.3182544449779365,-0.01136243156622573,2031,3,1,False,True,False,False,False,False,False,False
0.4728253463664166,-1.086954145453561,-0.3943440782248163,1.2309746092667273,1.3182544449779365,-0.5931546694574413,2031,3,2,False,False,False,False,False,False,False,False
1.4628281653915773,0.9699767031684978,0.5919106192162009,-0.037679012568506524,-0.49583340082596367,1.8365968324415163,2031,3,3,False,False,True,False,True,False,True,False
1.4628281653915773,1.570121671267264,-1.4792242454099356,1.2309746092667273,-0.23667799428254913,2.749223934151831,2031,3,4,False,True,False,False,False,True,True,False
-0.0221760631461638,0.27192485192119803,0.6905360889603027,-1.6234960398625489,-0.23667799428254913,0.055294739680189955,2031,3,5,True,False,False,True,False,False,False,False
-0.5171774726587443,0.6236687718869318,1.5781653166572187,-0.037679012568506524,-0.150292858768078,-0.24387060100689154,2031,3,6,False,True,False,False,True,False,True,False
0.967826755878997,-0.5672263577803555,0.09878327049569227,0.5966477983491104,1.4046395804924077,0.01728210343430612,2031,3,7,False,False,False,False,True,False,False,True
0.4728253463664166,-0.4149595877901496,-0.09846766899251111,1.2309746092667273,-0.8413739428838494,-0.036581409230646005,2031,3,8,False,True,False,False,False,False,True,False
0.4728253463664166,0.8056562191394864,-1.0847223664335286,0.5966477983491104,1.0590990384345225,1.2890601679114166,2031,3,9,True,False,False,False,False,True,True,False
-0.0221760631461638,1.473219264288631,0.3946596797279975,-1.6234960398625489,0.10886254777533654,0.8863423162108394,2031,3,10,False,True,False,True,False,False,True,False
1.4628281653915773,0.4404405011303819,0.2960342099838957,0.27948439289030197,-0.8413739428838494,1.349946687014562,2031,3,11,False,False,True,False,True,False,True,False
0.967826755878997,0.9964476045870514,0.49328514947209934,1.2309746092667273,0.10886254777533654,1.4558442928352169,2031,3,12,False,False,True,True,False,False,False,False
-0.5171774726587443,-1.1404277297923797,-1.676475184898139,1.2309746092667273,-1.014144213912792,-0.8293953458163076,2031,3,13,False,False,True,True,False,False,True,False
0.4728253463664166,-1.0010418895103093,0.09878327049569227,-0.6720058234861235,-1.359684755970678,-0.5590587098790112,2031,3,14,True,False,False,False,True,False,False,False
-1.507180291683905,0.10529998138476798,0.2960342099838957,-0.037679012568506524,1.2318693094634654,-0.9338073156596524,2031,3,15,False,False,False,True,False,False,False,True
1.4628281653915773,-1.123469808571119,-1.0847223664335286,-0.037679012568506524,0.7135584963766364,-0.30484306599302163,2031,3,16,False,True,False,False,False,False,False,False
-0.0221760631461638,0.46117997969715063,-1.0847223664335286,-0.354842418027315,-1.014144213912792,0.5149210439000415,2031,3,17,False,True,False,False,False,True,True,False
-0.0221760631461638,-0.7255790716234876,-0.7888459572012234,1.2309746092667273,1.5774098515213508,-0.42979610186975264,2031,3,18,False,True,False,False,False,True,False,True
1.4628281653915773,1.0022972011058835,0.6905360889603027,0.9138112038079189,-1.6188401625140922,1.8312313537466032,2031,3,19,False,False,False,False,False,True,True,False
0.4728253463664166,1.05955234279021,0.2960342099838957,1.548138014725536,-0.5822185363404352,1.1151916466330059,2031,3,20,True,False,False,False,False,False,False,False
-0.5171774726587443,-0.1305746580412708,1.1836634376808113,1.2309746092667273,-1.6188401625140922,-0.5120094779364316,2031,3,21,False,False,True,False,False,False,True,False
0.4728253463664166,-1.1087571870237534,-0.7888459572012234,0.5966477983491104,-1.186914484941735,-0.5829884992986584,2031,3,22,False,False,True,False,False,False,True,False
1.4628281653915773,0.5018908079948812,1.3809143771690149,-0.037679012568506524,-1.1005293494272637,1.0486695332027094,2031,3,23,False,True,False,False,False,True,False,True
-1.0121788821713247,1.6979264921787174,0.7891615587044045,-0.6720058234861235,1.0590990384345225,-0.1676366027993035,2031,3,24,False,True,False,True,False,False,True,False
0.4728253463664166,0.4183420253925719,-0.3943440782248163,-0.6720058234861235,1.7501801225502938,0.7518615653060703,2031,3,25,False,True,False,False,False,False,False,False
0.967826755878997,-1.610049882637609,-1.4792242454099356,0.9138112038079189,1.3182544449779365,-0.9935028703842929,2031,3,26,True,False,False,False,True,False,True,False
1.4628281653915773,-1.673922749676574,-0.8874714269453252,-0.6720058234861235,0.4544030898332222,-1.053787768306544,2031,3,27,False,True,False,False,False,False,False,False
0.967826755878997,-0.6263722781374358,1.479539846913117,0.27948439289030197,0.7999436318911078,-0.2512005570271733,2031,3,28,False,True,False,False,True,False,False,False
1.4628281653915773,-1.0569971208571176,-0.6902204874571217,-0.037679012568506524,0.10886254777533654,-0.25945136179372175,2031,3,29,False,False,False,False,False,True,True,False
-1.0121788821713247,1.076628437678518,-0.59159501771302,-1.3063326344037405,-0.23667799428254913,-0.19003164430850636,2031,3,30,False,False,False,False,True,False,False,False
0.967826755878997,1.1864117743652862,-1.0847223664335286,-0.354842418027315,0.7135584963766364,2.2384061133791104,2031,3,31,False,True,False,False,False,False,False,False
0.967826755878997,-0.8397939208245229,0.9864124981926082,-0.989169228944932,1.6637949870358226,-0.36823429368601196,2031,4,1,False,True,False,False,False,False,False,False
-1.507180291683905,-0.6081144465786567,-0.7888459572012234,0.9138112038079189,-1.6188401625140922,-1.02316647799736,2031,4,2,False,True,False,True,False,False,False,False
-0.0221760631461638,-0.9171385859068587,-0.59159501771302,1.2309746092667273,-0.5822185363404352,-0.5881452522777512,2031,4,3,False,False,True,False,False,True,False,False
0.967826755878997,1.406155708239394,-0.2957186084807148,-1.6234960398625489,-0.5822185363404352,2.1711841549016513,2031,4,4,False,False,True,False,True,False,True,False
-0.0221760631461638,0.0037297145577738864,-0.2957186084807148,1.2309746092667273,-0.23667799428254913,0.03988587065932949,2031,4,5,False,True,False,False,False,True,False,False
1.4628281653915773,0.53427039276579,-0.3943440782248163,-0.6720058234861235,0.4544030898332222,1.6977205635212347,2031,4,6,False,True,False,False,False,False,False,False
-0.5171774726587443,-0.29755404957884224,0.00015780075159044688,-0.6720058234861235,0.10886254777533654,-0.47080456603682364,2031,4,7,False,False,True,True,False,False,True,False
0.4728253463664166,0.44741274748616167,1.0850379679367095,0.9138112038079189,-1.6188401625140922,0.424100801551591,2031,4,8,True,False,False,False,False,False,False,True
-1.507180291683905,-0.3999515320751662,1.0850379679367095,-1.6234960398625489,-0.3230631297970206,-1.0403924885441864,2031,4,9,False,True,False,False,False,False,True,False
1.4628281653915773,-0.5596041562558165,0.9864124981926082,-1.3063326344037405,0.4544030898332222,0.0722138006449276,2031,4,10,True,False,False,False,False,False,True,False
-1.0121788821713247,0.4594073746914438,-1.3805987756658338,-1.6234960398625489,0.022477412260865026,-0.3398967082675688,2031,4,11,False,True,False,False,True,False,True,False
-0.5171774726587443,0.3093268175416094,0.9864124981926082,-1.6234960398625489,1.3182544449779365,-0.29347365347245047,2031,4,12,True,False,False,False,False,False,True,False
-1.507180291683905,-0.7191386067694199,-1.3805987756658338,-1.6234960398625489,-0.3230631297970206,-1.0301772064522692,2031,4,13,False,False,True,False,False,True,True,False
-1.507180291683905,-1.2174769607070979,-1.3805987756658338,-0.989169228944932,-1.6188401625140922,-1.129579759115924,2031,4,14,False,False,True,False,False,True,False,True
1.4628281653915773,-0.459688320767482,1.479539846913117,1.548138014725536,-0.7549888073693778,0.07775117110581053,2031,4,15,True,False,False,True,False,False,True,False
-1.0121788821713247,-0.29855852574874275,1.0850379679367095,-0.6720058234861235,-1.2732996204562066,-0.8006280309829401,2031,4,16,False,False,False,False,False,True,False,False
-1.0121788821713247,0.43937693812695783,0.09878327049569227,1.2309746092667273,-0.8413739428838494,-0.488890035413499,2031,4,17,True,False,False,False,False,False,True,False
-0.0221760631461638,1.4274269683078746,1.282288907424913,-1.3063326344037405,-0.49583340082596367,0.6135500836168322,2031,4,18,False,False,True,False,False,False,False,False
0.4728253463664166,-1.6086317986330436,1.6767907864013198,-1.6234960398625489,0.6271733608621652,-1.1059200853285152,2031,4,19,True,False,False,False,False,True,False,True
1.4628281653915773,-0.8914949001576351,0.2960342099838957,-0.354842418027315,-0.5822185363404352,-0.18058987516345312,2031,4,20,False,False,False,True,False,False,True,False
-0.5171774726587443,-1.064146627713468,0.2960342099838957,-0.037679012568506524,1.3182544449779365,-0.8768497512072445,2031,4,21,False,False,False,True,False,False,False,True
0.4728253463664166,0.0024888910537789787,0.7891615587044045,-1.3063326344037405,-0.6686036718549063,0.15276964896832684,2031,4,22,False,True,False,False,False,True,False,True
-0.5171774726587443,-0.24845289092076653,-0.9860968966894269,-0.989169228944932,-1.2732996204562066,-0.3475950037863574,2031,4,23,False,False,False,False,True,False,False,False
-1.507180291683905,0.7862757377437599,-1.1833478361776304,1.2309746092667273,-1.1005293494272637,-0.7407114725591956,2031,4,24,False,False,True,False,True,False,True,False
0.967826755878997,-0.8958082390048546,0.8877870284485064,-0.989169228944932,1.4910247160068797,-0.4069590529623418,2031,4,25,False,False,True,False,True,False,False,False
0.967826755878997,0.32120327107984425,-0.59159501771302,-1.3063326344037405,-0.150292858768078,1.1015753631715444,2031,4,26,False,True,False,False,True,False,False,True
1.4628281653915773,1.3214251889666133,-1.281973305921732,-0.6720058234861235,-0.3230631297970206,2.749223934151831,2031,4,27,False,False,True,False,False,True,True,False
-1.0121788821713247,1.4141324307650742,-0.6902204874571217,-0.354842418027315,-1.4460698914851493,-0.053144408680160626,2031,4,28,False,False,False,True,False,False,False,False
-1.0121788821713247,1.580402780300363,-0.4929695479689182,0.5966477983491104,0.7999436318911078,-0.01993246389814658,2031,4,29,False,True,False,False,False,False,True,False
-1.507180291683905,0.9391333760692013,1.5781653166572187,-0.037679012568506524,0.7135584963766364,-0.8715211064621821,2031,4,30,False,False,False,False,False,False,True,False
-1.507180291683905,1.3978835515460961,0.5919106192162009,0.9138112038079189,-0.40944826531149214,-0.74169371122188,2031,5,1,False,True,False,False,False,True,False,True
-0.5171774726587443,-0.9230472692592144,0.09878327049569227,-0.989169228944932,0.7135584963766364,-0.7961465670844428,2031,5,2,False,True,False,False,False,False,True,False
-1.507180291683905,-1.050793003337144,1.5781653166572187,1.2309746092667273,-0.40944826531149214,-1.1444361188890246,2031,5,3,True,False,False,False,True,False,True,False
1.4628281653915773,-1.7112656284634618,1.3809143771690149,0.9138112038079189,-1.4460698914851493,-1.1403721064221681,2031,5,4,True,False,False,True,False,False,False,False
-0.5171774726587443,0.7095219409966597,0.00015780075159044688,1.548138014725536,0.8863287674055794,0.04398671707603649,2031,5,5,True,False,False,False,False,True,True,False
0.4728253463664166,1.5067214988964874,1.3809143771690149,1.548138014725536,1.6637949870358226,1.1017595329207979,2031,5,6,False,True,False,True,False,False,True,False
-1.0121788821713247,-1.0875450137887963,-0.3943440782248163,-0.6720058234861235,0.5407882253476938,-0.9876217163914704,2031,5,7,False,False,False,False,False,True,False,False
-1.0121788821713247,0.467915878718836,-0.9860968966894269,0.5966477983491104,-0.7549888073693778,-0.3745820110436094,2031,5,8,False,True,False,False,False,True,True,False
0.967826755878997,0.8464852211042643,-0.9860968966894269,1.2309746092667273,-0.7549888073693778,1.810984959312022,2031,5,9,False,True,False,False,False,True,True,False
0.967826755878997,1.4726283959533955,0.49328514947209934,0.27948439289030197,1.4910247160068797,1.912978166448507,2031,5,10,False,True,False,False,False,True,True,False
1.4628281653915773,0.502186242162499,0.00015780075159044688,0.27948439289030197,-0.6686036718549063,1.5223295723156631,2031,5,11,True,False,False,True,False,False,False,False
-1.0121788821713247,1.6201682192617168,0.49328514947209934,0.9138112038079189,0.9727139029200506,-0.14863028467636158,2031,5,12,False,False,False,False,False,False,False,True
1.4628281653915773,-0.542350800866938,0.5919106192162009,1.2309746092667273,0.5407882253476938,0.1647529606530757,2031,5,13,False,False,True,False,False,True,False,True
0.4728253463664166,-0.5241520561416825,-1.676475184898139,-1.3063326344037405,0.3680179543187507,0.08505657115952533,2031,5,14,False,False,True,False,True,False,True,False
0.4728253463664166,0.14323372850689153,-1.5778497151540374,-0.354842418027315,-1.1005293494272637,0.7511003303424898,2031,5,15,False,True,False,False,False,True,False,False
-0.0221760631461638,-0.408105515101417,0.09878327049569227,-0.989169228944932,-1.6188401625140922,-0.2981024531703504,2031,5,16,True,False,False,True,False,False,False,True
-0.5171774726587443,-1.7288144180199583,-1.0847223664335286,0.27948439289030197,0.022477412260865026,-1.1960159266632358,2031,5,17,True,False,False,False,False,True,True,False
0.967826755878997,0.7957296311075288,0.3946596797279975,-0.989169228944932,1.7501801225502938,1.2957885027508043,2031,5,18,True,False,False,False,True,False,False,True
-0.5171774726587443,0.8646248789959962,0.09878327049569227,-0.354842418027315,-1.014144213912792,0.10651848593917809,2031,5,19,False,True,False,True,False,False,False,True
0.967826755878997,0.848257826109971,0.2960342099838957,-0.354842418027315,0.10886254777533654,1.3801750818586722,2031,5,20,False,False,True,False,False,True,True,False
-0.0221760631461638,-0.5411099773629433,-0.6902204874571217,-1.3063326344037405,0.6271733608621652,-0.3024488592527285,2031,5,21,True,False,False,False,True,False,True,False
-1.0121788821713247,0.07162048627634068,0.3946596797279975,1.548138014725536,-0.06390772325360648,-0.6362995027158506,2031,5,22,False,False,True,True,False,False,True,False
1.4628281653915773,-0.4894680848633546,1.0850379679367095,-1.6234960398625489,0.022477412260865026,0.12627376104241697,2031,5,23,True,False,False,False,False,True,True,False
-0.5171774726587443,-1.6782951753573172,1.6767907864013198,-0.037679012568506524,0.5407882253476938,-1.1918782462966782,2031,5,24,False,True,False,False,True,False,False,True
0.967826755878997,0.21041545822317528,1.0850379679367095,-1.6234960398625489,1.1454841739489936,0.5491766172611575,2031,5,25,True,False,False,True,False,False,False,True
-0.5171774726587443,-1.3059299504918622,0.1974087402397941,0.9138112038079189,-0.5822185363404352,-0.9927048014708619,2031,5,26,False,True,False,False,False,True,True,False
-1.0121788821713247,-1.4570740706451206,-1.0847223664335286,1.2309746092667273,1.4046395804924077,-1.109063249049105,2031,5,27,False,False,False,True,False,False,False,False
1.4628281653915773,0.8777421560382259,0.5919106192162009,-0.354842418027315,-0.06390772325360648,1.7346281812715985,2031,5,28,True,False,False,False,True,False,False,False
-1.507180291683905,-1.700866345763316,1.479539846913117,-1.6234960398625489,0.5407882253476938,-1.233328717861957,2031,5,29,False,True,False,False,False,True,True,False
0.967826755878997,1.5811709091361692,-1.0847223664335286,0.5966477983491104,-1.359684755970678,2.6961293301900113,2031,5,30,False,False,False,False,False,True,False,False
-1.507180291683905,0.047276710864635266,-0.8874714269453252,-1.6234960398625489,0.022477412260865026,-0.8967155281600353,2031,5,31,True,False,False,False,False,True,False,True
-0.0221760631461638,1.6641288234032428,-1.281973305921732,-0.6720058234861235,-1.6188401625140922,1.5027584669616776,2031,6,1,False,True,False,False,True,False,True,False
1.4628281653915773,-1.5332369990569852,0.7891615587044045,0.27948439289030197,-0.3230631297970206,-0.93905001452173,2031,6,2,True,False,False,False,False,False,True,False
0.4728253463664166,0.28326952395772104,-0.3943440782248163,-0.6720058234861235,-1.5324550269996209,0.6311689896287324,2031,6,3,False,True,False,False,False,True,True,False
-0.5171774726587443,-0.5262200953150069,-1.5778497151540374,-0.354842418027315,1.4046395804924077,-0.45841608090371755,2031,6,4,False,False,True,False,True,False,True,False
0.967826755878997,1.1818620881839725,1.282288907424913,0.27948439289030197,0.6271733608621652,1.334194034461762,2031,6,5,False,False,True,True,False,False,True,False
-0.5171774726587443,-0.4850956591826115,0.1974087402397941,-0.6720058234861235,1.0590990384345225,-0.5833445608138815,2031,6,6,False,False,False,True,False,False,True,False
-0.0221760631461638,-0.8332943691369317,-0.59159501771302,-0.354842418027315,-0.06390772325360648,-0.5268167257763979,2031,6,7,True,False,False,False,True,False,False,False
-0.0221760631461638,1.2304905521738596,-0.59159501771302,0.27948439289030197,1.2318693094634654,0.9827244849867398,2031,6,8,True,False,False,False,False,False,False,False
-0.5171774726587443,-0.43871249486661945,-0.7888459572012234,-1.6234960398625489,1.3182544449779365,-0.47396000774069713,2031,6,9,False,False,True,False,True,False,True,False
0.967826755878997,-1.6755180941817098,-0.19709313873661294,-0.989169228944932,-0.49583340082596367,-1.096478316183462,2031,6,10,False,True,False,True,False,False,True,False
1.4628281653915773,-0.384648042192565,-0.59159501771302,-1.6234960398625489,-0.40944826531149214,0.5900377456288258,2031,6,11,True,False,False,True,False,False,False,True
-1.0121788821713247,0.5287162304145757,0.09878327049569227,-0.989169228944932,0.022477412260865026,-0.4588089763687912,2031,6,12,True,False,False,False,False,True,False,True
1.4628281653915773,-0.8545065423718884,0.8877870284485064,1.548138014725536,-1.5324550269996209,-0.22255602202664143,2031,6,13,False,True,False,False,False,False,True,False
-1.0121788821713247,-0.24053525522861005,0.5919106192162009,-1.3063326344037405,1.7501801225502938,-0.7506320830523074,2031,6,14,True,False,False,False,True,False,True,False
0.4728253463664166,-1.537668511571252,-0.7888459572012234,-0.354842418027315,-0.49583340082596367,-0.9840488232559561,2031,6,15,False,False,False,True,False,False,False,True
1.4628281653915773,0.2990457085085105,0.09878327049569227,1.2309746092667273,-0.06390772325360648,1.2491812782064329,2031,6,16,False,False,False,True,False,False,True,False
-0.5171774726587443,0.8804601503803094,1.0850379679367095,-0.354842418027315,0.8863287674055794,-0.0539670335601587,2031,6,17,False,True,False,True,False,False,True,False
-0.5171774726587443,-0.30505807743633384,-1.5778497151540374,1.2309746092667273,-0.6686036718549063,-0.3233091528514871,2031,6,18,False,True,False,False,True,False,True,False
0.967826755878997,-0.2811279098592936,-1.4792242454099356,0.9138112038079189,-1.014144213912792,0.613660585466384,2031,6,19,False,True,False,False,True,False,True,False
-0.5171774726587443,-1.4285351300532427,0.09878327049569227,0.5966477983491104,-1.2732996204562066,-1.0513935615662509,2031,6,20,False,False,False,False,False,False,True,False
0.967826755878997,-1.0356667739551138,0.3946596797279975,-0.989169228944932,0.10886254777533654,-0.48520664042843276,2031,6,21,False,True,False,False,False,True,True,False
-0.5171774726587443,-1.199041868647748,-1.0847223664335286,-1.6234960398625489,-1.7052252980285638,-0.8888821748251275,2031,6,22,False,False,True,False,False,True,False,False
-0.0221760631461638,-0.06871074334210668,0.7891615587044045,-0.354842418027315,0.7135584963766364,-0.17162694736645862,2031,6,23,False,True,False,False,False,True,False,True
-1.507180291683905,0.09566882752042825,0.49328514947209934,1.548138014725536,-0.150292858768078,-0.9433595866542577,2031,6,24,True,False,False,True,False,False,False,True
-0.5171774726587443,1.5463687641907944,1.3809143771690149,-0.989169228944932,0.10886254777533654,0.17776762293364307,2031,6,25,True,False,False,False,False,True,True,False
-1.507180291683905,-1.4805906303874963,-1.1833478361776304,-0.354842418027315,-0.7549888073693778,-1.1834923837140106,2031,6,26,False,False,True,True,False,False,True,False
-1.0121788821713247,0.33975653680624135,0.7891615587044045,0.9138112038079189,-1.1005293494272637,-0.5853213161225337,2031,6,27,False,True,False,False,False,False,False,False
0.4728253463664166,0.08615584732313554,-1.4792242454099356,1.548138014725536,0.7135584963766364,0.6731596924584877,2031,6,28,True,False,False,True,False,False,False,False
1.4628281653915773,0.05070374720900146,0.1974087402397941,-1.6234960398625489,-1.014144213912792,0.9293398136698462,2031,6,29,False,True,False,False,False,False,True,False
1.4628281653915773,1.284436831180867,0.09878327049569227,-1.6234960398625489,0.9727139029200506,2.410175099516034,2031,6,30,False,False,True,False,False,False,True,False
-1.0121788821713247,-1.0232585389151667,-0.3943440782248163,0.9138112038079189,-1.014144213912792,-0.9646496096679406,2031,7,1,False,False,False,False,False,True,True,False
-0.5171774726587443,-1.5927965272487303,1.1836634376808113,-0.989169228944932,0.4544030898332222,-1.150071713216176,2031,7,2,False,True,False,False,False,True,True,False
1.4628281653915773,0.5900483636120276,-1.7751006546422408,1.2309746092667273,0.5407882253476938,2.25875073167996,2031,7,3,False,False,False,True,False,False,True,False
0.967826755878997,-0.540637282694755,0.00015780075159044688,-0.354842418027315,0.022477412260865026,0.06011998711062683,2031,7,4,True,False,False,False,True,False,False,True
-1.0121788821713247,-1.6729182735066734,-0.9860968966894269,0.9138112038079189,1.7501801225502938,-1.193118322608317,2031,7,5,False,True,False,False,False,True,True,False
-0.0221760631461638,-0.8648467382385109,0.7891615587044045,1.548138014725536,-0.40944826531149214,-0.6613097546644506,2031,7,6,True,False,False,False,False,True,False,True
-1.507180291683905,-0.6644832857601298,-1.5778497151540374,-0.354842418027315,1.3182544449779365,-1.01446138784932,2031,7,7,False,True,False,False,True,False,False,True
0.967826755878997,0.3984297624951333,1.0850379679367095,-0.989169228944932,-1.1005293494272637,0.7156046806697345,2031,7,8,False,False,True,False,True,False,True,False
1.4628281653915773,-1.1371779539485842,1.0850379679367095,0.9138112038079189,-0.5822185363404352,-0.5426430462288993,2031,7,9,False,False,True,False,False,True,False,False
0.967826755878997,-0.3059443799391874,1.0850379679367095,0.27948439289030197,-1.186914484941735,0.09209185558100191,2031,7,10,False,True,False,False,True,False,False,False
-0.5171774726587443,-0.0659927490000232,-1.281973305921732,0.27948439289030197,0.3680179543187507,-0.2101061469771175,2031,7,11,True,False,False,True,False,False,True,False
-0.0221760631461638,-0.14635084259206055,0.3946596797279975,0.5966477983491104,0.5407882253476938,-0.16365853621543192,2031,7,12,False,False,True,False,False,False,True,False
-1.507180291683905,1.632812801635758,-1.676475184898139,1.548138014725536,-0.150292858768078,-0.5394630485584588,2031,7,13,False,False,False,False,False,False,False,False
-0.0221760631461638,-1.5764294743627052,1.1836634376808113,-0.354842418027315,0.7999436318911078,-1.107160161640154,2031,7,14,True,False,False,False,False,True,False,False
-1.0121788821713247,1.5534000973800979,0.6905360889603027,-1.3063326344037405,1.3182544449779365,-0.1980491673926672,2031,7,15,False,False,False,False,False,True,False,False
-0.5171774726587443,0.27777444844003024,0.09878327049569227,1.548138014725536,0.9727139029200506,-0.1898106406094023,2031,7,16,True,False,False,True,False,False,False,False
0.967826755878997,1.0167734753191549,0.7891615587044045,0.9138112038079189,-0.8413739428838494,1.3691617308533244,2031,7,17,True,False,False,False,True,False,True,False
0.967826755878997,-0.24603033074630087,-1.4792242454099356,-0.989169228944932,-0.5822185363404352,0.6561055736776311,2031,7,18,False,False,True,False,False,True,False,False
-1.0121788821713247,-0.1649631951519808,0.09878327049569227,1.548138014725536,-0.40944826531149214,-0.6923239404387085,2031,7,19,True,False,False,False,False,False,True,False
0.967826755878997,1.305767178082871,-0.7888459572012234,-1.3063326344037405,-1.014144213912792,2.259794360259062,2031,7,20,True,False,False,True,False,False,False,False
0.4728253463664166,1.3631404934342448,1.5781653166572187,1.2309746092667273,-0.49583340082596367,0.9341282271504321,2031,7,21,True,False,False,True,False,False,False,True
-0.5171774726587443,-0.9086891687129901,1.1836634376808113,1.2309746092667273,-0.8413739428838494,-0.8515571056431228,2031,7,22,False,False,True,False,True,False,False,False
-1.0121788821713247,-1.0450024936518356,0.7891615587044045,-0.354842418027315,1.7501801225502938,-1.011183166312611,2031,7,23,False,False,True,False,False,True,False,False
-0.5171774726587443,-0.018427848013559907,1.479539846913117,0.5966477983491104,0.9727139029200506,-0.4968093346313915,2031,7,24,True,False,False,False,False,True,False,False
-1.507180291683905,1.378148549149228,-0.59159501771302,-0.989169228944932,1.2318693094634654,-0.6650054276328005,2031,7,25,False,True,False,True,False,False,False,False
-0.5171774726587443,-0.6194591186151795,1.3809143771690149,-0.037679012568506524,1.4910247160068797,-0.7403431330606889,2031,7,26,True,False,False,False,False,False,False,False
-0.5171774726587443,0.5200304658866131,-0.6902204874571217,0.9138112038079189,0.6271733608621652,0.049339917787666276,2031,7,27,True,False,False,False,False,True,True,False
-1.507180291683905,0.7140716271779733,0.7891615587044045,-1.3063326344037405,-1.1005293494272637,-0.8602253618413122,2031,7,28,False,True,False,False,False,False,False,True
-1.0121788821713247,0.9578048154626452,0.7891615587044045,0.5966477983491104,0.8863287674055794,-0.39524585690983116,2031,7,29,False,False,True,True,False,False,True,False
-0.5171774726587443,0.21555601273972477,-1.676475184898139,1.2309746092667273,-1.6188401625140922,0.0074474388241792195,2031,7,30,True,False,False,False,False,True,True,False
-0.0221760631461638,-0.3425782167237925,-0.4929695479689182,0.27948439289030197,-1.2732996204562066,-0.18018470171509593,2031,7,31,False,True,False,False,False,False,True,False
-0.5171774726587443,1.6088235472251942,-1.676475184898139,-0.989169228944932,-1.6188401625140922,0.8673114421213304,2031,8,1,False,True,False,True,False,False,True,False
-1.0121788821713247,0.37940380210054786,1.6767907864013198,-1.6234960398625489,-1.2732996204562066,-0.6554777126047624,2031,8,2,False,True,False,False,False,False,False,False
0.967826755878997,0.7846213064051002,-1.3805987756658338,-0.037679012568506524,0.8863287674055794,1.8700420589059177,2031,8,3,False,False,False,False,False,True,True,False
1.4628281653915773,-0.541287237863514,0.09878327049569227,-1.3063326344037405,1.3182544449779365,0.25909698420390603,2031,8,4,False,True,False,False,True,False,False,True
-1.507180291683905,0.5820125542528242,0.9864124981926082,-0.989169228944932,-0.7549888073693778,-0.8905274245851238,2031,8,5,False,True,False,False,False,False,True,False
0.967826755878997,-0.8426300888336535,-1.0847223664335286,-0.354842418027315,-1.2732996204562066,-0.11426420946569338,2031,8,6,True,False,False,False,True,False,True,False
-1.0121788821713247,-0.8865316061416563,-0.09846766899251111,1.548138014725536,-0.7549888073693778,-0.9274473203187714,2031,8,7,False,True,False,False,False,True,True,False
0.4728253463664166,0.7367609712510194,0.2960342099838957,0.5966477983491104,0.5407882253476938,0.8502450453571899,2031,8,8,False,True,False,False,True,False,False,False
1.4628281653915773,0.0685479709331155,-1.1833478361776304,-1.3063326344037405,-0.49583340082596367,1.335163995141163,2031,8,9,False,True,False,True,False,False,False,True
0.967826755878997,0.6281002844011986,0.8877870284485064,-0.037679012568506524,1.5774098515213508,0.9800110506810743,2031,8,10,True,False,False,False,True,False,False,False
-0.5171774726587443,-0.8023919552041113,-0.7888459572012234,-1.6234960398625489,-1.2732996204562066,-0.6780078119300842,2031,8,11,True,False,False,False,False,False,True,False
1.4628281653915773,0.33579771896016297,-1.0847223664335286,0.27948439289030197,1.7501801225502938,1.6691865303702549,2031,8,12,True,False,False,False,False,False,False,True
-0.5171774726587443,-0.19923355859564382,0.1974087402397941,-0.6720058234861235,-1.7052252980285638,-0.44078489690853373,2031,8,13,True,False,False,False,True,False,True,False
-1.507180291683905,0.32971177510723676,-0.3943440782248163,-1.6234960398625489,-0.150292858768078,-0.8656645084359266,2031,8,14,False,False,False,True,False,False,False,False
-0.5171774726587443,-0.7282970659655712,1.3809143771690149,0.9138112038079189,-0.8413739428838494,-0.7864715162570021,2031,8,15,True,False,False,False,False,True,True,False
1.4628281653915773,0.7393017050925323,1.282288907424913,0.9138112038079189,0.2816328188042792,1.3207619207495538,2031,8,16,False,True,False,False,True,False,True,False
-0.0221760631461638,1.0520483149327184,-0.09846766899251111,1.548138014725536,-1.359684755970678,0.7327447453335763,2031,8,17,False,True,False,False,False,False,True,False
-0.0221760631461638,-0.8353033214767325,-0.4929695479689182,-0.989169228944932,1.3182544449779365,-0.5364917766038386,2031,8,18,True,False,False,False,False,False,True,False
0.967826755878997,-0.6946175708571437,-0.6902204874571217,-0.037679012568506524,-1.2732996204562066,0.0011119994498654333,2031,8,19,False,False,True,False,True,False,False,True
-1.0121788821713247,0.5516419218217158,-0.8874714269453252,0.27948439289030197,0.2816328188042792,-0.35243252920007767,2031,8,20,False,True,False,False,True,False,False,False
-1.507180291683905,0.6706428045381594,0.09878327049569227,-0.6720058234861235,-1.6188401625140922,-0.8306354221279465,2031,8,21,False,False,True,False,True,False,False,True
0.4728253463664166,0.7000680476328904,0.9864124981926082,-0.037679012568506524,-0.6686036718549063,0.6366818041230482,2031,8,22,False,True,False,False,False,True,False,False
0.967826755878997,0.6260913320613974,-0.6902204874571217,0.9138112038079189,-1.186914484941735,1.466612084174894,2031,8,23,True,False,False,False,False,False,False,False
-1.0121788821713247,-0.3759622776646021,-1.0847223664335286,1.2309746092667273,1.6637949870358226,-0.6912189219431886,2031,8,24,False,False,True,False,False,False,False,False
-1.507180291683905,-0.3688718576417752,-0.09846766899251111,-0.037679012568506524,-1.7052252980285638,-0.9995681941263688,2031,8,25,False,True,False,False,False,False,False,True
1.4628281653915773,-0.8529111978667525,-1.5778497151540374,0.27948439289030197,-0.49583340082596367,0.1316637957038971,2031,8,26,True,False,False,False,False,True,True,False
-1.507180291683905,-1.19159692762378,0.6905360889603027,-0.037679012568506524,-0.6686036718549063,-1.1519502446585597,2031,8,27,False,True,False,True,False,False,True,False
1.4628281653915773,0.6602435218380134,0.00015780075159044688,0.27948439289030197,0.5407882253476938,1.7108580056346374,2031,8,28,False,False,True,False,False,False,False,False
0.967826755878997,-1.411577208831982,-0.09846766899251111,-1.6234960398625489,-1.5324550269996209,-0.8251717195667649,2031,8,29,False,True,False,False,False,False,False,True
-1.0121788821713247,1.5078441487334355,-0.6902204874571217,-0.037679012568506524,1.0590990384345225,-0.018483661870687108,2031,8,30,False,False,False,True,False,False,False,True
-1.0121788821713247,1.1237797308303163,1.3809143771690149,0.9138112038079189,-0.06390772325360648,-0.4176654543856011,2031,8,31,False,True,False,False,False,True,False,False
-0.5171774726587443,1.230313291673289,-1.4792242454099356,1.548138014725536,-0.150292858768078,0.5956487839894102,2031,9,1,False,False,False,True,False,False,True,False
0.4728253463664166,1.4002470248870382,1.1836634376808113,-0.989169228944932,-0.9277590783983208,1.0934964501709659,2031,9,2,True,False,False,True,False,False,True,False
-0.0221760631461638,-0.32136604348883563,-0.4929695479689182,-0.037679012568506524,0.022477412260865026,-0.16484950059393672,2031,9,3,False,False,True,True,False,False,False,True
-0.5171774726587443,1.1929704128864012,1.282288907424913,-0.6720058234861235,-0.40944826531149214,0.04674926331483619,2031,9,4,False,True,False,True,False,False,True,False
-1.507180291683905,-1.1873426756100838,0.7891615587044045,0.27948439289030197,-0.8413739428838494,-1.1526009777725883,2031,9,5,False,False,False,False,False,True,True,False
0.4728253463664166,-1.6589146939615904,-1.3805987756658338,0.27948439289030197,-1.1005293494272637,-1.0872329947709456,2031,9,6,False,True,False,False,False,True,False,True
0.4728253463664166,0.97931242286522,1.0850379679367095,0.9138112038079189,0.7999436318911078,0.8164683133441324,2031,9,7,False,True,False,True,False,False,True,False
-1.0121788821713247,-1.475154641703329,0.5919106192162009,-0.6720058234861235,-1.186914484941735,-1.1405808321379884,2031,9,8,True,False,False,False,True,False,False,False
0.4728253463664166,1.6832138706313517,-1.676475184898139,0.5966477983491104,-1.1005293494272637,2.3555380739042175,2031,9,9,False,True,False,False,True,False,False,False
0.967826755878997,0.5987932149735141,-1.281973305921732,0.5966477983491104,0.2816328188042792,1.6174348308300739,2031,9,10,False,True,False,False,True,False,True,False
0.4728253463664166,0.8706517360153989,0.3946596797279975,0.5966477983491104,-0.9277590783983208,0.9321637498250636,2031,9,11,False,False,False,False,True,False,True,False
-1.507180291683905,-0.8840499591336668,0.49328514947209934,0.5966477983491104,-0.150292858768078,-1.100112599235394,2031,9,12,False,False,False,False,False,False,True,False
0.967826755878997,0.5955434391297184,0.7891615587044045,-0.037679012568506524,0.19524768328980804,0.9805267259789836,2031,9,13,True,False,False,False,False,True,False,False
0.967826755878997,-1.5843471100548618,0.6905360889603027,0.5966477983491104,-0.7549888073693778,-1.0276970538289913,2031,9,14,False,False,False,False,False,True,False,False
-0.5171774726587443,1.1623043462876752,0.49328514947209934,-0.037679012568506524,-0.49583340082596367,0.1824087006148265,2031,9,15,True,False,False,True,False,False,True,False
0.4728253463664166,-1.1473999761481595,0.8877870284485064,1.2309746092667273,-1.014144213912792,-0.7383295438021861,2031,9,16,False,True,False,False,False,False,False,True
-1.0121788821713247,0.6767287483910855,0.1974087402397941,-1.3063326344037405,-0.150292858768078,-0.41937209406201514,2031,9,17,False,False,True,True,False,False,True,False
1.4628281653915773,-0.9577903273710658,-0.8874714269453252,-0.989169228944932,1.7501801225502938,-0.1058660688997424,2031,9,18,False,False,True,True,False,False,True,False
-0.5171774726587443,-1.4970758569405684,1.3809143771690149,-0.037679012568506524,-0.40944826531149214,-1.1123660265523811,2031,9,19,False,False,False,False,False,True,True,False
-1.0121788821713247,-0.06941978534438939,-1.676475184898139,0.27948439289030197,0.5407882253476938,-0.5290267627674378,2031,9,20,False,True,False,False,False,False,True,False
0.4728253463664166,-1.1485817128186306,-0.4929695479689182,-0.6720058234861235,0.4544030898332222,-0.6412229740125559,2031,9,21,False,False,True,False,True,False,False,True
-0.5171774726587443,0.7876347349148018,0.7891615587044045,-1.6234960398625489,0.9727139029200506,-0.04624418207480316,2031,9,22,False,True,False,False,False,True,True,False
0.4728253463664166,-0.9125298128920213,-0.2957186084807148,-0.6720058234861235,0.7135584963766364,-0.4467519967843411,2031,9,23,False,True,False,False,False,False,True,False
-1.507180291683905,-0.5499139155579533,-1.676475184898139,-0.037679012568506524,-1.7052252980285638,-0.9884811752213193,2031,9,24,False,True,False,False,False,False,False,True
-0.5171774726587443,0.22766881361205396,-1.5778497151540374,0.5966477983491104,-0.6686036718549063,0.0021433500456838855,2031,9,25,False,False,False,False,False,True,False,False
-1.0121788821713247,-0.7486820235311983,0.49328514947209934,-0.6720058234861235,1.3182544449779365,-0.9066729726029976,2031,9,26,False,False,True,False,False,True,True,False
-1.507180291683905,-0.4271905623295258,1.5781653166572187,1.2309746092667273,0.19524768328980804,-1.058907687335786,2031,9,27,False,False,True,True,False,False,False,True
-0.0221760631461638,1.0855505495405748,0.09878327049569227,-1.6234960398625489,-1.359684755970678,0.7075134896858725,2031,9,28,True,False,False,True,False,False,False,False
-1.0121788821713247,-1.1142522625414442,0.00015780075159044688,-0.354842418027315,-0.7549888073693778,-1.0089362953717205,2031,9,29,False,True,False,True,False,False,True,False
1.4628281653915773,-1.4495700427876288,-0.6902204874571217,0.27948439289030197,-0.7549888073693778,-0.7676616458665969,2031,9,30,False,True,False,False,True,False,False,False
0.4728253463664166,-0.5987196400484112,-0.8874714269453252,-0.037679012568506524,1.3182544449779365,-0.09334252595051706,2031,10,1,False,True,False,False,False,True,False,True
-1.0121788821713247,-0.2668288961465928,-1.676475184898139,-0.989169228944932,0.19524768328980804,-0.6102579001714322,2031,10,2,True,False,False,False,False,False,False,False
-0.0221760631461638,0.14205199183642014,-0.7888459572012234,0.27948439289030197,0.3680179543187507,0.21925492844877265,2031,10,3,False,False,True,False,False,True,False,False
-1.0121788821713247,-0.44639378322468176,-0.19709313873661294,-0.6720058234861235,-0.40944826531149214,-0.7699085168074874,2031,10,4,True,False,False,False,False,False,False,True
-1.507180291683905,0.9966839519211458,-1.0847223664335286,-0.354842418027315,-1.5324550269996209,-0.7054736605353951,2031,10,5,False,True,False,False,True,False,False,False
0.967826755878997,-1.5978189080982328,-1.4792242454099356,1.548138014725536,-1.4460698914851493,-0.9787079005276101,2031,10,6,False,True,False,False,False,True,True,False
-1.0121788821713247,-0.24130338406441626,0.6905360889603027,0.27948439289030197,-0.23667799428254913,-0.7574463637746799,2031,10,7,False,True,False,False,False,False,True,False
-0.5171774726587443,-0.4124188539486366,1.282288907424913,-1.3063326344037405,-1.1005293494272637,-0.6437890725188188,2031,10,8,True,False,False,False,False,False,False,False
1.4628281653915773,0.5046678891704881,1.479539846913117,-0.6720058234861235,-1.359684755970678,1.0175694015454664,2031,10,9,False,False,False,True,False,False,True,False
-0.0221760631461638,1.6062828133836808,0.3946596797279975,-0.6720058234861235,-0.8413739428838494,0.9726074267610911,2031,10,10,True,False,False,False,True,False,False,True
-1.0121788821713247,0.030436963310421446,-1.5778497151540374,-0.037679012568506524,0.8863287674055794,-0.49564292621945377,2031,10,11,False,False,True,False,False,True,True,False
-0.0221760631461638,1.6774824477795671,0.7891615587044045,1.548138014725536,-1.4460698914851493,0.9024141963290118,2031,10,12,True,False,False,True,False,False,False,False
0.967826755878997,-0.6889452348388824,-1.3805987756658338,0.27948439289030197,-0.150292858768078,0.1063220382066414,2031,10,13,True,False,False,False,True,False,False,False
-1.507180291683905,-1.62700780385887,0.49328514947209934,-0.6720058234861235,1.1454841739489936,-1.2189880333867658,2031,10,14,False,True,False,True,False,False,False,False
-0.5171774726587443,-1.1611081215256247,0.8877870284485064,1.2309746092667273,-0.7549888073693778,-0.9493389645133484,2031,10,15,False,False,False,False,False,True,True,False
0.4728253463664166,-0.3679264683053983,0.6905360889603027,-1.6234960398625489,-0.6686036718549063,-0.11691625385494119,2031,10,16,False,False,True,False,False,False,True,False
-1.0121788821713247,-0.6402576840154716,1.479539846913117,-1.6234960398625489,1.3182544449779365,-0.9210996029611738,2031,10,17,False,True,False,False,False,True,False,False
-1.507180291683905,-1.398223584455658,0.7891615587044045,-0.354842418027315,0.5407882253476938,-1.1850271316244547,2031,10,18,True,False,False,False,True,False,False,True
-0.0221760631461638,-0.23817178188766758,0.5919106192162009,-1.6234960398625489,1.0590990384345225,-0.24953075130061003,2031,10,19,True,False,False,False,False,True,False,False
0.967826755878997,-0.5649810581064602,-0.8874714269453252,-0.989169228944932,-0.6686036718549063,0.17631882090618387,2031,10,20,True,False,False,False,True,False,True,False
1.4628281653915773,-1.3098887683379405,1.3809143771690149,0.9138112038079189,1.7501801225502938,-0.7433757949317268,2031,10,21,False,False,False,True,False,False,True,False
-0.0221760631461638,-0.7101574080738393,-1.1833478361776304,-0.989169228944932,-1.186914484941735,-0.38128578991643003,2031,10,22,True,False,False,False,True,False,False,True
1.4628281653915773,1.330347300828671,1.3809143771690149,-0.989169228944932,1.5774098515213508,1.868102137547116,2031,10,23,True,False,False,False,False,False,False,True
0.967826755878997,-0.6896542768411651,-0.6902204874571217,0.9138112038079189,1.4046395804924077,0.006624813944181139,2031,10,24,False,True,False,False,False,False,True,False
1.4628281653915773,0.7341020637424593,-1.281973305921732,-0.354842418027315,0.19524768328980804,2.282361293534235,2031,10,25,False,True,False,False,False,False,False,False
0.967826755878997,0.38188544910853733,1.0850379679367095,0.5966477983491104,0.2816328188042792,0.7009570466124546,2031,10,26,False,True,False,True,False,False,True,False
-1.507180291683905,-0.25713865544872955,-1.7751006546422408,1.2309746092667273,0.9727139029200506,-0.925004001645344,2031,10,27,False,True,False,False,True,False,False,False
-1.0121788821713247,-0.9075074320425188,1.0850379679367095,0.9138112038079189,-0.6686036718549063,-0.9803040383544721,2031,10,28,False,False,True,True,False,False,False,True
0.4728253463664166,-0.4582111499293931,-0.8874714269453252,-0.037679012568506524,0.10886254777533654,0.03950525317753938,2031,10,29,False,False,True,False,False,True,True,False
-1.0121788821713247,0.31293111438654647,1.282288907424913,0.27948439289030197,1.4046395804924077,-0.637944752475847,2031,10,30,False,True,False,False,False,True,False,False
-0.5171774726587443,-0.5213158881325518,0.5919106192162009,0.27948439289030197,-1.4460698914851493,-0.6338561840424234,2031,10,31,False,False,True,False,False,True,True,False
-1.0121788821713247,-0.990938040977781,0.49328514947209934,0.27948439289030197,1.4046395804924077,-0.9841961590553588,2031,11,1,False,True,False,False,False,True,True,False
0.967826755878997,-1.3311600284064211,-0.4929695479689182,-0.6720058234861235,0.7999436318911078,-0.717456972220144,2031,11,2,False,True,False,False,False,False,False,False
0.967826755878997,1.30724434892096,-1.5778497151540374,-1.3063326344037405,0.9727139029200506,2.573607335003424,2031,11,3,False,True,False,False,True,False,True,False
-0.5171774726587443,-0.21175996730263788,1.0850379679367095,-1.3063326344037405,-1.4460698914851493,-0.5373880693835381,2031,11,4,True,False,False,False,False,False,False,False
-0.0221760631461638,0.42738231092167595,-1.1833478361776304,0.27948439289030197,-1.014144213912792,0.5074928640134909,2031,11,5,False,True,False,False,True,False,True,False
0.967826755878997,-0.03857645824509292,-0.4929695479689182,1.2309746092667273,1.4910247160068797,0.6846027728787601,2031,11,6,True,False,False,False,True,False,False,False
-0.5171774726587443,1.2823687920075428,0.2960342099838957,0.27948439289030197,-1.2732996204562066,0.2787540354408763,2031,11,7,True,False,False,True,False,False,True,False
0.967826755878997,0.15682370021730932,-0.09846766899251111,1.2309746092667273,0.4544030898332222,0.7978426127029805,2031,11,8,False,False,False,False,False,True,False,False
0.4728253463664166,-0.07184234551885536,-1.0847223664335286,0.27948439289030197,0.9727139029200506,0.4411794762990147,2031,11,9,False,True,False,False,True,False,False,False
0.967826755878997,1.4622291132532494,-1.281973305921732,0.5966477983491104,-0.9277590783983208,2.640117170450437,2031,11,10,False,True,False,False,False,True,False,True
-1.507180291683905,0.7539552398063742,-1.3805987756658338,-0.989169228944932,0.7135584963766364,-0.7363159545436831,2031,11,11,False,True,False,False,False,True,False,True
-0.5171774726587443,-1.3481179496276818,1.1836634376808113,1.548138014725536,-1.4460698914851493,-1.0433023705823887,2031,11,12,True,False,False,False,False,True,True,False
1.4628281653915773,-1.1194519038915172,-1.676475184898139,-0.354842418027315,0.022477412260865026,-0.23806311491377039,2031,11,13,False,True,False,False,False,False,True,False
-1.0121788821713247,0.987052798056806,1.5781653166572187,-0.037679012568506524,-0.5822185363404352,-0.47965699198426626,2031,11,14,False,False,True,False,False,True,False,False
-0.5171774726587443,1.155450273598943,-1.0847223664335286,0.5966477983491104,0.5407882253476938,0.47613489470729353,2031,11,15,True,False,False,False,True,False,False,False
-0.0221760631461638,0.15079684319790665,-1.3805987756658338,0.5966477983491104,1.4046395804924077,0.32419485157331035,2031,11,16,True,False,False,False,False,False,True,False
0.967826755878997,0.18282190696767453,0.1974087402397941,1.2309746092667273,-1.2732996204562066,0.7497497521812989,2031,11,17,True,False,False,False,False,True,True,False
-0.5171774726587443,0.4506034364964338,-1.4792242454099356,-0.989169228944932,-0.150292858768078,0.12417422590092915,2031,11,18,False,True,False,True,False,False,False,False
0.4728253463664166,-0.21589604564928677,0.2960342099838957,-0.6720058234861235,-0.23667799428254913,0.0683216799440411,2031,11,19,False,True,False,False,False,True,False,True
-0.5171774726587443,0.6174646543669583,1.1836634376808113,-0.037679012568506524,-0.5822185363404352,-0.18558701435985975,2031,11,20,False,True,False,False,False,True,False,True
0.4728253463664166,-1.3587535796619221,-1.5778497151540374,-0.6720058234861235,-0.06390772325360648,-0.7782207114904537,2031,11,21,True,False,False,False,False,False,True,False
0.967826755878997,1.5890294579948026,0.9864124981926082,1.2309746092667273,1.3182544449779365,1.8120654218409749,2031,11,22,False,True,False,False,True,False,True,False
-1.0121788821713247,0.8592479771453524,-0.3943440782248163,-0.6720058234861235,1.6637949870358226,-0.29182840371245417,2031,11,23,False,True,False,False,False,True,True,False
0.967826755878997,0.44800361582139736,-1.1833478361776304,-0.354842418027315,-1.7052252980285638,1.4105262565356187,2031,11,24,False,False,False,False,False,False,False,False
-0.0221760631461638,-0.6403167708489951,-1.1833478361776304,1.2309746092667273,0.8863287674055794,-0.3267101542210316,2031,11,25,False,True,False,False,False,False,False,False
-1.507180291683905,-1.1773570007446028,1.3809143771690149,0.27948439289030197,0.4544030898332222,-1.1591083089128718,2031,11,26,False,False,True,False,True,False,False,False
-1.0121788821713247,-0.3187662228137991,-1.3805987756658338,-1.3063326344037405,1.7501801225502938,-0.6503700715588038,2031,11,27,False,False,True,False,False,False,False,False
-1.0121788821713247,0.5530600058262811,1.1836634376808113,-1.3063326344037405,-1.359684755970678,-0.5592060456784138,2031,11,28,False,True,False,False,True,False,True,False
-1.507180291683905,0.45674846718288387,0.09878327049569227,1.2309746092667273,1.0590990384345225,-0.866646747098611,2031,11,29,False,True,False,True,False,False,True,False
-0.5171774726587443,-0.4110598567775948,-1.676475184898139,0.9138112038079189,1.4910247160068797,-0.37927220065792716,2031,11,30,False,True,False,False,False,True,False,True
0.967826755878997,0.3861397011222332,-0.19709313873661294,-0.6720058234861235,1.4046395804924077,1.0626787121292447,2031,12,1,False,False,True,False,False,False,True,False
-0.5171774726587443,1.0790509978529839,1.0850379679367095,-0.354842418027315,0.19524768328980804,0.03393104876680582,2031,12,2,True,False,False,True,False,False,True,False
-0.5171774726587443,-1.642843075243183,0.6905360889603027,-0.989169228944932,-0.5822185363404352,-1.1663154851003181,2031,12,3,False,False,True,False,False,False,False,False
0.967826755878997,-0.17613060668793296,-0.09846766899251111,-1.3063326344037405,0.5407882253476938,0.45329784579988286,2031,12,4,False,False,False,False,False,False,False,False
-0.0221760631461638,0.888259612405419,1.1836634376808113,1.2309746092667273,-0.6686036718549063,0.32685917394584174,2031,12,5,False,False,True,True,False,False,False,True
-1.0121788821713247,0.15404661904170233,-1.3805987756658338,0.5966477983491104,-0.3230631297970206,-0.46173113639027713,2031,12,6,False,True,False,False,False,False,True,False
0.4728253463664166,0.5181396872138593,1.3809143771690149,-0.6720058234861235,-0.150292858768078,0.40331417585253365,2031,12,7,False,True,False,False,False,False,False,False
-1.507180291683905,0.05224000488061389,1.1836634376808113,-1.6234960398625489,-0.6686036718549063,-0.9775783260655231,2031,12,8,False,False,True,True,False,False,False,False
-1.0121788821713247,1.694794890001969,0.6905360889603027,-0.037679012568506524,-0.49583340082596367,-0.15397120740470768,2031,12,9,False,True,False,False,False,False,False,True
-0.5171774726587443,-1.5449361920946496,1.0850379679367095,-0.037679012568506524,-1.7052252980285638,-1.1274679459911527,2031,12,10,False,True,False,False,True,False,False,False
-1.507180291683905,-0.03639024540472129,0.09878327049569227,-1.3063326344037405,-0.6686036718549063,-0.9496459140954373,2031,12,11,False,False,True,False,False,False,False,True
0.4728253463664166,-1.4177222395184317,0.5919106192162009,-1.3063326344037405,-0.06390772325360648,-0.9307500978220473,2031,12,12,True,False,False,False,False,True,True,False
-1.0121788821713247,-1.1814339922577282,0.1974087402397941,0.5966477983491104,-1.1005293494272637,-1.0371633789406116,2031,12,13,False,False,False,False,False,False,False,False
-1.0121788821713247,-0.40970085960655295,-0.59159501771302,1.548138014725536,1.0590990384345225,-0.7336147982213013,2031,12,14,False,False,True,False,False,True,True,False
-0.0221760631461638,-1.1960875269715703,0.1974087402397941,0.27948439289030197,0.19524768328980804,-0.8338154197983871,2031,12,15,False,True,False,False,False,True,True,False
-1.0121788821713247,1.5973607015216238,-0.8874714269453252,-1.3063326344037405,1.0590990384345225,0.04304131236320284,2031,12,16,False,False,False,False,False,False,True,False
-1.0121788821713247,1.5389238231668263,-0.2957186084807148,1.2309746092667273,-1.2732996204562066,-0.0628685714407355,2031,12,17,False,True,False,True,False,False,False,False
0.4728253463664166,-0.5719533044622399,-0.7888459572012234,-1.6234960398625489,1.1454841739489936,-0.08102770871711225,2031,12,18,False,True,False,False,True,False,True,False
0.4728253463664166,0.4776061194166992,-1.3805987756658338,1.548138014725536,1.5774098515213508,1.0437706178725714,2031,12,19,True,False,False,False,True,False,False,True
-1.507180291683905,0.11126775157064717,-0.6902204874571217,0.5966477983491104,-0.49583340082596367,-0.8926515156931787,2031,12,20,False,True,False,False,False,False,False,False
-0.5171774726587443,1.0854323758735278,1.1836634376808113,1.2309746092667273,-0.7549888073693778,0.018620403612213704,2031,12,21,True,False,False,True,False,False,True,False
0.4728253463664166,0.43512268611326194,-0.4929695479689182,-1.3063326344037405,0.5407882253476938,0.7903039309668785,2031,12,22,False,True,False,True,False,False,False,False
-1.507180291683905,-1.7328323226995603,0.7891615587044045,-0.354842418027315,0.4544030898332222,-1.2364841595658305,2031,12,23,True,False,False,False,True,False,True,False
-1.0121788821713247,0.9042721442903027,-1.1833478361776304,-0.037679012568506524,-1.359684755970678,-0.18508361704523404,2031,12,24,True,False,False,True,False,False,True,False
-1.507180291683905,0.8478442182753062,-0.2957186084807148,1.2309746092667273,1.4910247160068797,-0.7786258849388109,2031,12,25,False,False,True,False,False,False,False,False
-1.507180291683905,0.028191663636526317,-1.3805987756658338,-1.6234960398625489,-0.06390772325360648,-0.8810979334233543,2031,12,26,False,False,True,False,False,False,False,True
-1.507180291683905,1.3873070083453798,-1.281973305921732,-1.3063326344037405,0.9727139029200506,-0.6166424514788805,2031,12,27,False,True,False,True,False,False,False,False
0.967826755878997,1.4063920555734888,0.3946596797279975,1.2309746092667273,-0.49583340082596367,1.8896499982097539,2031,12,28,True,False,False,False,False,False,False,True
-1.507180291683905,0.07723373546107852,0.2960342099838957,-0.6720058234861235,-0.8413739428838494,-0.9384115593909852,2031,12,29,True,False,False,False,False,True,False,False
0.4728253463664166,0.36782278272993085,-1.0847223664335286,-1.3063326344037405,-1.359684755970678,0.8660099758932734,2031,12,30,False,True,False,False,True,False,True,False
1.4628281653915773,1.7108665087203767,-0.09846766899251111,1.548138014725536,-0.7549888073693778,2.749223934151831,2031,12,31,False,False,True,False,False,False,False,False
1.4628281653915773,-0.7008216883771172,1.1836634376808113,-0.037679012568506524,1.7501801225502938,-0.10830938757316956,2032,1,1,False,False,True,True,False,False,False,False
1.4628281653915773,-0.61165965659007,-1.1833478361776304,-0.6720058234861235,0.5407882253476938,0.40511903939521615,2032,1,2,False,True,False,False,True,False,True,False
1.4628281653915773,-1.1019622011685442,-1.676475184898139,1.548138014725536,1.0590990384345225,-0.2128686932159172,2032,1,3,True,False,False,False,False,False,False,True
0.967826755878997,1.3629041461001508,0.49328514947209934,-0.989169228944932,1.5774098515213508,1.8076453478588956,2032,1,4,False,True,False,False,True,False,False,False
-0.5171774726587443,0.8396902352490551,-1.5778497151540374,-0.037679012568506524,-1.4460698914851493,0.37604477497975974,2032,1,5,True,False,False,True,False,False,True,False
-1.507180291683905,-1.3685619940268325,1.5781653166572187,0.9138112038079189,-1.1005293494272637,-1.1880106815623586,2032,1,6,False,True,False,False,False,True,False,True
-0.0221760631461638,1.6598154845560236,0.2960342099838957,0.5966477983491104,1.4910247160068797,1.036256492103036,2032,1,7,False,False,False,False,False,True,True,False
1.4628281653915773,0.7928934630983984,-0.19709313873661294,-1.3063326344037405,0.2816328188042792,1.9451587606347025,2032,1,8,False,False,True,False,False,False,False,True
-1.0121788821713247,1.2062058635956776,-0.2957186084807148,-0.989169228944932,0.4544030898332222,-0.18040570541419984,2032,1,9,True,False,False,False,False,True,True,False
1.4628281653915773,-1.5672710151665539,0.1974087402397941,-1.3063326344037405,-0.23667799428254913,-0.953427532946772,2032,1,10,True,False,False,False,False,False,False,False
1.4628281653915773,0.011706437083453852,-1.4792242454099356,1.2309746092667273,1.1454841739489936,1.3374845339817545,2032,1,11,False,False,False,False,True,False,False,False
-1.0121788821713247,0.6810420872383053,1.479539846913117,0.27948439289030197,0.10886254777533654,-0.5531898338694723,2032,1,12,True,False,False,False,False,False,False,False
0.967826755878997,0.1429973811727972,0.3946596797279975,0.9138112038079189,1.1454841739489936,0.6610167669910528,2032,1,13,False,True,False,False,False,False,True,False
-1.0121788821713247,0.5706087953827776,-1.1833478361776304,-1.6234960398625489,1.7501801225502938,-0.31542668758344533,2032,1,14,True,False,False,False,False,False,True,False
-1.0121788821713247,1.0933500115656845,0.1974087402397941,1.548138014725536,0.5407882253476938,-0.28085188665695676,2032,1,15,False,False,True,False,False,True,True,False
0.967826755878997,-0.43977605787004337,-1.281973305921732,-0.989169228944932,0.10886254777533654,0.3873159636340626,2032,1,16,True,False,False,False,False,False,False,True
-1.0121788821713247,1.1997653987416104,-1.676475184898139,-0.037679012568506524,-0.40944826531149214,-0.0068441337178777074,2032,1,17,False,False,True,True,False,False,True,False
-1.507180291683905,-1.1705620148893938,0.3946596797279975,-0.6720058234861235,-1.014144213912792,-1.1446080106549945,2032,1,18,False,False,False,False,False,False,False,False
1.4628281653915773,-0.7973695743546091,0.49328514947209934,1.2309746092667273,0.5407882253476938,-0.1022563418143774,2032,1,19,False,False,False,False,True,False,False,True
-0.5171774726587443,-1.5838744153866733,0.1974087402397941,1.2309746092667273,-1.4460698914851493,-1.1313232327421887,2032,1,20,False,False,False,True,False,False,False,True
0.967826755878997,-0.4740464213137064,-1.1833478361776304,-1.6234960398625489,1.5774098515213508,0.3299163917834467,2032,1,21,False,True,False,False,True,False,True,False
-0.0221760631461638,-0.4205137501413639,0.2960342099838957,0.9138112038079189,0.5407882253476938,-0.32975509407535303,2032,1,22,True,False,False,False,True,False,False,True
0.967826755878997,1.0497439284252994,-1.5778497151540374,0.27948439289030197,1.5774098515213508,2.2589840133623476,2032,1,23,False,False,True,False,True,False,True,False
0.4728253463664166,0.5238711100656441,0.2960342099838957,1.548138014725536,-0.7549888073693778,0.6755170652489303,2032,1,24,False,False,True,True,False,False,False,False
-0.0221760631461638,-0.22416820234258458,0.09878327049569227,0.27948439289030197,1.5774098515213508,-0.17425443578913918,2032,1,25,True,False,False,True,False,False,False,False
0.4728253463664166,0.5203849868877544,0.49328514947209934,-1.6234960398625489,0.3680179543187507,0.6239740914245697,2032,1,26,False,True,False,False,False,True,True,False
0.967826755878997,-1.55125848328167,1.282288907424913,0.9138112038079189,1.0590990384345225,-1.0170397643388664,2032,1,27,False,False,True,True,False,False,True,False
0.4728253463664166,-1.1105888788629836,1.1836634376808113,0.5966477983491104,-1.1005293494272637,-0.7325957256087662,2032,1,28,False,False,True,False,False,False,False,False
-0.0221760631461638,0.43335008110755513,1.5781653166572187,1.548138014725536,0.022477412260865026,-0.012811233593685063,2032,1,29,False,True,False,False,True,False,True,False
-1.507180291683905,0.48321936860143705,1.5781653166572187,1.2309746092667273,0.2816328188042792,-0.9340528753253236,2032,1,30,True,False,False,False,False,True,False,True
0.967826755878997,0.9421468045789028,0.8877870284485064,-0.354842418027315,-0.3230631297970206,1.2658425015222157,2032,1,31,False,True,False,True,False,False,True,False
0.967826755878997,-0.34074652488456225,1.479539846913117,-0.6720058234861235,-0.8413739428838494,-0.012614785861148236,2032,2,1,False,True,False,False,True,False,False,True
-1.0121788821713247,0.7638227410048083,1.1836634376808113,-1.6234960398625489,1.4046395804924077,-0.49788979716034426,2032,2,2,False,True,False,True,False,False,False,False
0.967826755878997,0.6305228445756642,0.6905360889603027,0.9138112038079189,-1.4460698914851493,1.0433777224074974,2032,2,3,True,False,False,False,False,True,False,True
1.4628281653915773,1.5963562253517236,-1.4792242454099356,0.5966477983491104,-1.186914484941735,2.749223934151831,2032,2,4,True,False,False,True,False,False,False,False
1.4628281653915773,-0.9901108253084514,-1.5778497151540374,-1.3063326344037405,-0.5822185363404352,-0.06391220001983763,2032,2,5,True,False,False,True,False,False,False,True
0.967826755878997,0.1731907531033348,1.0850379679367095,-0.6720058234861235,1.4910247160068797,0.516222510128098,2032,2,6,False,False,True,False,True,False,True,False
-1.507180291683905,0.3463151753273559,-0.09846766899251111,-0.6720058234861235,0.2816328188042792,-0.8762235740597832,2032,2,7,False,False,True,False,False,False,False,False
-1.0121788821713247,1.7181932760772978,1.0850379679367095,0.27948439289030197,-0.40944826531149214,-0.2055387371956353,2032,2,8,False,True,False,True,False,False,True,False
-0.5171774726587443,-1.0383256814636737,-0.6902204874571217,-0.989169228944932,-0.3230631297970206,-0.8152633870569367,2032,2,9,False,True,False,False,False,True,True,False
0.4728253463664166,0.07481117528661253,-0.3943440782248163,0.5966477983491104,1.2318693094634654,0.4448997052339319,2032,2,10,False,False,False,True,False,False,False,False
-0.0221760631461638,-0.5370920726833414,0.6905360889603027,1.548138014725536,-1.6188401625140922,-0.44903570167508217,2032,2,11,False,True,False,True,False,False,False,False
-0.5171774726587443,0.08408780814981091,1.3809143771690149,0.27948439289030197,-1.7052252980285638,-0.44209864111987396,2032,2,12,False,False,False,False,False,False,True,False
-1.0121788821713247,-0.9313194259525123,-1.4792242454099356,1.2309746092667273,-1.5324550269996209,-0.8910553778663166,2032,2,13,False,False,True,False,True,False,False,False
1.4628281653915773,-1.5691617938393077,1.1836634376808113,-0.6720058234861235,-0.06390772325360648,-0.9924592418051907,2032,2,14,True,False,False,False,False,True,False,False
1.4628281653915773,0.245394863669121,0.9864124981926082,0.9138112038079189,0.2816328188042792,0.9152815228101765,2032,2,15,False,False,False,False,True,False,True,False
1.4628281653915773,-0.5728396069650933,-0.6902204874571217,-0.037679012568506524,0.4544030898332222,0.3673274068484364,2032,2,16,False,True,False,False,True,False,False,False
-1.507180291683905,-1.104798369177675,-0.59159501771302,-0.989169228944932,0.7999436318911078,-1.119032971475351,2032,2,17,False,True,False,False,True,False,False,False
1.4628281653915773,-0.6140231299310124,-1.5778497151540374,0.27948439289030197,-1.014144213912792,0.4721936620732726,2032,2,18,True,False,False,True,False,False,True,False
-0.0221760631461638,-1.5633712841539993,-1.676475184898139,-0.037679012568506524,-0.8413739428838494,-1.0371388229740444,2032,2,19,True,False,False,False,False,False,False,False
0.4728253463664166,1.5515684055408674,-0.09846766899251111,0.5966477983491104,-0.8413739428838494,1.6592536418938595,2032,2,20,False,False,False,True,False,False,False,False
0.967826755878997,0.27505645409794677,-1.4792242454099356,-0.354842418027315,-1.186914484941735,1.286297621672617,2032,2,21,False,True,False,False,False,True,False,True
0.967826755878997,1.0825962078643971,-1.0847223664335286,-0.037679012568506524,-0.8413739428838494,2.118032765267145,2032,2,22,True,False,False,False,False,False,True,False
-0.5171774726587443,-0.27120132182733603,1.1836634376808113,-1.6234960398625489,0.4544030898332222,-0.5733748383876355,2032,2,23,True,False,False,False,True,False,False,True
0.4728253463664166,1.3886660055164217,0.1974087402397941,0.5966477983491104,-0.40944826531149214,1.4186911154191821,2032,2,24,False,False,True,False,False,False,True,False
-1.0121788821713247,-0.06309749415736886,0.3946596797279975,-1.6234960398625489,0.9727139029200506,-0.6799722892554529,2032,2,25,False,True,False,False,False,True,True,False
0.4728253463664166,0.2501808971845291,-1.0847223664335286,-0.989169228944932,0.10886254777533654,0.7523281286708452,2032,2,26,True,False,False,True,False,False,True,False
-1.507180291683905,-0.033790424729684805,1.0850379679367095,-1.3063326344037405,-1.014144213912792,-0.9863693620965479,2032,2,27,False,False,True,True,False,False,False,True
-0.5171774726587443,0.8009292724576021,1.1836634376808113,-0.037679012568506524,-0.06390772325360648,-0.10552228536780278,2032,2,28,False,True,False,False,True,False,False,False
-0.5171774726587443,0.2249508192699705,0.00015780075159044688,0.5966477983491104,0.3680179543187507,-0.20370931768638573,2032,2,29,False,False,True,True,False,False,True,False
-1.507180291683905,-0.7948879273466197,1.3809143771690149,0.5966477983491104,1.3182544449779365,-1.1050606264986662,2032,3,1,True,False,False,True,False,False,True,False
0.4728253463664166,-1.230653324582851,1.1836634376808113,0.27948439289030197,1.1454841739489936,-0.8199167427214037,2032,3,2,False,False,True,False,False,True,True,False
1.4628281653915773,0.36138231787586295,0.7891615587044045,0.27948439289030197,-0.23667799428254913,1.1002738969434878,2032,3,3,False,False,True,False,False,False,True,False
-1.507180291683905,-0.04283071025878883,0.7891615587044045,0.5966477983491104,0.5407882253476938,-0.9766083653861223,2032,3,4,False,True,False,True,False,False,False,False
1.4628281653915773,-1.4019460549676421,-1.3805987756658338,-0.354842418027315,-0.6686036718549063,-0.663200564090118,2032,3,5,True,False,False,False,False,True,False,False
-0.0221760631461638,-0.36621295013321525,-0.8874714269453252,-0.989169228944932,0.4544030898332222,-0.14886356635874917,2032,3,6,False,False,False,False,False,True,False,True
-1.507180291683905,0.0456222795259755,-1.5778497151540374,-1.3063326344037405,1.4910247160068797,-0.8698513007356186,2032,3,7,True,False,False,False,True,False,False,True
1.4628281653915773,1.124488772832599,-1.7751006546422408,-0.989169228944932,0.4544030898332222,2.749223934151831,2032,3,8,False,False,False,False,False,True,False,False
0.4728253463664166,-1.4706640423555386,-1.1833478361776304,1.548138014725536,-0.6686036718549063,-0.9067834744525496,2032,3,9,True,False,False,False,True,False,True,False
1.4628281653915773,-0.5291153501576612,1.282288907424913,1.548138014725536,0.5407882253476938,0.04770694601095366,2032,3,10,False,True,False,True,False,False,True,False
-1.507180291683905,1.1098352381187568,-0.9860968966894269,-0.989169228944932,1.4046395804924077,-0.6896964520160278,2032,3,11,True,False,False,False,True,False,False,False
-1.0121788821713247,0.507622230846666,1.5781653166572187,0.27948439289030197,-1.2732996204562066,-0.6111541929511317,2032,3,12,False,False,False,False,False,True,False,False
0.967826755878997,-0.7314286681423198,0.2960342099838957,-1.6234960398625489,-0.06390772325360648,-0.1757400717664493,2032,3,13,False,True,False,False,False,False,False,False
-1.507180291683905,1.1882434662045165,-0.9860968966894269,0.27948439289030197,-0.5822185363404352,-0.6747050344268082,2032,3,14,False,False,False,False,False,False,False,True
0.967826755878997,-0.028590783379611837,-0.09846766899251111,-0.037679012568506524,-0.8413739428838494,0.6059745679308791,2032,3,15,False,False,False,True,False,False,False,True
-1.507180291683905,-0.011101080656638814,-0.9860968966894269,1.548138014725536,-0.3230631297970206,-0.9039840942638993,2032,3,16,True,False,False,True,False,False,True,False
0.4728253463664166,1.6419121739983855,1.5781653166572187,1.2309746092667273,-0.3230631297970206,1.1252841488920875,2032,3,17,False,True,False,False,False,False,True,False
-0.0221760631461638,1.5400464730037735,1.1836634376808113,-1.3063326344037405,-1.014144213912792,0.70608924362498,2032,3,18,False,False,True,False,True,False,False,True
-0.0221760631461638,-0.49443137887933336,-1.676475184898139,1.2309746092667273,-0.3230631297970206,-0.15754410054022192,2032,3,19,False,True,False,True,False,False,False,True
0.967826755878997,-1.2477885063046823,1.479539846913117,-1.6234960398625489,0.4544030898332222,-0.7703014122725612,2032,3,20,False,False,True,False,False,True,True,False
0.4728253463664166,-0.6079962729116095,0.6905360889603027,0.9138112038079189,-1.6188401625140922,-0.3039836071631728,2032,3,21,True,False,False,True,False,False,False,False
1.4628281653915773,-1.6283668010299117,-1.4792242454099356,-1.3063326344037405,1.7501801225502938,-0.9765469754697046,2032,3,22,True,False,False,False,True,False,False,False
0.4728253463664166,-1.661928122471292,0.49328514947209934,-0.6720058234861235,-0.6686036718549063,-1.1219060195637027,2032,3,23,False,False,True,True,False,False,False,False
0.4728253463664166,-0.36656747113435656,0.49328514947209934,0.9138112038079189,0.4544030898332222,-0.08560739648187798,2032,3,24,True,False,False,False,False,True,True,False
-1.0121788821713247,1.5190115602693877,-0.9860968966894269,0.9138112038079189,-0.7549888073693778,0.027300937793686444,2032,3,25,True,False,False,False,False,True,False,True
-0.5171774726587443,1.2781736268273702,0.8877870284485064,1.548138014725536,-0.3230631297970206,0.16071350415278643,2032,3,26,True,False,False,False,False,True,False,False
-1.507180291683905,0.034100346988881994,-1.4792242454099356,-1.6234960398625489,0.19524768328980804,-0.876063960277097,2032,3,27,True,False,False,False,True,False,True,False
0.4728253463664166,0.22004661208751536,-0.09846766899251111,-1.3063326344037405,0.3680179543187507,0.5110166452158711,2032,3,28,True,False,False,False,True,False,False,False
0.4728253463664166,-1.7132154939697395,-1.7751006546422408,-1.3063326344037405,0.9727139029200506,-1.1368606032030717,2032,3,29,False,False,True,False,False,True,False,False
0.4728253463664166,-0.9888109149709331,1.5781653166572187,-1.3063326344037405,1.0590990384345225,-0.6786708230273962,2032,3,30,True,False,False,False,False,True,False,True
-0.0221760631461638,-1.6481018034267796,0.7891615587044045,0.5966477983491104,0.10886254777533654,-1.1430732627445501,2032,3,31,True,False,False,False,True,False,True,False
0.4728253463664166,0.8744332933609068,-1.1833478361776304,0.5966477983491104,-1.4460698914851493,1.3835392492783665,2032,4,1,False,False,True,False,True,False,False,True
-1.507180291683905,-1.2302988035817097,-0.59159501771302,1.2309746092667273,0.19524768328980804,-1.1419805222323138,2032,4,2,False,True,False,False,True,False,True,False
1.4628281653915773,1.2701969043016899,-1.1833478361776304,0.5966477983491104,-0.06390772325360648,2.749223934151831,2032,4,3,False,True,False,False,False,False,False,False
1.4628281653915773,0.48995526762312247,0.8877870284485064,-0.6720058234861235,-0.9277590783983208,1.2050419283020555,2032,4,4,False,False,False,False,True,False,False,False
0.4728253463664166,-0.9407142324827578,-1.5778497151540374,0.5966477983491104,-1.7052252980285638,-0.3525675870161968,2032,4,5,False,False,True,False,False,True,True,False
-1.507180291683905,-1.1885244122805552,1.0850379679367095,0.27948439289030197,-0.5822185363404352,-1.156738658139146,2032,4,6,True,False,False,False,False,False,False,False
-1.0121788821713247,0.43571355444849763,1.479539846913117,0.5966477983491104,-0.8413739428838494,-0.6215045328591678,2032,4,7,True,False,False,False,True,False,False,True
1.4628281653915773,1.3800984146555055,0.5919106192162009,-1.6234960398625489,-0.06390772325360648,2.2899736431700384,2032,4,8,False,True,False,False,False,True,False,False
-0.5171774726587443,0.7493464667915369,-1.0847223664335286,-0.989169228944932,0.8863287674055794,0.24069228726185832,2032,4,9,True,False,False,True,False,False,False,False
-0.0221760631461638,-0.5289380896570905,-0.4929695479689182,1.2309746092667273,-0.150292858768078,-0.31494784623538674,2032,4,10,True,False,False,False,False,False,True,False
-1.507180291683905,0.29662314833404485,-0.09846766899251111,-0.037679012568506524,1.5774098515213508,-0.8847936063917041,2032,4,11,True,False,False,False,False,True,True,False
1.4628281653915773,-0.659519991744151,0.2960342099838957,-1.6234960398625489,-0.9277590783983208,0.08596514192250836,2032,4,12,True,False,False,True,False,False,True,False
1.4628281653915773,1.7199067942494806,0.49328514947209934,-0.6720058234861235,-0.9277590783983208,2.7171369595881725,2032,4,13,False,True,False,False,False,True,False,True
0.967826755878997,0.8546982909640386,0.09878327049569227,0.9138112038079189,0.3680179543187507,1.4532659163456707,2032,4,14,False,True,False,False,True,False,False,False
-1.0121788821713247,0.3899212584677411,-0.59159501771302,0.27948439289030197,1.4046395804924077,-0.4411777923736074,2032,4,15,False,False,False,False,True,False,False,True
-0.5171774726587443,-0.2706695403256238,1.282288907424913,-1.6234960398625489,0.6271733608621652,-0.5828166075326886,2032,4,16,True,False,False,True,False,False,True,False
-0.5171774726587443,0.402979448676447,-1.4792242454099356,-0.037679012568506524,0.6271733608621652,0.09537007711771096,2032,4,17,True,False,False,False,True,False,False,False
-0.5171774726587443,-0.5528682572341311,-0.19709313873661294,-0.037679012568506524,1.0590990384345225,-0.5854932078885035,2032,4,18,False,True,False,False,False,True,True,False
-1.507180291683905,-1.633920963381126,0.8877870284485064,-1.3063326344037405,0.6271733608621652,-1.2216646337425805,2032,4,19,False,True,False,True,False,False,False,False
-1.0121788821713247,-0.3680446419724455,-1.5778497151540374,-0.037679012568506524,0.8863287674055794,-0.6579455872447568,2032,4,20,False,False,True,False,False,True,True,False
0.4728253463664166,1.4825549839853533,0.6905360889603027,1.2309746092667273,1.3182544449779365,1.3250469369155138,2032,4,21,True,False,False,False,False,True,True,False
0.967826755878997,0.4311638682671835,1.0850379679367095,-1.3063326344037405,-1.7052252980285638,0.7445807212189226,2032,4,22,True,False,False,False,False,True,False,False
-1.0121788821713247,-1.443543185768226,0.49328514947209934,0.5966477983491104,1.3182544449779365,-1.1290272498681642,2032,4,23,False,True,False,False,True,False,True,False
-1.0121788821713247,1.3253249199791686,-1.7751006546422408,0.27948439289030197,-0.9277590783983208,0.05789767213630359,2032,4,24,False,False,True,False,True,False,False,False
1.4628281653915773,-0.8043418207103888,-1.1833478361776304,-0.037679012568506524,1.4046395804924077,0.14167035207999387,2032,4,25,False,True,False,False,False,True,False,False
-1.0121788821713247,-0.8910812923229701,-0.59159501771302,1.2309746092667273,-0.7549888073693778,-0.9096688005241849,2032,4,26,False,True,False,False,False,False,False,False
-1.507180291683905,-0.7067894585629965,-0.9860968966894269,-0.037679012568506524,-0.150292858768078,-1.0369792091913583,2032,4,27,True,False,False,False,False,True,False,True
0.967826755878997,0.2614073955540051,1.5781653166572187,0.9138112038079189,1.4910247160068797,0.4644094206714993,2032,4,28,False,True,False,False,False,True,True,False
-1.507180291683905,0.14902423819219987,0.49328514947209934,0.9138112038079189,-1.359684755970678,-0.9348263882721874,2032,4,29,False,True,False,True,False,False,False,False
0.967826755878997,-0.03509033506720288,-0.7888459572012234,1.2309746092667273,0.8863287674055794,0.7552257327257642,2032,4,30,True,False,False,False,False,True,False,True
0.967826755878997,0.7465102987824062,1.479539846913117,1.2309746092667273,-0.3230631297970206,0.8956244715732062,2032,5,1,False,False,True,False,True,False,False,False
1.4628281653915773,-0.6396077288467126,0.7891615587044045,-1.3063326344037405,-1.6188401625140922,0.02283175187847287,2032,5,2,False,False,True,True,False,False,True,False
-1.507180291683905,0.969563095333833,-0.7888459572012234,-0.989169228944932,1.5774098515213508,-0.7281142617102689,2032,5,3,True,False,False,False,False,False,False,True
0.967826755878997,-1.1277240605848151,-0.4929695479689182,1.2309746092667273,-1.2732996204562066,-0.49679705664810797,2032,5,4,False,True,False,True,False,False,True,False
-1.0121788821713247,0.9714538740065868,-1.0847223664335286,0.27948439289030197,0.9727139029200506,-0.17044826097123736,2032,5,5,False,True,False,False,False,False,True,False
-1.507180291683905,0.5608003810178671,1.5781653166572187,1.548138014725536,-0.40944826531149214,-0.923407863818482,2032,5,6,False,False,False,True,False,False,True,False
0.967826755878997,0.6278639370671042,0.00015780075159044688,1.2309746092667273,1.0590990384345225,1.254743204633883,2032,5,7,True,False,False,True,False,False,True,False
-0.5171774726587443,-0.06918343801029538,1.282288907424913,0.9138112038079189,0.8863287674055794,-0.4961463235340795,2032,5,8,False,False,True,False,False,False,True,False
-1.507180291683905,0.5718496188867722,-0.59159501771302,-0.037679012568506524,0.4544030898332222,-0.8124394509017191,2032,5,9,False,True,False,False,True,False,True,False
1.4628281653915773,-1.4579012863144503,1.1836634376808113,1.548138014725536,1.5774098515213508,-0.8791702900478362,2032,5,10,True,False,False,False,True,False,True,False
-0.0221760631461638,1.209751073607091,-1.5778497151540374,-1.6234960398625489,-1.359684755970678,1.2195790605097836,2032,5,11,False,True,False,False,True,False,True,False
-1.507180291683905,-1.541686416250854,1.5781653166572187,1.548138014725536,1.0590990384345225,-1.2117563012327524,2032,5,12,True,False,False,True,False,False,True,False
-1.507180291683905,-1.219604086713946,1.3809143771690149,0.27948439289030197,0.6271733608621652,-1.1650754087886792,2032,5,13,False,False,False,False,False,True,False,False
-1.507180291683905,0.2599893115494397,-0.4929695479689182,1.548138014725536,-0.5822185363404352,-0.8737925333696395,2032,5,14,False,False,False,True,False,False,True,False
0.967826755878997,0.8221414456925589,0.8877870284485064,-1.6234960398625489,0.19524768328980804,1.1566175622317176,2032,5,15,True,False,False,False,False,True,True,False
-1.507180291683905,-1.4701322608538265,0.7891615587044045,-0.354842418027315,0.5407882253476938,-1.196089594562937,2032,5,16,True,False,False,False,False,True,True,False
-0.0221760631461638,1.4489936625439728,1.3809143771690149,0.9138112038079189,0.7999436318911078,0.5987305577935823,2032,5,17,False,False,False,False,True,False,True,False
0.4728253463664166,1.6316310649652865,-0.6902204874571217,1.2309746092667273,-1.1005293494272637,1.9436117347409745,2032,5,18,False,False,True,False,False,True,True,False
-1.507180291683905,0.3607914495406276,-0.19709313873661294,1.548138014725536,-1.359684755970678,-0.8691882896383066,2032,5,19,False,True,False,True,False,False,True,False
-0.5171774726587443,-0.07024700101371943,1.1836634376808113,1.2309746092667273,-1.359684755970678,-0.48568548177649135,2032,5,20,True,False,False,True,False,False,False,False
-0.0221760631461638,0.8289955183812916,0.8877870284485064,0.9138112038079189,-0.6686036718549063,0.35848725888427735,2032,5,21,False,True,False,False,True,False,False,False
0.4728253463664166,-0.5987196400484112,-0.3943440782248163,-1.6234960398625489,-1.186914484941735,-0.15690564540947713,2032,5,22,True,False,False,False,False,False,False,True
0.967826755878997,-0.028708957046658844,1.1836634376808113,-0.037679012568506524,0.10886254777533654,0.3151336999100475,2032,5,23,True,False,False,True,False,False,False,False
-1.507180291683905,1.4330402174926127,-1.5778497151540374,-0.989169228944932,-0.23667799428254913,-0.5873226273977531,2032,5,24,True,False,False,False,False,True,False,False
0.4728253463664166,1.5695898897655518,0.8877870284485064,0.9138112038079189,1.4046395804924077,1.3223826145429831,2032,5,25,True,False,False,True,False,False,True,False
-0.5171774726587443,1.4707967041141654,-1.0847223664335286,-0.989169228944932,0.7999436318911078,0.6589540657994156,2032,5,26,False,True,False,True,False,False,False,False
-0.0221760631461638,-0.8265584701152461,-0.7888459572012234,-1.3063326344037405,-1.014144213912792,-0.505330255030178,2032,5,27,True,False,False,True,False,False,True,False
-0.0221760631461638,-0.9301967761155647,-0.09846766899251111,0.5966477983491104,-1.5324550269996209,-0.6347647548054063,2032,5,28,False,False,True,False,False,False,False,False
0.967826755878997,-0.7048395930567192,-0.19709313873661294,-0.989169228944932,0.7135584963766364,-0.07988585627174163,2032,5,29,False,False,True,False,False,True,True,False
0.967826755878997,-0.20827384412474784,0.00015780075159044688,-0.354842418027315,1.2318693094634654,0.3999131744829892,2032,5,30,False,True,False,False,True,False,False,False
0.967826755878997,-0.6477617118729634,0.09878327049569227,-0.037679012568506524,0.7135584963766364,-0.06404725783595674,2032,5,31,False,False,False,True,False,False,False,True
0.4728253463664166,-0.44024875253823187,-0.59159501771302,1.2309746092667273,0.5407882253476938,0.013402260716703172,2032,6,1,False,False,False,False,False,True,False,True
-1.507180291683905,0.4115470395373627,-1.1833478361776304,1.2309746092667273,-0.8413739428838494,-0.8139005309124622,2032,6,2,False,True,False,False,False,True,True,False
-1.0121788821713247,0.9020268446164076,0.8877870284485064,-1.6234960398625489,0.022477412260865026,-0.4237185001443934,2032,6,3,False,True,False,False,True,False,True,False
-0.0221760631461638,0.8087878213162351,-0.3943440782248163,0.27948439289030197,0.7999436318911078,0.6305305344979876,2032,6,4,False,False,True,True,False,False,False,True
-1.0121788821713247,1.081414471193926,0.00015780075159044688,1.548138014725536,-1.014144213912792,-0.2606914381053607,2032,6,5,False,False,True,False,False,False,False,False
1.4628281653915773,-1.622458117677556,0.49328514947209934,0.27948439289030197,-0.06390772325360648,-1.0263710316343675,2032,6,6,False,False,False,False,False,True,False,False
-0.0221760631461638,-1.5687481860046428,1.3809143771690149,-0.354842418027315,-1.2732996204562066,-1.1069146019744829,2032,6,7,False,False,False,False,True,False,False,False
0.967826755878997,0.9948522600819154,0.6905360889603027,0.9138112038079189,0.10886254777533654,1.384067202559559,2032,6,8,True,False,False,False,False,False,False,False
-1.507180291683905,0.10890427822970503,-1.5778497151540374,1.548138014725536,0.2816328188042792,-0.8569716962711702,2032,6,9,True,False,False,False,False,True,False,True
-1.507180291683905,0.2646571713978005,1.0850379679367095,-1.3063326344037405,0.10886254777533654,-0.9423405140417226,2032,6,10,False,True,False,True,False,False,False,False
-0.0221760631461638,-1.5519675252839529,1.6767907864013198,-0.354842418027315,-0.06390772325360648,-1.1041643337189668,2032,6,11,False,True,False,False,False,True,False,False
0.4728253463664166,-0.8511976796945693,-0.09846766899251111,-1.3063326344037405,0.2816328188042792,-0.4127788170387465,2032,6,12,True,False,False,False,False,False,False,False
1.4628281653915773,0.47282008590129115,1.5781653166572187,-1.3063326344037405,1.7501801225502938,0.9531468232566576,2032,6,13,True,False,False,False,False,False,False,True
0.967826755878997,1.2361038013585977,0.09878327049569227,1.548138014725536,0.4544030898332222,1.8384385299340493,2032,6,14,True,False,False,True,False,False,False,False
-1.507180291683905,1.435935472335267,-0.19709313873661294,0.9138112038079189,0.8863287674055794,-0.6815193151491808,2032,6,15,False,False,True,True,False,False,False,False
1.4628281653915773,-0.003951573800288563,-0.59159501771302,0.27948439289030197,-1.014144213912792,1.0773386241698084,2032,6,16,False,True,False,False,True,False,False,True
1.4628281653915773,0.1517422325342837,0.49328514947209934,-0.6720058234861235,0.10886254777533654,0.9607714508757448,2032,6,17,True,False,False,True,False,False,False,False
-1.507180291683905,1.1457600329010793,-0.9860968966894269,1.548138014725536,-1.7052252980285638,-0.6828330593605211,2032,6,18,False,True,False,False,True,False,True,False
-0.5171774726587443,0.12462137594697095,-1.3805987756658338,0.5966477983491104,-1.6188401625140922,-0.08507944320068507,2032,6,19,True,False,False,False,False,False,False,False
1.4628281653915773,0.05283087321584959,-1.676475184898139,1.548138014725536,-0.5822185363404352,1.4500490847253795,2032,6,20,False,False,True,False,False,False,False,False
-1.507180291683905,1.3947519493693479,-0.7888459572012234,1.548138014725536,-0.06390772325360648,-0.648602041965972,2032,6,21,False,False,True,False,False,True,True,False
-0.5171774726587443,0.9967430387546692,-0.3943440782248163,-0.6720058234861235,0.2816328188042792,0.2610982954791255,2032,6,22,False,False,False,False,False,True,False,False
-1.507180291683905,1.4085782684138597,0.09878327049569227,-1.6234960398625489,1.4046395804924077,-0.7064313432315124,2032,6,23,False,True,False,False,True,False,False,False
-1.507180291683905,-0.9793570216071641,-0.7888459572012234,1.2309746092667273,0.9727139029200506,-1.092598473465859,2032,6,24,True,False,False,True,False,False,False,False
1.4628281653915773,0.07882907996621444,1.5781653166572187,-0.989169228944932,-0.6686036718549063,0.5749112702234871,2032,6,25,False,True,False,True,False,False,False,False
0.4728253463664166,1.1783759650060828,-0.7888459572012234,1.2309746092667273,0.8863287674055794,1.555676574913796,2032,6,26,True,False,False,False,False,True,False,False
0.4728253463664166,-1.3495360336322473,-0.2957186084807148,-1.6234960398625489,0.19524768328980804,-0.8326981233195836,2032,6,27,False,False,False,False,False,False,False,True
0.967826755878997,1.0131100916406943,-1.3805987756658338,-1.3063326344037405,0.9727139029200506,2.143521858563804,2032,6,28,False,False,True,False,True,False,True,False
-1.507180291683905,-1.1012531591662615,-0.8874714269453252,-1.3063326344037405,-0.3230631297970206,-1.1138884964795417,2032,6,29,False,False,False,False,False,False,True,False
0.967826755878997,1.0596114296237336,-1.5778497151540374,0.27948439289030197,-1.359684755970678,2.2710409929467974,2032,6,30,False,True,False,False,False,False,True,False
0.967826755878997,0.38170818860796646,0.1974087402397941,-0.6720058234861235,0.4544030898332222,0.948125128093684,2032,7,1,False,False,False,True,False,False,False,False
0.967826755878997,-1.0658010590521276,0.7891615587044045,1.2309746092667273,0.19524768328980804,-0.5522444291566386,2032,7,2,False,True,False,False,True,False,True,False
0.967826755878997,-0.09754511810160237,-1.0847223664335286,0.9138112038079189,1.5774098515213508,0.7496638062983139,2032,7,3,False,False,False,False,False,False,True,False
-0.0221760631461638,0.6233142508857904,-0.4929695479689182,-1.3063326344037405,-1.186914484941735,0.5182852113197353,2032,7,4,False,True,False,False,False,True,False,False
1.4628281653915773,0.4572211618510722,-1.676475184898139,0.9138112038079189,0.5407882253476938,2.0323815538810717,2032,7,5,False,True,False,False,False,True,True,False
1.4628281653915773,-0.25690230811463516,1.0850379679367095,-0.037679012568506524,-0.06390772325360648,0.366455670035304,2032,7,6,True,False,False,True,False,False,False,False
-0.0221760631461638,1.3750169469724798,0.8877870284485064,1.2309746092667273,-0.40944826531149214,0.6897963598077036,2032,7,7,False,False,False,False,False,True,False,False
-1.507180291683905,0.061162116742670906,-1.5778497151540374,0.5966477983491104,1.0590990384345225,-0.8666958590317452,2032,7,8,False,True,False,False,False,True,False,False
-0.0221760631461638,0.014838039260202536,-0.4929695479689182,0.27948439289030197,1.0590990384345225,0.07827912438700343,2032,7,9,True,False,False,False,False,False,True,False
-1.507180291683905,-1.5185243775096195,1.479539846913117,1.548138014725536,0.7999436318911078,-1.2079501264148504,2032,7,10,False,False,False,False,False,True,False,False
0.4728253463664166,1.4536615223923341,-0.3943440782248163,0.5966477983491104,-1.4460698914851493,1.6769339378221775,2032,7,11,True,False,False,False,False,True,True,False
1.4628281653915773,-1.1215199430648415,0.00015780075159044688,0.9138112038079189,-0.49583340082596367,-0.4143381209157579,2032,7,12,False,True,False,False,False,False,False,True
-1.0121788821713247,0.09253722534367957,-0.59159501771302,0.5966477983491104,-1.5324550269996209,-0.5499361682993305,2032,7,13,True,False,False,True,False,False,False,True
-0.5171774726587443,1.0438943319064673,0.2960342099838957,-0.037679012568506524,-0.49583340082596367,0.16130284735039704,2032,7,14,True,False,False,True,False,False,True,False
1.4628281653915773,-0.9889881754715037,1.5781653166572187,0.5966477983491104,0.5407882253476938,-0.4502143880703033,2032,7,15,False,False,False,False,True,False,True,False
-0.0221760631461638,0.08916927583283688,1.6767907864013198,0.5966477983491104,0.10886254777533654,-0.21750977089710063,2032,7,16,False,False,True,False,False,True,True,False
-0.0221760631461638,-0.9017760091907339,0.8877870284485064,-1.3063326344037405,0.7135584963766364,-0.6916732073246802,2032,7,17,True,False,False,False,False,False,True,False
0.4728253463664166,0.8922184302514973,-0.3943440782248163,-1.3063326344037405,0.19524768328980804,1.1752800968227202,2032,7,18,False,False,False,False,True,False,False,False
-0.0221760631461638,0.2169740967442902,-0.09846766899251111,1.548138014725536,0.19524768328980804,0.15663721370264624,2032,7,19,True,False,False,True,False,False,False,False
-1.507180291683905,1.2250545634896925,-0.59159501771302,-1.6234960398625489,0.022477412260865026,-0.6929992295193039,2032,7,20,False,True,False,True,False,False,True,False
-1.507180291683905,1.3584135467523606,1.5781653166572187,1.2309746092667273,-0.40944826531149214,-0.8140233107452975,2032,7,21,False,True,False,False,False,False,False,False
-1.0121788821713247,0.50868579385009,0.6905360889603027,-1.3063326344037405,-0.150292858768078,-0.5236858400390916,2032,7,22,True,False,False,False,True,False,False,True
-1.0121788821713247,0.7736311553697188,-0.19709313873661294,0.27948439289030197,-1.359684755970678,-0.34399755468427595,2032,7,23,False,True,False,False,True,False,False,False
1.4628281653915773,0.16468224907594262,-1.7751006546422408,1.548138014725536,1.1454841739489936,1.6400263200718137,2032,7,24,False,False,False,False,False,False,True,False
-1.0121788821713247,-0.404914826091145,0.00015780075159044688,-0.989169228944932,1.4046395804924077,-0.7672073604851055,2032,7,25,False,False,True,False,False,False,False,False
-1.507180291683905,0.5065586678432419,1.5781653166572187,-0.6720058234861235,0.9727139029200506,-0.9308483216883159,2032,7,26,False,True,False,False,True,False,False,False
0.967826755878997,1.4058602740717765,0.00015780075159044688,-0.6720058234861235,0.2816328188042792,2.050123239725807,2032,7,27,True,False,False,True,False,False,False,True
0.967826755878997,-0.2934179712321933,-1.1833478361776304,-0.6720058234861235,0.2816328188042792,0.5416133795584882,2032,7,28,False,False,True,False,False,True,True,False
-1.0121788821713247,-0.6469344962036334,-1.676475184898139,-1.3063326344037405,-0.06390772325360648,-0.766642573254062,2032,7,29,False,False,False,True,False,False,True,False
-1.0121788821713247,-0.391029420213109,-0.59159501771302,1.548138014725536,-0.9277590783983208,-0.7267882395156451,2032,7,30,False,False,False,False,False,False,False,False
-1.507180291683905,-0.2287178885238987,1.3809143771690149,-0.037679012568506524,-0.40944826531149214,-1.0250695654063107,2032,7,31,True,False,False,False,True,False,False,False
0.4728253463664166,-1.4794679805505486,1.6767907864013198,-1.6234960398625489,1.7501801225502938,-1.0186850140988626,2032,8,1,False,False,True,False,True,False,False,False
1.4628281653915773,-0.010805646489021298,1.479539846913117,-0.354842418027315,-1.186914484941735,0.5152157154988467,2032,8,2,True,False,False,False,False,True,True,False
-0.0221760631461638,-0.0251046602017218,0.7891615587044045,-1.3063326344037405,0.19524768328980804,-0.1448118318751762,2032,8,3,True,False,False,False,True,False,False,False
1.4628281653915773,0.3002865320125054,0.1974087402397941,0.9138112038079189,1.3182544449779365,1.219763230259037,2032,8,4,False,True,False,False,False,True,True,False
-0.5171774726587443,-0.4796005836649207,0.2960342099838957,-1.3063326344037405,-0.150292858768078,-0.5889801551410327,2032,8,5,False,True,False,True,False,False,True,False
0.967826755878997,0.38554883278699786,0.09878327049569227,-0.037679012568506524,0.3680179543187507,0.9794830973998814,2032,8,6,True,False,False,True,False,False,False,False
0.967826755878997,1.30192653390384,0.6905360889603027,-0.6720058234861235,1.1454841739489936,1.6712001196287576,2032,8,7,False,True,False,False,True,False,True,False
-1.507180291683905,1.5689399345967934,-0.2957186084807148,-0.037679012568506524,0.19524768328980804,-0.6512540863552196,2032,8,8,False,True,False,False,True,False,True,False
1.4628281653915773,0.2835649581253389,0.49328514947209934,-1.3063326344037405,0.7999436318911078,1.108414199860484,2032,8,9,False,False,True,False,False,False,False,False
-1.507180291683905,-1.58647423606171,-1.3805987756658338,-1.3063326344037405,-0.49583340082596367,-1.2031985468841149,2032,8,10,False,True,False,False,False,False,False,False
-0.5171774726587443,1.6165048355832563,-0.8874714269453252,0.27948439289030197,0.7999436318911078,0.7005518731640971,2032,8,11,True,False,False,False,True,False,True,False
1.4628281653915773,0.7061539914858169,1.0850379679367095,-0.989169228944932,-1.5324550269996209,1.361045983902895,2032,8,12,True,False,False,False,True,False,False,False
-0.5171774726587443,-0.5724259991304285,1.3809143771690149,-0.989169228944932,-1.186914484941735,-0.7204036882081968,2032,8,13,False,False,False,True,False,False,True,False
-1.0121788821713247,-1.225040075398113,0.09878327049569227,0.27948439289030197,0.4544030898332222,-1.0491712465919276,2032,8,14,True,False,False,False,True,False,True,False
1.4628281653915773,-1.237980091939772,-1.676475184898139,0.5966477983491104,-0.150292858768078,-0.4087393605384572,2032,8,15,False,True,False,False,False,False,False,False
-0.5171774726587443,-1.1538995278357507,1.3809143771690149,0.27948439289030197,1.1454841739489936,-0.9668842026255474,2032,8,16,True,False,False,True,False,False,True,False
-0.0221760631461638,-1.576193127028611,0.6905360889603027,-0.989169228944932,-0.49583340082596367,-1.0967975437488344,2032,8,17,False,False,True,False,False,True,False,True
-0.0221760631461638,1.3846481008368194,-0.3943440782248163,-0.989169228944932,0.9727139029200506,1.0421622020624255,2032,8,18,False,False,False,False,False,False,True,False
0.967826755878997,0.1354933533153056,0.2960342099838957,0.27948439289030197,-1.186914484941735,0.6781322756883271,2032,8,19,True,False,False,False,False,False,False,False
-0.0221760631461638,0.68576903392019,-0.2957186084807148,-0.989169228944932,1.4910247160068797,0.5217476026056975,2032,8,20,False,True,False,True,False,False,False,True
1.4628281653915773,1.1286839380127713,-0.19709313873661294,-1.3063326344037405,-0.23667799428254913,2.3554398500379494,2032,8,21,False,False,False,False,False,True,False,True
-0.0221760631461638,1.0022972011058835,1.282288907424913,0.27948439289030197,-0.9277590783983208,0.3697338915720131,2032,8,22,False,True,False,False,False,False,True,False
-0.0221760631461638,1.3170527632858708,-1.1833478361776304,-0.989169228944932,1.0590990384345225,1.2025986096286283,2032,8,23,True,False,False,False,True,False,False,True
-1.0121788821713247,1.6096507628945238,-1.3805987756658338,-0.354842418027315,1.5774098515213508,0.1190051949385528,2032,8,24,True,False,False,False,False,False,False,True
0.967826755878997,-0.2160142193163338,-1.7751006546422408,0.27948439289030197,1.4910247160068797,0.7524877424535316,2032,8,25,False,True,False,True,False,False,True,False
-1.507180291683905,1.5512138845397263,-0.6902204874571217,-1.3063326344037405,-0.8413739428838494,-0.6263420582728882,2032,8,26,False,True,False,True,False,False,False,False
0.967826755878997,0.7663634748463213,-1.281973305921732,0.5966477983491104,0.6271733608621652,1.8159084306087276,2032,8,27,False,True,False,True,False,False,True,False
0.967826755878997,-1.4894536554160296,-0.9860968966894269,-1.3063326344037405,0.19524768328980804,-0.8684024987081592,2032,8,28,False,False,True,False,False,False,False,False
0.967826755878997,0.6229006430511252,-1.7751006546422408,-0.6720058234861235,0.7999436318911078,1.7984245824129461,2032,8,29,False,False,False,False,False,True,False,False
-0.5171774726587443,0.6399767379394334,-0.9860968966894269,-0.6720058234861235,-0.06390772325360648,0.16192902449785831,2032,8,30,False,True,False,False,True,False,True,False
-1.507180291683905,1.397469943711431,-0.59159501771302,0.5966477983491104,-0.06390772325360648,-0.6614693684471367,2032,8,31,False,False,True,True,False,False,False,False
-0.5171774726587443,-0.4446211782189751,-1.676475184898139,1.548138014725536,1.3182544449779365,-0.3999851584572831,2032,9,1,False,True,False,False,False,True,True,False
-1.0121788821713247,0.28805555747312916,0.2960342099838957,-1.6234960398625489,1.3182544449779365,-0.5573643481858808,2032,9,2,True,False,False,False,True,False,False,True
-1.0121788821713247,-1.6915897129001174,0.1974087402397941,0.9138112038079189,1.0590990384345225,-1.2067714400196292,2032,9,3,False,True,False,True,False,False,True,False
0.4728253463664166,-0.5858977971737994,-1.4792242454099356,-0.037679012568506524,0.7135584963766364,-0.004142977395495869,2032,9,4,False,False,False,False,True,False,False,False
0.4728253463664166,-1.518583464343143,0.2960342099838957,-0.6720058234861235,0.6271733608621652,-1.0009187722875597,2032,9,5,False,False,True,False,True,False,True,False
-1.0121788821713247,0.07020240227177527,1.6767907864013198,-0.037679012568506524,-1.5324550269996209,-0.7390048328827815,2032,9,6,False,False,True,False,False,True,True,False
-1.0121788821713247,1.0918728407275955,1.479539846913117,-0.037679012568506524,0.8863287674055794,-0.43879586361659795,2032,9,7,False,False,True,False,True,False,False,False
-0.5171774726587443,-1.020126936738418,-1.7751006546422408,0.9138112038079189,0.5407882253476938,-0.7501532417042487,2032,9,8,True,False,False,True,False,False,True,False
-1.0121788821713247,0.08940562316693122,0.9864124981926082,1.548138014725536,-0.6686036718549063,-0.6782042596626212,2032,9,9,False,False,False,False,False,True,False,False
1.4628281653915773,-1.0285172670987632,-0.59159501771302,-0.6720058234861235,1.1454841739489936,-0.23412188227974945,2032,9,10,False,False,True,False,False,False,False,True
-1.507180291683905,-1.3165655805261025,-1.5778497151540374,0.5966477983491104,1.1454841739489936,-1.1472477770609586,2032,9,11,False,False,False,False,False,False,True,False
-0.5171774726587443,0.03256408931726957,-0.7888459572012234,-1.6234960398625489,1.4910247160068797,-0.2095536377293575,2032,9,12,True,False,False,False,False,True,False,True
-1.0121788821713247,-1.4601465859883456,-0.6902204874571217,-0.037679012568506524,-0.23667799428254913,-1.1162827032198348,2032,9,13,False,True,False,False,False,False,True,False
-0.5171774726587443,0.2965049746669978,0.00015780075159044688,-0.354842418027315,0.19524768328980804,-0.1671332054846778,2032,9,14,True,False,False,False,True,False,True,False
-0.5171774726587443,-1.625412459353734,0.49328514947209934,-0.989169228944932,1.4046395804924077,-1.155719585526611,2032,9,15,False,True,False,True,False,False,True,False
-0.0221760631461638,-1.3648395235148485,0.7891615587044045,-0.6720058234861235,-0.5822185363404352,-0.9688486799509162,2032,9,16,True,False,False,False,True,False,False,True
0.4728253463664166,0.16740024341802612,-0.8874714269453252,0.5966477983491104,1.0590990384345225,0.6309970978627627,2032,9,17,True,False,False,False,False,True,True,False
-0.5171774726587443,0.3105085542120808,-0.6902204874571217,1.548138014725536,1.7501801225502938,-0.06690802794102492,2032,9,18,True,False,False,True,False,False,False,True
0.967826755878997,-1.6335073555464612,-0.6902204874571217,1.548138014725536,0.5407882253476938,-1.0406994381262753,2032,9,19,False,True,False,False,False,True,False,True
1.4628281653915773,0.24823103167825183,-0.4929695479689182,1.2309746092667273,1.6637949870358226,1.370021189683173,2032,9,20,False,True,False,False,False,True,True,False
1.4628281653915773,1.1646087327950938,1.6767907864013198,1.548138014725536,0.10886254777533654,1.5738357121901727,2032,9,21,True,False,False,False,False,True,False,False
-0.5171774726587443,0.7629955253354785,0.8877870284485064,-1.3063326344037405,-1.186914484941735,-0.07373458664668099,2032,9,22,False,False,False,False,True,False,False,False
0.967826755878997,-1.2802862647426387,1.5781653166572187,0.5966477983491104,-1.1005293494272637,-0.8042009241184542,2032,9,23,True,False,False,True,False,False,True,False
1.4628281653915773,0.3142310247240649,0.5919106192162009,0.27948439289030197,0.7999436318911078,1.1116801434139094,2032,9,24,True,False,False,True,False,False,True,False
-0.0221760631461638,0.5899892767785041,-0.3943440782248163,-1.6234960398625489,-1.7052252980285638,0.47413358343207435,2032,9,25,False,False,True,True,False,False,True,False
-1.0121788821713247,-1.6050275017881066,-0.3943440782248163,-1.3063326344037405,0.5407882253476938,-1.1725772565749308,2032,9,26,True,False,False,False,True,False,False,False
-0.5171774726587443,1.222868350649321,-0.09846766899251111,0.27948439289030197,-1.186914484941735,0.32538581595181515,2032,9,27,False,True,False,False,False,False,False,False
-0.0221760631461638,1.3988880277159963,-0.2957186084807148,1.548138014725536,1.6637949870358226,1.0255746466463438,2032,9,28,True,False,False,False,True,False,True,False
-1.507180291683905,1.20591042942806,1.0850379679367095,1.548138014725536,-1.1005293494272637,-0.8034765231047246,2032,9,29,False,True,False,False,True,False,True,False
-0.0221760631461638,1.1166893108074896,-0.19709313873661294,-0.989169228944932,0.19524768328980804,0.8017715673537179,2032,9,30,False,False,False,False,False,True,False,True
0.4728253463664166,0.8412855797541913,-0.7888459572012234,-1.3063326344037405,0.6271733608621652,1.2404639100751094,2032,10,1,False,True,False,True,False,False,True,False
0.4728253463664166,0.4558030778465068,0.8877870284485064,-1.6234960398625489,1.1454841739489936,0.47762053068460364,2032,10,2,True,False,False,True,False,False,False,False
-1.0121788821713247,0.6120286656827909,1.1836634376808113,0.27948439289030197,-0.150292858768078,-0.5420537030312887,2032,10,3,False,True,False,False,False,False,True,False
0.967826755878997,1.0536436594378544,-0.2957186084807148,-0.989169228944932,1.4910247160068797,1.7976019575329478,2032,10,4,False,True,False,False,False,False,False,True
-1.0121788821713247,0.5562506948365533,0.49328514947209934,-0.037679012568506524,-0.06390772325360648,-0.4890864831460358,2032,10,5,False,False,True,False,False,True,False,True
1.4628281653915773,-0.6009058528887827,-1.5778497151540374,1.2309746092667273,-0.8413739428838494,0.49089303061412565,2032,10,6,False,True,False,True,False,False,True,False
0.967826755878997,-0.43416280868530555,0.09878327049569227,0.5966477983491104,0.3680179543187507,0.15166463047280684,2032,10,7,False,True,False,False,False,False,True,False
0.967826755878997,1.3670402244467994,-1.5778497151540374,-0.037679012568506524,0.5407882253476938,2.6466736135238547,2032,10,8,True,False,False,False,False,False,False,False
0.967826755878997,-1.6745136180118096,-1.676475184898139,0.27948439289030197,0.022477412260865026,-1.0677723912665122,2032,10,9,False,True,False,True,False,False,True,False
0.967826755878997,0.6818102160741115,0.2960342099838957,1.548138014725536,0.7999436318911078,1.2162271710733732,2032,10,10,False,True,False,False,True,False,True,False
0.4728253463664166,1.566517374422327,-0.6902204874571217,-0.037679012568506524,-0.23667799428254913,1.8834005047184248,2032,10,11,False,False,True,False,False,False,False,False
1.4628281653915773,0.7073948149898115,0.7891615587044045,0.27948439289030197,-1.7052252980285638,1.472726519850104,2032,10,12,False,False,True,True,False,False,True,False
0.4728253463664166,1.7018262231912726,1.282288907424913,-0.354842418027315,-0.7549888073693778,1.276217397396819,2032,10,13,False,False,False,False,False,False,True,False
-0.5171774726587443,0.6428129059485639,-1.281973305921732,0.9138112038079189,1.5774098515213508,0.20966582350431687,2032,10,14,False,False,False,False,False,True,False,False
1.4628281653915773,-1.6149540898200643,0.6905360889603027,-0.989169228944932,0.9727139029200506,-1.023989102877358,2032,10,15,False,False,True,False,False,False,False,False
0.4728253463664166,1.124902380667264,0.00015780075159044688,-0.037679012568506524,-1.014144213912792,1.2606980265264065,2032,10,16,False,True,False,True,False,False,True,False
-1.0121788821713247,-0.7498637602016694,-1.3805987756658338,0.9138112038079189,-1.4460698914851493,-0.822360061394831,2032,10,17,False,False,True,False,False,False,False,False
0.4728253463664166,-0.1919067912387227,0.49328514947209934,-1.6234960398625489,-0.49583340082596367,0.05412833126825225,2032,10,18,False,False,True,False,False,True,False,False
1.4628281653915773,-0.6549703055628373,0.2960342099838957,-0.354842418027315,1.1454841739489936,0.09119556280130243,2032,10,19,False,False,True,False,False,True,False,False
1.4628281653915773,-0.8054644705473364,0.00015780075159044688,-0.6720058234861235,-1.359684755970678,-0.03736720016079345,2032,10,20,True,False,False,False,False,False,True,False
-1.0121788821713247,-0.24254420756841083,1.3809143771690149,0.9138112038079189,0.19524768328980804,-0.803795750670097,2032,10,21,False,True,False,False,False,False,True,False
-1.507180291683905,-0.42453165482096583,0.00015780075159044688,1.548138014725536,-0.7549888073693778,-1.012067181109027,2032,10,22,False,False,True,False,False,True,False,True
1.4628281653915773,0.45544855684536545,1.6767907864013198,1.548138014725536,0.7999436318911078,0.9033350450752783,2032,10,23,False,False,True,False,False,True,False,True
0.4728253463664166,1.0769829586796593,0.00015780075159044688,-1.6234960398625489,-1.7052252980285638,1.2198737321085888,2032,10,24,False,False,False,False,True,False,False,False
-1.0121788821713247,-0.7067894585629965,-1.3805987756658338,-0.6720058234861235,-0.7549888073693778,-0.8051708847978551,2032,10,25,False,True,False,False,True,False,True,False
0.967826755878997,-0.994955945657383,-0.19709313873661294,-1.6234960398625489,0.6271733608621652,-0.3837291085898573,2032,10,26,False,True,False,False,False,True,False,False
1.4628281653915773,0.5714360110521074,-1.1833478361776304,-0.989169228944932,0.19524768328980804,2.0227678929700486,2032,10,27,False,True,False,False,False,False,False,True
-0.0221760631461638,0.5833124645903423,0.2960342099838957,-0.6720058234861235,0.9727139029200506,0.3293884385022538,2032,10,28,False,False,True,True,False,False,True,False
0.967826755878997,1.381102890825406,0.5919106192162009,-1.6234960398625489,-1.186914484941735,1.7851766384499912,2032,10,29,False,True,False,False,False,False,True,False
-0.5171774726587443,-1.678590609524935,-0.19709313873661294,-0.354842418027315,0.10886254777533654,-1.1749714633152237,2032,10,30,False,True,False,False,False,False,False,False
1.4628281653915773,1.2148916281236406,-1.4792242454099356,-0.037679012568506524,-1.014144213912792,2.749223934151831,2032,10,31,False,False,False,False,True,False,False,True
-1.0121788821713247,0.06718897376207393,-0.19709313873661294,-1.6234960398625489,0.5407882253476938,-0.5906131269177455,2032,11,1,False,True,False,False,True,False,True,False
0.967826755878997,0.41385142604478137,-1.4792242454099356,1.2309746092667273,-1.2732996204562066,1.4541499311420862,2032,11,2,False,False,True,False,True,False,False,False
0.4728253463664166,-1.4178995000190024,0.5919106192162009,1.548138014725536,-1.186914484941735,-0.9308851556381665,2032,11,3,True,False,False,False,False,True,False,False
0.4728253463664166,-0.23834904238823842,0.9864124981926082,1.2309746092667273,-0.5822185363404352,-0.06531189011416279,2032,11,4,False,False,True,False,False,True,False,False
1.4628281653915773,-0.9480409998396789,1.5781653166572187,-0.6720058234861235,-0.3230631297970206,-0.41090028559636277,2032,11,5,True,False,False,False,False,False,False,False
-1.507180291683905,-0.854979237040077,-1.281973305921732,-0.6720058234861235,0.022477412260865026,-1.0592883048175763,2032,11,6,False,False,False,False,False,False,False,False
-0.0221760631461638,0.008752095407276011,0.09878327049569227,-1.6234960398625489,0.2816328188042792,-0.017440033291584972,2032,11,7,False,False,False,True,False,False,True,False
1.4628281653915773,1.0746194853387172,0.1974087402397941,-1.3063326344037405,-0.06390772325360648,2.120819867472512,2032,11,8,False,True,False,False,False,False,True,False
-1.0121788821713247,0.8372085882410659,1.3809143771690149,1.548138014725536,-1.5324550269996209,-0.49865103212392464,2032,11,9,False,True,False,False,False,False,False,False
0.967826755878997,0.3090904702075154,0.3946596797279975,1.2309746092667273,-0.49583340082596367,0.8225459150694917,2032,11,10,False,True,False,False,True,False,True,False
-0.0221760631461638,0.13082549346694447,-1.281973305921732,-0.354842418027315,-1.5324550269996209,0.29202653537039863,2032,11,11,False,False,True,False,True,False,False,False
-1.507180291683905,-0.25672504761406434,-0.2957186084807148,-1.3063326344037405,-1.2732996204562066,-0.973723039314487,2032,11,12,False,False,False,False,True,False,False,False
1.4628281653915773,1.6285585496220616,0.49328514947209934,-0.989169228944932,-1.359684755970678,2.6148368028695987,2032,11,13,True,False,False,False,True,False,True,False
-0.5171774726587443,0.20261599619806583,0.6905360889603027,0.9138112038079189,-1.186914484941735,-0.30349248783183064,2032,11,14,True,False,False,False,True,False,False,False
-0.0221760631461638,-0.8558655395429303,1.1836634376808113,-0.354842418027315,1.1454841739489936,-0.6879161444399126,2032,11,15,False,True,False,True,False,False,False,False
-1.507180291683905,-0.9384098459753392,-1.1833478361776304,-1.6234960398625489,0.4544030898332222,-1.0775947778933557,2032,11,16,False,False,True,True,False,False,True,False
1.4628281653915773,0.3794628889340713,1.479539846913117,-0.354842418027315,0.022477412260865026,0.895550803673505,2032,11,17,False,False,False,True,False,False,False,False
1.4628281653915773,0.07345217811557096,-1.5778497151540374,-0.989169228944932,0.7999436318911078,1.4521731758334344,2032,11,18,False,True,False,False,True,False,False,True
-1.0121788821713247,-1.7071295501168129,1.5781653166572187,-1.6234960398625489,1.5774098515213508,-1.2186442498548262,2032,11,19,True,False,False,False,False,True,True,False
1.4628281653915773,1.1354789238679803,1.1836634376808113,-0.989169228944932,-0.23667799428254913,1.7614064628130301,2032,11,20,False,True,False,False,True,False,False,False
-0.5171774726587443,0.7001271344664143,0.49328514947209934,1.548138014725536,-0.40944826531149214,-0.03944217933571418,2032,11,21,True,False,False,False,True,False,True,False
1.4628281653915773,0.5539463083291347,0.7891615587044045,-0.037679012568506524,1.6637949870358226,1.307550810736449,2032,11,22,True,False,False,True,False,False,True,False
0.4728253463664166,-1.495953207103621,-1.4792242454099356,1.2309746092667273,0.9727139029200506,-0.9213083286769943,2032,11,23,False,True,False,False,True,False,True,False
-1.507180291683905,-0.48225949117348066,-1.676475184898139,-0.354842418027315,0.9727139029200506,-0.9745702201610523,2032,11,24,True,False,False,True,False,False,False,False
0.4728253463664166,1.499512905206614,-1.3805987756658338,-1.6234960398625489,0.3680179543187507,2.063039678140106,2032,11,25,False,True,False,False,True,False,True,False
1.4628281653915773,1.2478620812297856,-1.4792242454099356,1.548138014725536,0.022477412260865026,2.749223934151831,2032,11,26,True,False,False,False,False,False,True,False
-0.5171774726587443,-0.746732158024921,0.09878327049569227,-1.3063326344037405,0.19524768328980804,-0.7071189102953913,2032,11,27,True,False,False,False,False,True,False,False
-1.507180291683905,-1.1908287987879738,-0.9860968966894269,-0.354842418027315,0.5407882253476938,-1.1295183691995063,2032,11,28,False,True,False,False,False,True,True,False
-1.507180291683905,-0.18138933487152942,1.1836634376808113,0.9138112038079189,-0.40944826531149214,-1.0115637837944012,2032,11,29,False,False,True,True,False,False,True,False
1.4628281653915773,-0.5037670985760554,-0.19709313873661294,1.548138014725536,0.9727139029200506,0.3608446316747198,2032,11,30,False,False,True,False,False,False,True,False
-0.5171774726587443,0.6244369007227379,0.5919106192162009,-0.354842418027315,1.4046395804924077,-0.09102198710992535,2032,12,1,True,False,False,False,False,True,True,False
-1.0121788821713247,1.6068145948853931,0.49328514947209934,-0.354842418027315,0.2816328188042792,-0.15290302285903845,2032,12,2,False,True,False,True,False,False,False,False
-1.507180291683905,-0.4789506284961615,-0.6902204874571217,-1.6234960398625489,-0.40944826531149214,-1.0018027870839754,2032,12,3,False,False,True,False,True,False,True,False
-0.5171774726587443,-1.5186425511766668,-0.8874714269453252,-0.354842418027315,0.7135584963766364,-1.0779631173918622,2032,12,4,False,False,False,False,True,False,True,False
-0.0221760631461638,1.3689310031195534,-0.59159501771302,0.5966477983491104,-1.1005293494272637,1.0839810131262113,2032,12,5,False,True,False,False,False,False,False,True
0.4728253463664166,-1.6025458547801175,0.9864124981926082,0.9138112038079189,1.6637949870358226,-1.085821026693337,2032,12,6,False,True,False,False,False,True,False,True
-1.507180291683905,1.559604214900071,0.2960342099838957,1.2309746092667273,0.5407882253476938,-0.6950742086942246,2032,12,7,False,True,False,False,True,False,False,True
-0.0221760631461638,0.5634592885264271,-0.8874714269453252,-0.989169228944932,-1.4460698914851493,0.5543210922569667,2032,12,8,True,False,False,True,False,False,False,True
-1.507180291683905,1.5213159467768063,1.0850379679367095,-0.6720058234861235,0.10886254777533654,-0.7569429664600542,2032,12,9,False,True,False,False,True,False,False,False
-1.0121788821713247,-1.0435844096472702,-1.5778497151540374,0.27948439289030197,0.8863287674055794,-0.9330706366626391,2032,12,10,True,False,False,False,True,False,False,False
1.4628281653915773,-1.5930328745828248,0.5919106192162009,0.27948439289030197,-0.7549888073693778,-0.9967442579711512,2032,12,11,False,False,True,False,False,True,False,False
-0.5171774726587443,-0.04619865976963153,-0.2957186084807148,-1.6234960398625489,-1.5324550269996209,-0.309103526192415,2032,12,12,True,False,False,False,False,True,False,False
-1.507180291683905,-0.17613060668793296,0.7891615587044045,1.548138014725536,0.022477412260865026,-0.9971125974696579,2032,12,13,True,False,False,True,False,False,False,False
-0.5171774726587443,-0.5879067495136003,1.3809143771690149,-0.037679012568506524,1.1454841739489936,-0.726960131281615,2032,12,14,True,False,False,False,False,False,True,False
0.967826755878997,1.5765030492878085,0.7891615587044045,0.9138112038079189,-0.8413739428838494,1.8855737077596137,2032,12,15,True,False,False,False,False,False,False,True
-1.507180291683905,1.1095988907846626,-0.2957186084807148,-0.354842418027315,0.7999436318911078,-0.7323869998929459,2032,12,16,False,True,False,False,True,False,False,False
-1.0121788821713247,0.5531190926598046,-1.281973305921732,0.5966477983491104,-0.3230631297970206,-0.3123817477291239,2032,12,17,False,True,False,True,False,False,False,True
-1.0121788821713247,-1.170798362223488,0.9864124981926082,1.548138014725536,-1.5324550269996209,-1.0552856822671377,2032,12,18,False,False,False,False,False,False,True,False
1.4628281653915773,0.8045335693025388,-0.19709313873661294,1.2309746092667273,-0.6686036718549063,1.9593766652770581,2032,12,19,False,True,False,False,False,False,True,False
1.4628281653915773,0.7792444045544566,-1.4792242454099356,1.548138014725536,-0.5822185363404352,2.4204272155578015,2032,12,20,False,False,True,False,True,False,True,False
-0.0221760631461638,-0.2644654228056503,0.6905360889603027,0.9138112038079189,1.4046395804924077,-0.2790838570641249,2032,12,21,False,False,False,True,False,False,False,False
-1.0121788821713247,1.4628790684220085,-0.7888459572012234,1.2309746092667273,1.6637949870358226,-0.021467211808590854,2032,12,22,False,True,False,False,False,False,True,False
-0.5171774726587443,-1.1565584353443108,-1.5778497151540374,1.2309746092667273,-1.014144213912792,-0.8435027486091113,2032,12,23,True,False,False,False,False,True,True,False
0.967826755878997,-0.809659635727509,1.3809143771690149,-0.989169228944932,-0.23667799428254913,-0.3916852417576005,2032,12,24,True,False,False,False,False,True,True,False
-1.0121788821713247,-1.5151564279987768,-0.09846766899251111,-1.6234960398625489,1.6637949870358226,-1.144288783089622,2032,12,25,False,False,False,False,True,False,True,False
-1.507180291683905,1.015828085982778,-0.7888459572012234,-1.3063326344037405,-0.3230631297970206,-0.7194582834953632,2032,12,26,False,False,False,False,True,False,False,False
-1.0121788821713247,0.41544677054991763,0.6905360889603027,-0.354842418027315,-0.49583340082596367,-0.5527355484879808,2032,12,27,False,False,True,False,True,False,False,True
0.967826755878997,-0.6451028043644031,1.282288907424913,1.2309746092667273,-1.359684755970678,-0.23749832768272683,2032,12,28,False,True,False,False,True,False,True,False
-0.5171774726587443,-1.1674894995461689,-1.7751006546422408,0.27948439289030197,0.8863287674055794,-0.8420171126318012,2032,12,29,False,False,True,False,False,False,False,False
-1.507180291683905,-1.5949236532555786,0.5919106192162009,1.548138014725536,-0.150292858768078,-1.2143346777222987,2032,12,30,True,False,False,True,False,False,True,False
-0.0221760631461638,-1.157326564180117,0.8877870284485064,-0.037679012568506524,0.5407882253476938,-0.846731858212686,2032,12,31,True,False,False,False,True,False,True,False
-0.0221760631461638,-0.1669130606582581,-1.0847223664335286,-0.6720058234861235,0.022477412260865026,0.029400472935174254,2033,1,1,False,True,False,False,True,False,False,False
-0.0221760631461638,-0.8793230124517823,-0.09846766899251111,0.9138112038079189,-1.1005293494272637,-0.5996742785810085,2033,1,2,False,True,False,False,False,False,False,False
1.4628281653915773,-0.8385530973205282,-1.4792242454099356,1.548138014725536,-1.1005293494272637,0.13782734331224128,2033,1,3,False,False,True,False,True,False,False,True
-1.507180291683905,1.2927680747076888,0.7891615587044045,-0.6720058234861235,1.5774098515213508,-0.7712345390021114,2033,1,4,True,False,False,False,True,False,False,False
-0.0221760631461638,0.04692218986349391,1.1836634376808113,-0.989169228944932,1.4046395804924077,-0.16265174158618056,2033,1,5,False,True,False,True,False,False,False,True
1.4628281653915773,0.7869847797460426,-1.3805987756658338,1.548138014725536,0.3680179543187507,2.393391096367415,2033,1,6,True,False,False,False,False,True,True,False
-1.0121788821713247,-1.6102862299717033,1.0850379679367095,-0.354842418027315,-1.7052252980285638,-1.1876791760137024,2033,1,7,False,False,False,False,True,False,True,False
-1.507180291683905,-0.4715056874721934,0.8877870284485064,-0.6720058234861235,-0.23667799428254913,-1.0453405158074587,2033,1,8,False,False,True,False,False,False,True,False
-1.507180291683905,-0.07745559470359319,-0.59159501771302,-1.3063326344037405,0.10886254777533654,-0.9311798272369718,2033,1,9,False,True,False,True,False,False,False,False
-1.507180291683905,-1.0893767056280266,0.5919106192162009,-0.989169228944932,-0.150292858768078,-1.1344909524293458,2033,1,10,False,True,False,False,False,False,True,False
0.4728253463664166,-1.3182790986982857,-1.7751006546422408,0.27948439289030197,1.4910247160068797,-0.7265304018666904,2033,1,11,False,True,False,True,False,False,True,False
1.4628281653915773,1.2745693299824332,1.479539846913117,-1.3063326344037405,-1.5324550269996209,1.767889237986747,2033,1,12,False,False,False,True,False,False,False,False
-0.5171774726587443,1.513516484751697,0.09878327049569227,-1.6234960398625489,0.5407882253476938,0.43418102582738904,2033,1,13,True,False,False,False,True,False,True,False
0.4728253463664166,-1.4613283226588167,0.3946596797279975,-1.3063326344037405,-0.5822185363404352,-0.9576757151628817,2033,1,14,True,False,False,False,True,False,True,False
0.4728253463664166,-0.5272836583184309,0.49328514947209934,0.5966477983491104,0.19524768328980804,-0.2141824374272574,2033,1,15,True,False,False,False,True,False,True,False
0.4728253463664166,1.57868926212818,0.1974087402397941,0.5966477983491104,0.5407882253476938,1.5766350923788233,2033,1,16,True,False,False,False,False,True,True,False
-0.5171774726587443,-1.4462611801103096,1.1836634376808113,1.2309746092667273,-0.150292858768078,-1.0861402542587093,2033,1,17,False,False,True,False,False,True,False,False
0.4728253463664166,0.49107791746007,0.2960342099838957,-1.3063326344037405,-1.186914484941735,0.6485914479080959,2033,1,18,True,False,False,False,False,False,False,False
-0.0221760631461638,1.6268450314498788,1.3809143771690149,-0.037679012568506524,0.10886254777533654,0.6992504069360405,2033,1,19,False,True,False,False,True,False,True,False
-1.507180291683905,1.647584510016647,0.1974087402397941,1.548138014725536,1.4910247160068797,-0.673415846182035,2033,1,20,False,True,False,False,False,True,True,False
-1.507180291683905,-0.10487188545852345,-1.1833478361776304,1.548138014725536,0.10886254777533654,-0.9147764415701434,2033,1,21,True,False,False,False,True,False,False,True
1.4628281653915773,-1.1711528832246294,1.3809143771690149,1.548138014725536,-1.2732996204562066,-0.6061447757714415,2033,1,22,False,False,False,False,False,True,False,False
-1.0121788821713247,-1.0351940792869252,0.5919106192162009,0.27948439289030197,1.1454841739489936,-1.0016308953180058,2033,1,23,False,True,False,False,False,True,False,False
0.967826755878997,1.3412783650305284,0.5919106192162009,-1.6234960398625489,-0.9277590783983208,1.7474463958196291,2033,1,24,False,False,False,True,False,False,False,False
-0.0221760631461638,1.417559467109441,1.5781653166572187,0.27948439289030197,-0.40944826531149214,0.527100803317327,2033,1,25,False,False,True,False,True,False,True,False
-0.5171774726587443,0.3674682617287895,-1.4792242454099356,1.548138014725536,-0.23667799428254913,0.07390816233805822,2033,1,26,False,True,False,False,True,False,False,True
0.967826755878997,0.914612340156925,-0.2957186084807148,0.5966477983491104,-0.49583340082596367,1.6502661581302975,2033,1,27,False,True,False,False,False,True,False,False
-1.507180291683905,0.8239140506982656,-0.9860968966894269,0.9138112038079189,-0.3230631297970206,-0.7443580335944112,2033,1,28,False,True,False,False,True,False,True,False
0.4728253463664166,0.5539463083291347,0.3946596797279975,0.5966477983491104,1.0590990384345225,0.6755047872656467,2033,1,29,False,False,True,False,False,True,True,False
1.4628281653915773,1.1258477700036407,0.9864124981926082,-0.989169228944932,-0.9277590783983208,1.8373703453883803,2033,1,30,False,True,False,False,True,False,True,False
1.4628281653915773,0.6354270517581193,1.5781653166572187,0.5966477983491104,-0.06390772325360648,1.1092613807070493,2033,1,31,True,False,False,True,False,False,True,False
-1.0121788821713247,0.11209496723997689,-0.19709313873661294,-0.989169228944932,-1.6188401625140922,-0.5749341422646469,2033,2,1,True,False,False,False,True,False,False,True
-1.0121788821713247,-0.9146569388988692,0.9864124981926082,-0.037679012568506524,0.022477412260865026,-0.9786465106111922,2033,2,2,False,False,True,True,False,False,False,True
-1.507180291683905,0.8375631092422072,1.3809143771690149,-0.6720058234861235,-1.359684755970678,-0.8743941545505336,2033,2,3,False,True,False,False,False,False,True,False
-0.0221760631461638,-0.09724968393398485,0.5919106192162009,0.27948439289030197,-0.7549888073693778,-0.16050309451155859,2033,2,4,True,False,False,False,True,False,True,False
1.4628281653915773,-0.7147661810886767,-0.9860968966894269,0.5966477983491104,-0.5822185363404352,0.23192580719740077,2033,2,5,True,False,False,False,True,False,False,False
0.967826755878997,1.0382810827217295,0.2960342099838957,1.2309746092667273,-1.4460698914851493,1.5673283810498893,2033,2,6,True,False,False,False,True,False,True,False
-1.0121788821713247,0.6745425355507139,1.5781653166572187,-0.037679012568506524,-0.49583340082596367,-0.5653695932867582,2033,2,7,False,False,True,True,False,False,False,False
-1.507180291683905,1.5062488042282995,1.6767907864013198,1.2309746092667273,0.022477412260865026,-0.8006648649327908,2033,2,8,False,True,False,False,True,False,False,False
-0.0221760631461638,-1.1618762503614308,0.3946596797279975,-0.6720058234861235,-0.23667799428254913,-0.8220531118127421,2033,2,9,False,False,True,False,True,False,False,False
-1.507180291683905,0.5102811383552259,1.282288907424913,0.5966477983491104,-0.7549888073693778,-0.9157955141826785,2033,2,10,False,False,True,False,False,True,False,False
-1.507180291683905,-0.8894859478178342,-1.0847223664335286,0.27948439289030197,-0.6686036718549063,-1.0699701502742685,2033,2,11,True,False,False,False,False,False,False,False
-0.0221760631461638,1.3896113948527984,-0.8874714269453252,1.2309746092667273,0.4544030898332222,1.179196773490174,2033,2,12,False,False,True,True,False,False,False,True
-0.0221760631461638,-1.3897741672617896,1.479539846913117,0.5966477983491104,0.7999436318911078,-1.0093537468033615,2033,2,13,True,False,False,False,False,True,True,False
-0.0221760631461638,0.5343294795993139,-1.281973305921732,1.2309746092667273,0.2816328188042792,0.61064020157863,2033,2,14,False,True,False,True,False,False,False,True
-1.507180291683905,1.0007609434342712,-1.0847223664335286,0.27948439289030197,1.6637949870358226,-0.7046878696052475,2033,2,15,False,False,True,False,False,True,True,False
-1.0121788821713247,-0.506898700752804,-0.2957186084807148,-0.989169228944932,1.5774098515213508,-0.7855629454940191,2033,2,16,True,False,False,False,False,False,True,False
-0.5171774726587443,1.5643311615819555,0.2960342099838957,-0.989169228944932,-1.359684755970678,0.41760574839459086,2033,2,17,True,False,False,False,False,True,True,False
-0.5171774726587443,1.2069149055979604,0.2960342099838957,0.9138112038079189,-0.8413739428838494,0.24158858004155778,2033,2,18,False,True,False,True,False,False,False,False
-1.507180291683905,-0.7153570494239123,-0.7888459572012234,0.27948439289030197,1.3182544449779365,-1.0432164246994038,2033,2,19,False,False,False,False,True,False,True,False
-1.507180291683905,-1.7076613316185247,1.3809143771690149,-1.6234960398625489,-1.6188401625140922,-1.234040840892403,2033,2,20,True,False,False,False,True,False,False,True
-1.0121788821713247,-0.708325716234609,1.3809143771690149,-0.989169228944932,0.3680179543187507,-0.9354280094530816,2033,2,21,False,True,False,False,False,False,False,False
-0.0221760631461638,-0.7613266059052395,-0.3943440782248163,1.548138014725536,1.5774098515213508,-0.4918121954349849,2033,2,22,True,False,False,True,False,False,True,False
-1.507180291683905,1.3425191885345233,-0.2957186084807148,-1.6234960398625489,0.6271733608621652,-0.6912434779097556,2033,2,23,False,False,True,True,False,False,False,False
1.4628281653915773,1.6092371550598588,0.6905360889603027,-0.037679012568506524,-1.359684755970678,2.4933584362621137,2033,2,24,False,False,True,True,False,False,False,True
0.4728253463664166,-1.490221784251836,0.49328514947209934,-1.3063326344037405,0.8863287674055794,-0.9845399425872984,2033,2,25,True,False,False,False,False,False,False,False
-0.0221760631461638,-0.10463553812442945,-0.4929695479689182,0.27948439289030197,-0.40944826531149214,-0.00812104397936744,2033,2,26,False,False,False,False,True,False,True,False
1.4628281653915773,0.16160973373271745,-0.3943440782248163,0.5966477983491104,1.4910247160068797,1.231550094211249,2033,2,27,False,True,False,False,False,True,False,True
-1.507180291683905,-1.4125816850018824,-0.59159501771302,-0.037679012568506524,-0.7549888073693778,-1.1753152468471635,2033,2,28,True,False,False,False,False,False,False,False
0.4728253463664166,-0.4288449936681854,-0.9860968966894269,-0.354842418027315,-0.06390772325360648,0.08174151567296564,2033,3,1,False,False,False,False,False,True,True,False
1.4628281653915773,-0.6377169501739586,-0.19709313873661294,1.2309746092667273,0.8863287674055794,0.19717911450494244,2033,3,2,False,False,False,False,True,False,True,False
0.967826755878997,0.11918538726280363,0.5919106192162009,-0.6720058234861235,-0.8413739428838494,0.5894484024312152,2033,3,3,False,False,True,False,False,False,False,False
-1.0121788821713247,0.551760095488763,0.7891615587044045,0.9138112038079189,-1.1005293494272637,-0.520125224886861,2033,3,4,False,False,False,False,True,False,False,True
0.4728253463664166,0.6979409216260426,0.8877870284485064,0.5966477983491104,-1.7052252980285638,0.6612746046400072,2033,3,5,False,True,False,False,False,True,True,False
-1.507180291683905,-1.2610239570139592,-0.4929695479689182,-0.354842418027315,0.022477412260865026,-1.1487702469881194,2033,3,6,False,False,False,True,False,False,True,False
-0.5171774726587443,1.0762739166773765,0.8877870284485064,-1.6234960398625489,1.4910247160068797,0.0688373552419502,2033,3,7,False,True,False,True,False,False,False,True
1.4628281653915773,0.6117332315151731,-1.7751006546422408,0.5966477983491104,-0.7549888073693778,2.290292870735411,2033,3,8,False,True,False,False,False,True,True,False
-1.507180291683905,1.3394466731912986,-0.09846766899251111,0.5966477983491104,-1.5324550269996209,-0.7049334292709186,2033,3,9,False,True,False,True,False,False,False,True
-0.5171774726587443,-0.18056211920219972,0.9864124981926082,0.27948439289030197,0.4544030898332222,-0.5133477781143391,2033,3,10,True,False,False,False,False,True,True,False
-1.0121788821713247,1.3561091602449413,0.3946596797279975,0.27948439289030197,-1.5324550269996209,-0.21991625562067732,2033,3,11,False,True,False,False,False,False,False,False
-1.0121788821713247,1.2589113190986907,-0.09846766899251111,0.5966477983491104,0.022477412260865026,-0.18739187790254225,2033,3,12,False,True,False,False,False,False,True,False
-0.0221760631461638,-0.21831860582375243,0.49328514947209934,-1.6234960398625489,-0.40944826531149214,-0.22364876253887775,2033,3,13,False,True,False,False,False,False,False,True
1.4628281653915773,-0.4162594981276678,1.3809143771690149,-0.989169228944932,-0.06390772325360648,0.14052849963462327,2033,3,14,False,True,False,True,False,False,False,False
-0.0221760631461638,1.4906498801780805,0.1974087402397941,-0.6720058234861235,-1.1005293494272637,0.9527170938417333,2033,3,15,True,False,False,False,True,False,False,True
-0.5171774726587443,0.7382972289226318,0.9864124981926082,1.548138014725536,-1.359684755970678,-0.1009303196197535,2033,3,16,True,False,False,True,False,False,False,False
-0.5171774726587443,1.474814608793767,1.5781653166572187,-0.037679012568506524,0.8863287674055794,0.1063220382066414,2033,3,17,False,True,False,True,False,False,True,False
-1.0121788821713247,1.0210868141663747,0.6905360889603027,1.2309746092667273,-0.8413739428838494,-0.3639738334866186,2033,3,18,False,False,True,False,True,False,True,False
0.4728253463664166,0.3723724689112446,0.1974087402397941,1.2309746092667273,1.0590990384345225,0.5739658655106534,2033,3,19,False,False,False,False,True,False,False,False
-0.5171774726587443,-1.3332871544132692,-1.676475184898139,0.9138112038079189,0.8863287674055794,-0.9484181157670818,2033,3,20,False,False,True,False,True,False,False,False
-0.5171774726587443,-0.7261699399587231,-0.4929695479689182,-0.6720058234861235,-1.014144213912792,-0.6557355502537171,2033,3,21,False,True,False,False,True,False,False,True
1.4628281653915773,1.6151458384122144,0.1974087402397941,-0.037679012568506524,1.4046395804924077,2.749223934151831,2033,3,22,False,False,True,True,False,False,True,False
0.4728253463664166,-0.6296220539812313,0.9864124981926082,0.9138112038079189,-1.186914484941735,-0.35800673361081126,2033,3,23,False,True,False,False,False,True,False,False
-0.0221760631461638,-1.411399948331411,-0.2957186084807148,0.9138112038079189,1.0590990384345225,-0.9599103081204886,2033,3,24,False,True,False,False,False,False,False,True
-0.0221760631461638,0.7120035880046491,1.5781653166572187,-0.037679012568506524,-0.23667799428254913,0.14004965828656454,2033,3,25,False,True,False,False,False,True,True,False
-0.5171774726587443,0.8034109194655913,-0.7888459572012234,-0.354842418027315,-1.1005293494272637,0.22292604545055536,2033,3,26,False,False,True,True,False,False,False,True
1.4628281653915773,-0.7470275921925387,0.7891615587044045,-0.989169228944932,1.5774098515213508,-0.09279001670275708,2033,3,27,False,True,False,False,True,False,True,False
-0.0221760631461638,-0.7047805062231957,-0.2957186084807148,-0.354842418027315,1.6637949870358226,-0.46067522982789144,2033,3,28,False,True,False,False,False,False,False,False
-0.0221760631461638,-0.11296678165125076,-0.09846766899251111,-0.989169228944932,0.022477412260865026,-0.0709720404078813,2033,3,29,False,True,False,False,False,False,True,False
0.967826755878997,-1.6583829124598786,0.9864124981926082,-0.354842418027315,-0.06390772325360648,-1.103059315223447,2033,3,30,False,False,False,False,False,True,True,False
1.4628281653915773,0.9946159127478211,-0.7888459572012234,1.2309746092667273,1.4046395804924077,2.4374690563553747,2033,3,31,True,False,False,True,False,False,True,False
-0.0221760631461638,-0.6376578633404351,-1.4792242454099356,1.2309746092667273,0.3680179543187507,-0.2950943472658795,2033,4,1,False,True,False,True,False,False,False,True
-1.0121788821713247,1.2173732751316304,0.00015780075159044688,-1.6234960398625489,-0.7549888073693778,-0.21435432919322717,2033,4,2,True,False,False,True,False,False,False,True
-1.507180291683905,1.040644556062672,0.09878327049569227,-0.037679012568506524,-0.23667799428254913,-0.7683614909137596,2033,4,3,True,False,False,False,False,False,True,False
-0.5171774726587443,0.5524691374910458,0.9864124981926082,0.27948439289030197,1.1454841739489936,-0.18433466006493723,2033,4,4,False,False,True,False,False,True,False,True
-0.5171774726587443,-0.6107733540872167,1.5781653166572187,-1.3063326344037405,1.2318693094634654,-0.7517616575143944,2033,4,5,False,True,False,False,False,False,False,False
-1.0121788821713247,0.05099918137661932,-1.5778497151540374,-0.989169228944932,1.5774098515213508,-0.4872693416200699,2033,4,6,False,False,False,False,False,False,False,True
-1.507180291683905,-0.19610195641889513,0.2960342099838957,1.2309746092667273,-0.6686036718549063,-0.9832875882923758,2033,4,7,False,True,False,False,True,False,True,False
-1.507180291683905,-0.5623221505979001,0.5919106192162009,0.9138112038079189,0.6271733608621652,-1.0512585037501319,2033,4,8,False,False,True,False,False,True,True,False
-1.0121788821713247,1.19793370690238,1.6767907864013198,0.5966477983491104,-1.4460698914851493,-0.4343635116512348,2033,4,9,False,True,False,False,True,False,False,False
0.4728253463664166,-0.06244753898860965,1.479539846913117,-0.6720058234861235,0.7999436318911078,-0.025150606793657115,2033,4,10,True,False,False,True,False,False,True,False
0.4728253463664166,1.1446373830641317,0.6905360889603027,1.548138014725536,0.2816328188042792,1.0617210294331274,2033,4,11,True,False,False,False,False,False,False,False
-1.507180291683905,-1.3700391648649213,0.00015780075159044688,0.5966477983491104,-0.8413739428838494,-1.173178877755825,2033,4,12,True,False,False,False,False,True,True,False
0.4728253463664166,-1.24625224863307,-1.1833478361776304,1.548138014725536,0.5407882253476938,-0.6876091948578237,2033,4,13,False,True,False,True,False,False,True,False
0.4728253463664166,1.6444529078398988,-0.4929695479689182,0.5966477983491104,-1.2732996204562066,1.8834373386682757,2033,4,14,False,False,True,False,False,True,True,False
0.4728253463664166,0.2979230586715629,0.1974087402397941,-0.037679012568506524,-0.5822185363404352,0.5120848297615402,2033,4,15,False,True,False,False,False,False,False,True
-1.507180291683905,0.02836892413709716,0.6905360889603027,-1.6234960398625489,-0.3230631297970206,-0.9618133955294396,2033,4,16,False,False,True,False,False,True,True,False
0.4728253463664166,0.07463391478604203,0.3946596797279975,-1.3063326344037405,0.9727139029200506,0.28707850810712604,2033,4,17,False,False,True,True,False,False,True,False
-0.5171774726587443,-0.9896381306402628,0.6905360889603027,-0.6720058234861235,-0.6686036718549063,-0.8609252068884746,2033,4,18,True,False,False,False,True,False,False,False
0.967826755878997,0.750528203462008,-0.2957186084807148,-0.6720058234861235,-1.5324550269996209,1.4763730808853193,2033,4,19,False,False,True,False,False,False,False,False
-1.507180291683905,-1.4406479309255718,0.6905360889603027,-1.3063326344037405,-1.1005293494272637,-1.1907609498178746,2033,4,20,False,False,True,False,True,False,False,False
-1.0121788821713247,0.2479946843441575,-1.281973305921732,0.9138112038079189,0.3680179543187507,-0.4328533197073577,2033,4,21,True,False,False,False,False,False,False,False
0.4728253463664166,0.23919074614914748,-1.1833478361776304,-1.3063326344037405,-1.6188401625140922,0.7631327539603728,2033,4,22,False,False,True,True,False,False,True,False
-0.0221760631461638,1.4262452316374032,-1.1833478361776304,-0.037679012568506524,1.0590990384345225,1.2879183154660463,2033,4,23,False,True,False,False,False,False,True,False
-1.507180291683905,0.08509228431971147,1.282288907424913,-0.354842418027315,1.4046395804924077,-0.976755701185525,2033,4,24,True,False,False,False,True,False,False,False
1.4628281653915773,-1.259960394010535,-1.4792242454099356,-0.6720058234861235,0.022477412260865026,-0.45675855316043773,2033,4,25,False,False,True,False,False,False,False,True
-1.0121788821713247,0.2460448188378802,0.9864124981926082,-0.037679012568506524,0.7135584963766364,-0.6313269194860112,2033,4,26,True,False,False,True,False,False,False,False
0.967826755878997,-1.4180176736860495,-0.9860968966894269,-0.6720058234861235,-0.06390772325360648,-0.7864715162570021,2033,4,27,False,True,False,False,False,False,True,False
-0.5171774726587443,-1.0292853959345696,-0.19709313873661294,0.9138112038079189,-0.6686036718549063,-0.8349695502270411,2033,4,28,True,False,False,False,True,False,True,False
1.4628281653915773,-1.6261805881895401,1.3809143771690149,1.548138014725536,-1.1005293494272637,-1.0562188089966877,2033,4,29,False,False,True,True,False,False,True,False
-1.0121788821713247,0.04054081184294953,0.2960342099838957,1.2309746092667273,0.10886254777533654,-0.638632319539726,2033,4,30,False,False,False,False,True,False,False,False
0.4728253463664166,-1.4415342334284251,-1.0847223664335286,0.27948439289030197,1.4910247160068797,-0.882288897801859,2033,5,1,True,False,False,False,False,False,True,False
-0.0221760631461638,-0.111194176645544,-0.7888459572012234,-0.989169228944932,1.4046395804924077,0.029805646383531455,2033,5,2,False,False,True,False,False,True,True,False
0.4728253463664166,1.4910634880127451,1.3809143771690149,1.2309746092667273,1.4910247160068797,1.0906970699823153,2033,5,3,False,False,False,False,True,False,True,False
-1.0121788821713247,0.7541915871404685,-0.2957186084807148,-0.6720058234861235,1.6637949870358226,-0.34008087801682224,2033,5,4,False,True,False,False,False,False,False,False
-1.507180291683905,-1.466114356174225,0.2960342099838957,-1.6234960398625489,-1.1005293494272637,-1.191767744447126,2033,5,5,False,True,False,False,False,True,True,False
1.4628281653915773,-0.9587357167074427,-0.19709313873661294,-0.037679012568506524,-1.186914484941735,-0.19505333947148007,2033,5,6,False,False,True,False,False,True,False,False
-0.0221760631461638,0.5948343971274358,-0.4929695479689182,-1.3063326344037405,-0.23667799428254913,0.4976827553699314,2033,5,7,False,False,True,True,False,False,False,False
1.4628281653915773,1.3588862414205485,-0.9860968966894269,-0.6720058234861235,0.7135584963766364,2.749223934151831,2033,5,8,False,False,False,False,False,True,True,False
1.4628281653915773,-1.6199173838360432,0.5919106192162009,-0.354842418027315,-0.150292858768078,-1.0264692555006358,2033,5,9,True,False,False,False,True,False,False,False
-0.0221760631461638,1.0745603985051932,0.6905360889603027,0.5966477983491104,1.4046395804924077,0.5556471144515905,2033,5,10,False,True,False,False,True,False,True,False
-1.0121788821713247,0.208229245382804,-0.7888459572012234,-0.989169228944932,0.7999436318911078,-0.4907440108893157,2033,5,11,True,False,False,False,False,True,True,False
0.967826755878997,0.15386935854113148,0.9864124981926082,-0.037679012568506524,0.4544030898332222,0.5237611918642002,2033,5,12,False,True,False,False,False,False,False,False
0.967826755878997,1.5770348307895206,1.1836634376808113,-1.6234960398625489,-1.4460698914851493,1.7165304339116398,2033,5,13,False,True,False,False,True,False,False,False
0.4728253463664166,0.8505622126173897,1.3809143771690149,0.9138112038079189,-1.1005293494272637,0.6381797180836418,2033,5,14,False,False,True,False,True,False,False,False
-1.0121788821713247,1.2047877795911128,-1.1833478361776304,-1.6234960398625489,-0.23667799428254913,-0.06768154088788883,2033,5,15,False,True,False,True,False,False,False,False
-0.0221760631461638,-0.5100893897630759,-0.6902204874571217,-1.3063326344037405,1.6637949870358226,-0.27950130849576577,2033,5,16,False,False,True,False,False,False,False,True
-1.0121788821713247,0.18246738596653317,1.1836634376808113,-1.6234960398625489,-0.5822185363404352,-0.6670190168913033,2033,5,17,True,False,False,False,False,True,True,False
-0.0221760631461638,0.39346646847915434,-1.0847223664335286,0.5966477983491104,0.4544030898332222,0.46258000116224973,2033,5,18,True,False,False,False,False,False,False,False
1.4628281653915773,-0.6221180261237397,-1.7751006546422408,-0.6720058234861235,1.7501801225502938,0.49557094224516,2033,5,19,False,True,False,True,False,False,False,False
0.4728253463664166,0.23741814114344104,1.1836634376808113,-1.3063326344037405,-0.7549888073693778,0.24778896159975258,2033,5,20,False,True,False,True,False,False,True,False
-1.507180291683905,-0.9157205019022934,-0.6902204874571217,0.27948439289030197,-1.1005293494272637,-1.0825796391064786,2033,5,21,False,True,False,False,False,False,True,False
1.4628281653915773,-1.2381573524403426,-0.2957186084807148,0.5966477983491104,0.19524768328980804,-0.5279585782217685,2033,5,22,False,False,False,True,False,False,False,False
-1.507180291683905,-0.4410759682075616,-0.19709313873661294,0.9138112038079189,0.19524768328980804,-1.009145021087541,2033,5,23,False,False,True,True,False,False,True,False
-1.0121788821713247,0.8216687510243705,1.1836634376808113,-0.354842418027315,1.4910247160068797,-0.48106896006187494,2033,5,24,True,False,False,True,False,False,True,False
-0.0221760631461638,1.4331583911596597,-0.59159501771302,-0.989169228944932,-1.6188401625140922,1.1309565771690897,2033,5,25,False,True,False,False,False,False,False,False
-1.507180291683905,-0.15160957077565704,1.282288907424913,-1.6234960398625489,-0.3230631297970206,-1.0107043249645522,2033,5,26,False,False,False,True,False,False,False,True
1.4628281653915773,0.4882417494509395,0.3946596797279975,0.5966477983491104,-0.6686036718549063,1.3712612659948122,2033,5,27,False,True,False,False,False,True,False,True
-0.0221760631461638,-1.377543192722413,0.00015780075159044688,-0.037679012568506524,0.2816328188042792,-0.9470798155891745,2033,5,28,False,True,False,False,False,True,True,False
0.4728253463664166,1.3926248233624996,-0.6902204874571217,-0.354842418027315,-1.7052252980285638,1.7226080356369988,2033,5,29,True,False,False,False,True,False,False,False
1.4628281653915773,0.23168671829165588,-0.8874714269453252,0.27948439289030197,0.7135584963766364,1.4685888394835462,2033,5,30,False,False,False,False,False,True,True,False
-1.0121788821713247,0.9635953251479538,0.3946596797279975,-0.354842418027315,-0.06390772325360648,-0.34715299638814945,2033,5,31,False,True,False,False,True,False,True,False
-0.0221760631461638,1.0123419628048882,-0.19709313873661294,1.548138014725536,0.7135584963766364,0.7289140145491074,2033,6,1,False,True,False,False,False,False,False,False
-1.0121788821713247,-0.8471797750149676,1.3809143771690149,-0.6720058234861235,-0.150292858768078,-0.9746684440273209,2033,6,2,False,False,False,True,False,False,True,False
-0.0221760631461638,0.0954324801863339,-0.09846766899251111,-0.354842418027315,-0.06390772325360648,0.07279086585925468,2033,6,3,False,True,False,False,False,True,True,False
1.4628281653915773,1.5862523768191952,0.00015780075159044688,1.548138014725536,1.4046395804924077,2.749223934151831,2033,6,4,False,True,False,False,True,False,False,True
0.967826755878997,-1.4238672702048818,-0.2957186084807148,0.27948439289030197,-1.014144213912792,-0.8279588217721318,2033,6,5,True,False,False,False,False,False,False,True
0.967826755878997,0.6272730687318685,0.9864124981926082,1.548138014725536,-0.9277590783983208,0.9487267492745782,2033,6,6,False,False,False,False,True,False,False,False
-0.0221760631461638,1.5923974075056448,-0.2957186084807148,-0.037679012568506524,0.19524768328980804,1.1622899905087198,2033,6,7,True,False,False,True,False,False,False,True
0.4728253463664166,-0.694735744524191,-0.8874714269453252,1.2309746092667273,0.5407882253476938,-0.18412593434911673,2033,6,8,False,False,False,False,False,True,False,False
-1.0121788821713247,1.243962350217231,1.1836634376808113,1.2309746092667273,-0.49583340082596367,-0.35821545932663174,2033,6,9,False,False,True,False,False,False,True,False
-0.5171774726587443,1.493545135020735,0.2960342099838957,1.548138014725536,0.10886254777533654,0.3827485538525804,2033,6,10,False,True,False,False,True,False,False,False
-0.0221760631461638,0.848671433944636,0.2960342099838957,0.9138112038079189,-0.9277590783983208,0.5036375772624551,2033,6,11,False,False,False,False,False,False,True,False
-0.0221760631461638,-0.9340965071281194,0.2960342099838957,1.2309746092667273,-1.2732996204562066,-0.6669944609247361,2033,6,12,True,False,False,False,True,False,True,False
0.967826755878997,-0.5792209849856375,0.6905360889603027,-1.3063326344037405,-0.8413739428838494,-0.08782971145620122,2033,6,13,False,True,False,False,True,False,False,True
-1.507180291683905,-1.609931708970562,-0.6902204874571217,0.27948439289030197,1.4910247160068797,-1.2109582323193213,2033,6,14,True,False,False,True,False,False,False,False
1.4628281653915773,1.1402649573833885,-1.676475184898139,-1.6234960398625489,1.0590990384345225,2.749223934151831,2033,6,15,False,True,False,True,False,False,True,False
0.967826755878997,1.2030151745854059,0.9864124981926082,0.5966477983491104,-1.186914484941735,1.4655561776125081,2033,6,16,False,True,False,False,True,False,True,False
-1.0121788821713247,0.45332143083851734,-1.281973305921732,-0.6720058234861235,-1.5324550269996209,-0.3517817960860493,2033,6,17,False,True,False,False,False,True,True,False
0.967826755878997,-0.5151708574461019,0.6905360889603027,0.5966477983491104,-1.359684755970678,-0.027937708999023893,2033,6,18,True,False,False,False,False,False,False,True
-0.5171774726587443,-1.4682414821810728,-1.4792242454099356,0.5966477983491104,-0.6686036718549063,-1.0361197503615096,2033,6,19,False,False,True,False,False,False,False,False
0.4728253463664166,0.8692927388443573,-0.4929695479689182,-0.6720058234861235,1.0590990384345225,1.1827573886424045,2033,6,20,True,False,False,True,False,False,False,False
1.4628281653915773,0.7775899732157969,-1.5778497151540374,-0.6720058234861235,-0.5822185363404352,2.4559105872472733,2033,6,21,False,False,False,False,False,True,False,False
-0.5171774726587443,1.4207501561197127,0.00015780075159044688,-0.354842418027315,-1.1005293494272637,0.4075500800853599,2033,6,22,False,True,False,False,True,False,False,False
0.4728253463664166,0.7914162922603094,0.49328514947209934,0.27948439289030197,-0.3230631297970206,0.8408032762121367,2033,6,23,False,True,False,True,False,False,False,False
-0.5171774726587443,1.130751977186096,-1.1833478361776304,-0.037679012568506524,-1.2732996204562066,0.4802234631407173,2033,6,24,False,True,False,False,True,False,False,False
1.4628281653915773,0.8447126160985575,-0.4929695479689182,-1.6234960398625489,-0.06390772325360648,2.124847045989518,2033,6,25,False,True,False,False,True,False,False,True
0.967826755878997,0.44629009764921407,1.479539846913117,-0.037679012568506524,0.6271733608621652,0.6448343850233283,2033,6,26,False,True,False,True,False,False,False,True
-0.5171774726587443,-0.2578476974510122,-0.2957186084807148,-0.989169228944932,-0.40944826531149214,-0.4212506255043989,2033,6,27,False,False,True,False,False,True,False,True
0.967826755878997,1.3845299271697724,0.9864124981926082,0.9138112038079189,-1.1005293494272637,1.628497293768556,2033,6,28,False,False,False,False,False,False,False,False
1.4628281653915773,0.516426169041676,1.3809143771690149,-0.989169228944932,-0.150292858768078,1.0630470516277513,2033,6,29,False,False,False,True,False,False,False,True
0.967826755878997,-0.3567590567694462,1.5781653166572187,0.9138112038079189,0.8863287674055794,-0.044255148782867376,2033,6,30,False,True,False,False,False,True,True,False
-1.0121788821713247,-1.4451976171068859,1.282288907424913,-0.354842418027315,-1.4460698914851493,-1.1420910240818658,2033,7,1,False,False,False,False,True,False,False,True
0.967826755878997,-0.7288879343008068,-0.6902204874571217,1.2309746092667273,-1.4460698914851493,-0.03691291477930194,2033,7,2,False,True,False,True,False,False,False,True
-1.507180291683905,0.14571537551488067,1.5781653166572187,0.5966477983491104,-0.5822185363404352,-0.9803408723043228,2033,7,3,False,True,False,False,False,False,False,True
-0.5171774726587443,-0.7809434346350603,0.9864124981926082,0.9138112038079189,-0.23667799428254913,-0.7828249552217865,2033,7,4,False,False,False,False,False,False,False,True
1.4628281653915773,-0.9690168257405416,1.0850379679367095,0.9138112038079189,-0.9277590783983208,-0.3689709726830252,2033,7,5,True,False,False,False,True,False,True,False
-0.0221760631461638,0.08928744949988389,-1.676475184898139,0.27948439289030197,-1.6188401625140922,0.32278288349570183,2033,7,6,False,True,False,True,False,False,True,False
-0.0221760631461638,-1.1467500209794004,1.479539846913117,1.2309746092667273,-0.9277590783983208,-0.8740135370687435,2033,7,7,True,False,False,False,False,False,True,False
-0.0221760631461638,1.0329632677046094,0.8877870284485064,-1.6234960398625489,-0.23667799428254913,0.48224933038250356,2033,7,8,False,True,False,True,False,False,False,False
1.4628281653915773,-0.05943411047890831,0.8877870284485064,0.5966477983491104,-1.4460698914851493,0.621678108550545,2033,7,9,False,False,True,False,False,False,True,False
-1.507180291683905,0.24988546301691128,-1.4792242454099356,0.27948439289030197,0.7999436318911078,-0.8325630655034646,2033,7,10,True,False,False,False,True,False,False,False
0.967826755878997,-1.2242719465623069,-0.9860968966894269,-0.6720058234861235,0.19524768328980804,-0.5642400188246711,2033,7,11,False,False,False,False,True,False,False,False
-0.5171774726587443,-0.6117778302571173,1.5781653166572187,-0.037679012568506524,-0.23667799428254913,-0.7521791089460352,2033,7,12,False,True,False,True,False,False,False,False
0.4728253463664166,-0.31622548897228614,0.00015780075159044688,1.2309746092667273,0.10886254777533654,0.032911976154270633,2033,7,13,True,False,False,False,False,True,False,True
0.4728253463664166,1.0599068637913514,-0.3943440782248163,-1.3063326344037405,0.5407882253476938,1.325108326831932,2033,7,14,True,False,False,False,False,True,False,False
1.4628281653915773,0.9283795723679141,1.0850379679367095,-0.6720058234861235,1.7501801225502938,1.59054604743909,2033,7,15,True,False,False,False,True,False,False,False
-1.0121788821713247,-0.9629899687211387,-1.4792242454099356,0.5966477983491104,0.9727139029200506,-0.9038244804812131,2033,7,16,False,True,False,False,False,False,False,False
-1.507180291683905,0.3961253759877143,-0.2957186084807148,-0.6720058234861235,0.19524768328980804,-0.8584082203153461,2033,7,17,False,False,True,False,False,True,False,True
-0.5171774726587443,-0.8922039421599178,-0.4929695479689182,1.2309746092667273,0.9727139029200506,-0.7457822796553034,2033,7,18,False,False,False,False,True,False,True,False
0.967826755878997,1.6822093944614513,-0.59159501771302,-0.6720058234861235,-0.06390772325360648,2.594811412134122,2033,7,19,False,False,False,False,False,False,True,False
-0.0221760631461638,1.557358915226176,-0.6902204874571217,-0.6720058234861235,-0.6686036718549063,1.249893401236879,2033,7,20,False,False,True,False,False,False,False,True
-1.507180291683905,0.21325162623230612,-1.0847223664335286,1.2309746092667273,-0.8413739428838494,-0.8568734724049019,2033,7,21,False,False,False,False,False,True,False,False
-1.507180291683905,0.6821056502417293,-1.1833478361776304,0.9138112038079189,-0.3230631297970206,-0.7610560908600449,2033,7,22,True,False,False,False,True,False,False,False
-0.5171774726587443,1.0365084777160227,0.3946596797279975,1.548138014725536,-1.7052252980285638,0.13985321055402783,2033,7,23,False,False,True,False,False,False,False,False
1.4628281653915773,0.7584458391541645,1.3809143771690149,-1.3063326344037405,-1.1005293494272637,1.3024308917072074,2033,7,24,False,True,False,False,False,False,True,False
0.967826755878997,0.6852963392520012,0.00015780075159044688,0.27948439289030197,-1.2732996204562066,1.3134565206958393,2033,7,25,True,False,False,True,False,False,False,False
1.4628281653915773,1.5795755646310332,-0.7888459572012234,-0.989169228944932,1.5774098515213508,2.749223934151831,2033,7,26,False,True,False,True,False,False,True,False
1.4628281653915773,0.3279982569350535,-1.1833478361776304,-0.6720058234861235,-1.4460698914851493,1.689911766152894,2033,7,27,True,False,False,False,False,True,False,False
-1.0121788821713247,0.46572966587846437,1.0850379679367095,-1.6234960398625489,0.022477412260865026,-0.5751060340306166,2033,7,28,False,True,False,True,False,False,False,False
1.4628281653915773,1.2018334379149347,1.5781653166572187,-0.989169228944932,1.4910247160068797,1.653016426385814,2033,7,29,False,False,False,False,True,False,False,False
0.967826755878997,0.5818352937522533,-0.59159501771302,-1.3063326344037405,0.3680179543187507,1.3875295938455217,2033,7,30,False,True,False,False,False,True,False,False
-1.0121788821713247,0.7997475357871308,-0.7888459572012234,1.2309746092667273,0.022477412260865026,-0.26949475211966917,2033,7,31,False,True,False,False,False,True,False,True
-1.0121788821713247,-0.924288092763209,0.2960342099838957,0.27948439289030197,0.8863287674055794,-0.9554042882554242,2033,8,1,True,False,False,True,False,False,False,False
-0.0221760631461638,-0.45041168790428365,0.8877870284485064,-0.037679012568506524,-0.49583340082596367,-0.4178127901850038,2033,8,2,False,True,False,False,False,False,False,True
-0.0221760631461638,-1.2245673807299244,-0.19709313873661294,-1.6234960398625489,-1.014144213912792,-0.832882293068837,2033,8,3,False,True,False,False,True,False,False,False
-0.5171774726587443,0.014483518259061181,0.3946596797279975,1.548138014725536,1.2318693094634654,-0.3570981628478282,2033,8,4,False,True,False,False,True,False,False,False
0.967826755878997,-0.15846364346438943,0.6905360889603027,0.5966477983491104,-1.5324550269996209,0.30561826286529303,2033,8,5,True,False,False,False,True,False,True,False
1.4628281653915773,1.7130527215607483,1.5781653166572187,0.9138112038079189,1.0590990384345225,2.143791974196042,2033,8,6,True,False,False,False,False,True,True,False
-1.0121788821713247,0.378990194265883,-1.1833478361776304,-1.6234960398625489,-1.359684755970678,-0.39028555166327533,2033,8,7,False,False,True,False,True,False,False,False
-0.5171774726587443,0.9846893247158636,1.6767907864013198,-0.354842418027315,0.4544030898332222,-0.11282768542151758,2033,8,8,False,False,True,False,False,False,True,False
-1.0121788821713247,-0.5791618981521138,-0.3943440782248163,0.27948439289030197,-0.06390772325360648,-0.8059198417781519,2033,8,9,True,False,False,False,False,False,False,False
-1.507180291683905,1.1405603915510063,0.6905360889603027,-1.3063326344037405,1.7501801225502938,-0.7884851055155049,2033,8,10,False,True,False,True,False,False,False,False
0.4728253463664166,0.39234381864220674,0.1974087402397941,-0.037679012568506524,-0.3230631297970206,0.5905656989100188,2033,8,11,False,True,False,False,True,False,False,True
0.4728253463664166,0.675487924887091,-0.09846766899251111,0.5966477983491104,1.5774098515213508,0.9037647744902025,2033,8,12,False,False,True,False,False,True,False,True
-1.0121788821713247,-0.7160070045926713,0.5919106192162009,0.5966477983491104,-0.3230631297970206,-0.9008163745767422,2033,8,13,False,True,False,True,False,False,True,False
-0.5171774726587443,0.1626732967361415,-0.3943440782248163,1.2309746092667273,0.6271733608621652,-0.1860535777246348,2033,8,14,False,True,False,False,False,False,True,False
-0.0221760631461638,0.4578711170198314,-1.3805987756658338,1.2309746092667273,0.5407882253476938,0.5692142859799181,2033,8,15,False,False,True,False,True,False,False,False
0.967826755878997,0.3025318316864005,-0.09846766899251111,0.5966477983491104,-1.4460698914851493,0.9486285254083099,2033,8,16,True,False,False,False,False,False,True,False
-1.0121788821713247,1.4297313548152932,0.00015780075159044688,-0.037679012568506524,0.8863287674055794,-0.1419878957199588,2033,8,17,False,True,False,True,False,False,True,False
-1.0121788821713247,1.3712353896269722,-1.0847223664335286,-0.037679012568506524,-1.014144213912792,-0.015929841347707925,2033,8,18,False,True,False,False,False,False,False,True
0.967826755878997,1.6225907794361825,1.479539846913117,1.548138014725536,-0.3230631297970206,1.6274413872061706,2033,8,19,False,False,False,False,True,False,False,True
1.4628281653915773,0.5733267897248612,-0.9860968966894269,-0.989169228944932,0.9727139029200506,1.9556564363421411,2033,8,20,False,False,False,False,True,False,False,False
-0.0221760631461638,1.625781468446455,-0.3943440782248163,-1.3063326344037405,1.5774098515213508,1.214532809380243,2033,8,21,False,False,True,True,False,False,False,False
-1.0121788821713247,1.143810167394802,-1.281973305921732,-0.354842418027315,0.19524768328980804,-0.07917373324129558,2033,8,22,True,False,False,False,True,False,True,False
-1.507180291683905,-0.7975468348551797,0.09878327049569227,0.9138112038079189,0.10886254777533654,-1.0777543916760417,2033,8,23,True,False,False,False,False,False,False,False
-0.0221760631461638,-0.25625235294587595,-0.6902204874571217,-0.6720058234861235,0.022477412260865026,-0.09172183215708786,2033,8,24,False,False,False,False,False,False,False,False
-1.507180291683905,-0.9096936448828905,-0.09846766899251111,-0.354842418027315,1.1454841739489936,-1.09284403313153,2033,8,25,False,False,False,False,False,True,False,False
0.4728253463664166,-1.7191832641556186,-0.9860968966894269,-0.037679012568506524,1.7501801225502938,-1.1516310170931874,2033,8,26,False,True,False,False,False,True,True,False
0.967826755878997,-1.0837043696097652,-1.5778497151540374,1.548138014725536,0.4544030898332222,-0.34774233958576006,2033,8,27,False,False,True,False,False,True,False,True
-0.0221760631461638,-1.719655958823807,0.8877870284485064,-0.037679012568506524,-0.40944826531149214,-1.187937013662657,2033,8,28,False,True,False,False,False,False,False,False
1.4628281653915773,0.7544870213080864,0.3946596797279975,-0.6720058234861235,-0.9277590783983208,1.6733364887200959,2033,8,29,False,True,False,False,False,False,False,False
-0.0221760631461638,-0.26281099146699083,-0.59159501771302,-0.6720058234861235,-1.014144213912792,-0.10953718590152497,2033,8,30,False,False,True,True,False,False,False,True
-0.5171774726587443,-0.653256787390654,-1.5778497151540374,0.5966477983491104,1.2318693094634654,-0.5360252132390635,2033,8,31,True,False,False,False,False,True,True,False
-0.5171774726587443,0.8992497634408005,1.1836634376808113,-0.354842418027315,1.7501801225502938,-0.06262301177506449,2033,9,1,False,False,False,False,False,False,True,False
0.967826755878997,1.143810167394802,-1.1833478361776304,1.548138014725536,0.7135584963766364,2.225993072279438,2033,9,2,False,True,False,True,False,False,False,True
1.4628281653915773,1.6374806614841186,1.479539846913117,-0.354842418027315,1.5774098515213508,2.121568824452809,2033,9,3,True,False,False,False,False,False,False,True
-0.0221760631461638,0.4854646682753322,-0.09846766899251111,0.9138112038079189,-0.49583340082596367,0.3418751475016285,2033,9,4,False,False,False,True,False,False,False,False
0.4728253463664166,-0.13843320689990377,-0.59159501771302,-0.6720058234861235,0.4544030898332222,0.28936221299786724,2033,9,5,False,False,False,False,False,True,True,False
1.4628281653915773,-0.6785459521387364,0.7891615587044045,0.27948439289030197,0.022477412260865026,-0.019085283051581275,2033,9,6,False,True,False,False,False,True,False,False
-1.0121788821713247,-0.9652352683950339,1.282288907424913,-0.354842418027315,-0.06390772325360648,-1.0044671094565067,2033,9,7,True,False,False,False,False,True,True,False
0.967826755878997,-0.9977330268329901,-0.4929695479689182,0.9138112038079189,0.4544030898332222,-0.35579669661977154,2033,9,8,True,False,False,False,False,False,False,False
1.4628281653915773,-0.31929800431551114,-0.3943440782248163,0.5966477983491104,-0.6686036718549063,0.629965747266944,2033,9,9,False,True,False,False,False,False,True,False
0.967826755878997,1.6944994558343516,-0.2957186084807148,0.5966477983491104,0.5407882253476938,2.4767586028627484,2033,9,10,False,False,False,True,False,False,False,True
1.4628281653915773,-1.7307642835262356,1.3809143771690149,1.2309746092667273,0.6271733608621652,-1.1596608181606318,2033,9,11,False,False,False,False,True,False,False,False
-0.5171774726587443,-1.0520338268411389,0.5919106192162009,1.2309746092667273,1.1454841739489936,-0.8852970037063298,2033,9,12,False,True,False,False,True,False,False,True
0.4728253463664166,-1.0825226329392943,-0.8874714269453252,-0.989169228944932,0.7999436318911078,-0.5507587931793285,2033,9,13,False,True,False,False,False,True,True,False
0.967826755878997,0.7450331279443172,-1.1833478361776304,0.9138112038079189,-0.5822185363404352,1.7586439165742305,2033,9,14,False,True,False,False,True,False,True,False
0.4728253463664166,-0.5153481179466726,-0.9860968966894269,0.5966477983491104,-0.150292858768078,-0.0009384237584882066,2033,9,15,False,False,False,False,False,True,False,True
0.967826755878997,-0.15314582844726946,-0.8874714269453252,-0.989169228944932,-1.2732996204562066,0.6435697527451223,2033,9,16,False,True,False,True,False,False,True,False
-0.5171774726587443,-1.2199586077150872,-0.9860968966894269,1.2309746092667273,-0.8413739428838494,-0.9047698851940468,2033,9,17,True,False,False,False,True,False,False,False
-1.0121788821713247,-0.3338333653623062,0.49328514947209934,-1.6234960398625489,0.10886254777533654,-0.7739111393579262,2033,9,18,True,False,False,False,True,False,True,False
-0.5171774726587443,-1.377011411220701,-1.3805987756658338,-0.354842418027315,-1.359684755970678,-0.9837295956905837,2033,9,19,True,False,False,False,False,True,False,False
0.967826755878997,0.10878610456265769,-0.3943440782248163,-0.6720058234861235,0.2816328188042792,0.8203604340450191,2033,9,20,False,True,False,True,False,False,True,False
0.4728253463664166,-1.3952101559459564,0.3946596797279975,0.5966477983491104,-0.3230631297970206,-0.9040945961134513,2033,9,21,False,True,False,False,True,False,True,False
-1.507180291683905,0.99875199109447,-0.7888459572012234,-0.037679012568506524,-1.6188401625140922,-0.722662837132371,2033,9,22,False,False,False,False,True,False,False,False
-0.5171774726587443,0.22477355876939964,-1.5778497151540374,1.2309746092667273,-0.23667799428254913,0.0003753204528521538,2033,9,23,False,False,False,False,True,False,True,False
0.4728253463664166,0.7687269481872634,-1.4792242454099356,-0.354842418027315,-0.7549888073693778,1.3610582618861788,2033,9,24,False,False,True,True,False,False,True,False
1.4628281653915773,-0.2870956800451728,-1.3805987756658338,0.9138112038079189,-1.4460698914851493,0.8935617703815691,2033,9,25,False,True,False,True,False,False,False,False
1.4628281653915773,-0.41507776145719677,1.0850379679367095,-0.037679012568506524,-0.6686036718549063,0.2030971024476155,2033,9,26,False,True,False,False,True,False,False,False
-0.5171774726587443,-1.3942647666095798,0.49328514947209934,1.548138014725536,-0.6686036718549063,-1.0447634505931316,2033,9,27,True,False,False,False,False,True,True,False
0.967826755878997,0.07705647496050767,-1.5778497151540374,1.548138014725536,-0.49583340082596367,1.0705120654641522,2033,9,28,False,True,False,False,False,True,False,False
1.4628281653915773,0.04467689018959878,-0.3943440782248163,1.548138014725536,-0.40944826531149214,1.0852702013709845,2033,9,29,False,False,False,False,True,False,False,True
0.4728253463664166,-0.1156847759933346,-0.7888459572012234,1.548138014725536,-0.23667799428254913,0.3456199324031125,2033,9,30,True,False,False,True,False,False,True,False
-1.0121788821713247,0.8259230030380664,0.1974087402397941,-0.989169228944932,-1.359684755970678,-0.3697690415964562,2033,10,1,False,True,False,False,True,False,False,False
0.4728253463664166,1.143928341061849,0.00015780075159044688,-0.037679012568506524,-1.7052252980285638,1.2769049644606985,2033,10,2,False,False,False,True,False,False,False,False
1.4628281653915773,0.861434189985724,-0.09846766899251111,1.548138014725536,0.7999436318911078,1.9898628977701232,2033,10,3,False,False,False,False,True,False,True,False
1.4628281653915773,-1.2364438342681596,-0.6902204874571217,-0.6720058234861235,-0.5822185363404352,-0.49175080551856715,2033,10,4,False,True,False,True,False,False,True,False
-0.0221760631461638,0.4164512467198178,-1.281973305921732,-0.354842418027315,0.4544030898332222,0.5175608103060054,2033,10,5,True,False,False,False,False,False,False,False
-1.507180291683905,-1.45606959447522,0.7891615587044045,-0.037679012568506524,-0.6686036718549063,-1.1939286695050315,2033,10,6,False,True,False,False,False,True,False,False
0.967826755878997,0.6672748550273166,1.282288907424913,0.9138112038079189,1.6637949870358226,0.8915113471732158,2033,10,7,True,False,False,False,False,False,True,False
0.4728253463664166,-0.41383693795320203,1.479539846913117,-0.989169228944932,-0.5822185363404352,-0.2697648677519072,2033,10,8,False,True,False,False,False,True,False,True
1.4628281653915773,-1.2757365785613248,-1.5778497151540374,-1.6234960398625489,0.3680179543187507,-0.47106240368577834,2033,10,9,True,False,False,True,False,False,False,False
0.967826755878997,1.2460303893905549,0.7891615587044045,-1.3063326344037405,-0.9277590783983208,1.5806745488791125,2033,10,10,False,False,False,False,False,False,True,False
-0.5171774726587443,0.3886213481302227,0.6905360889603027,0.5966477983491104,0.10886254777533654,-0.21652753223441637,2033,10,11,True,False,False,False,False,True,False,False
-0.5171774726587443,-0.5076077427550867,1.479539846913117,-0.6720058234861235,0.2816328188042792,-0.7011149764697333,2033,10,12,False,True,False,False,True,False,False,True
0.4728253463664166,-1.6274804985270583,-0.8874714269453252,0.27948439289030197,-1.1005293494272637,-1.0660043616736803,2033,10,13,True,False,False,True,False,False,True,False
-0.0221760631461638,0.12355781294354688,0.7891615587044045,-1.3063326344037405,-1.2732996204562066,-0.05336541237926454,2033,10,14,False,True,False,True,False,False,False,False
1.4628281653915773,1.4575021665713652,-1.5778497151540374,1.548138014725536,1.6637949870358226,2.749223934151831,2033,10,15,False,False,False,False,True,False,False,False
0.4728253463664166,0.3277028227674357,0.3946596797279975,1.2309746092667273,1.4046395804924077,0.492157662892332,2033,10,16,True,False,False,False,True,False,True,False
-1.0121788821713247,1.624895165943601,-0.59159501771302,0.5966477983491104,0.5407882253476938,0.01048010069521714,2033,10,17,False,True,False,False,False,True,True,False
-0.0221760631461638,-1.2620875200173833,0.8877870284485064,1.2309746092667273,1.2318693094634654,-0.9103072556549296,2033,10,18,False,True,False,True,False,False,True,False
1.4628281653915773,0.2306822421217553,1.1836634376808113,0.9138112038079189,-1.359684755970678,0.8401402651148248,2033,10,19,False,False,True,False,False,True,True,False
1.4628281653915773,1.0250456320124528,-0.4929695479689182,0.27948439289030197,0.7999436318911078,2.3530579212809397,2033,10,20,False,True,False,False,True,False,True,False
0.967826755878997,0.08284698464581634,0.00015780075159044688,1.2309746092667273,-0.7549888073693778,0.697531489276343,2033,10,21,False,False,True,True,False,False,False,True
0.4728253463664166,-1.4189630630224266,-1.3805987756658338,1.548138014725536,0.19524768328980804,-0.8478982666246238,2033,10,22,False,True,False,False,True,False,False,True
1.4628281653915773,0.2810833111173494,-0.2957186084807148,-1.6234960398625489,0.9727139029200506,1.3504009723960533,2033,10,23,False,True,False,False,False,True,True,False
0.967826755878997,0.38082188610511325,-0.4929695479689182,-1.3063326344037405,-1.6188401625140922,1.139514331517727,2033,10,24,True,False,False,False,False,True,True,False
1.4628281653915773,0.7850940010732889,-1.1833478361776304,0.9138112038079189,0.7135584963766364,2.3148979492356534,2033,10,25,False,False,False,False,False,True,True,False
-1.507180291683905,0.8974771584350938,1.282288907424913,1.2309746092667273,-0.23667799428254913,-0.8602867517577298,2033,10,26,False,False,False,True,False,False,True,False
-0.0221760631461638,0.9305066983747619,-1.281973305921732,0.27948439289030197,-0.150292858768078,0.9234709376603073,2033,10,27,False,True,False,False,True,False,True,False
0.4728253463664166,0.559500470680349,0.3946596797279975,1.548138014725536,1.4046395804924077,0.6800108071307112,2033,10,28,True,False,False,False,True,False,True,False
-1.507180291683905,-0.9877473519675091,1.282288907424913,-0.989169228944932,1.2318693094634654,-1.1305865537451754,2033,10,29,False,True,False,False,False,True,False,True
0.4728253463664166,-0.3364331860373427,1.3809143771690149,-0.354842418027315,-1.5324550269996209,-0.20044337413296034,2033,10,30,True,False,False,False,False,True,True,False
-1.0121788821713247,0.949059964101159,0.9864124981926082,-1.6234960398625489,0.4544030898332222,-0.4209682318888773,2033,10,31,True,False,False,False,False,True,False,False
-0.5171774726587443,1.5618495145739661,-1.1833478361776304,1.2309746092667273,-0.23667799428254913,0.7328429691998448,2033,11,1,False,False,False,False,False,True,True,False
0.967826755878997,-1.4608556279906282,1.0850379679367095,-0.989169228944932,-1.2732996204562066,-0.9302467005074216,2033,11,2,False,False,False,False,False,False,True,False
0.4728253463664166,0.1174127822570972,-0.7888459572012234,1.548138014725536,1.2318693094634654,0.5635786916527665,2033,11,3,True,False,False,False,False,False,False,True
-0.0221760631461638,-0.6534340478912247,1.3809143771690149,-0.6720058234861235,-1.4460698914851493,-0.5895694983386434,2033,11,4,True,False,False,False,False,False,True,False
0.4728253463664166,-0.9545996383607936,0.6905360889603027,-0.6720058234861235,-1.6188401625140922,-0.574074683434798,2033,11,5,False,False,False,False,False,True,False,True
0.4728253463664166,0.01466077875963169,0.8877870284485064,0.27948439289030197,-1.014144213912792,0.14304548620775182,2033,11,6,False,False,True,False,False,True,True,False
0.4728253463664166,0.3612641442088159,-1.4792242454099356,-0.354842418027315,-0.6686036718549063,0.9504211109677085,2033,11,7,False,True,False,False,True,False,False,False
1.4628281653915773,-1.699920956426939,0.1974087402397941,0.9138112038079189,-1.5324550269996209,-1.1077863387876155,2033,11,8,False,True,False,True,False,False,False,True
0.4728253463664166,0.9631226304797654,1.0850379679367095,0.27948439289030197,0.5407882253476938,0.8045218356092341,2033,11,9,True,False,False,False,True,False,True,False
1.4628281653915773,1.1002631710879407,1.1836634376808113,-1.3063326344037405,-0.23667799428254913,1.725554751625052,2033,11,10,False,True,False,False,False,False,True,False
-0.0221760631461638,1.6036239058751212,-1.676475184898139,1.548138014725536,-0.3230631297970206,1.5688876849269007,2033,11,11,False,True,False,False,True,False,False,False
-0.0221760631461638,-1.1092889685254652,1.479539846913117,1.548138014725536,-1.186914484941735,-0.8531532434699849,2033,11,12,False,True,False,False,False,True,True,False
0.4728253463664166,0.32138053158041513,-1.5778497151540374,0.5966477983491104,-0.150292858768078,0.9324952553737195,2033,11,13,True,False,False,False,False,False,False,False
1.4628281653915773,-0.2590294341214833,0.3946596797279975,1.548138014725536,-0.3230631297970206,0.5234419642988278,2033,11,14,False,True,False,False,False,False,True,False
-0.5171774726587443,-0.5763848169765067,0.5919106192162009,-1.3063326344037405,-0.40944826531149214,-0.6599468985199761,2033,11,15,False,True,False,True,False,False,True,False
0.4728253463664166,0.22146469609208044,-1.3805987756658338,0.27948439289030197,-0.9277590783983208,0.7882903417083754,2033,11,16,False,True,False,True,False,False,True,False
0.967826755878997,0.970626658337257,-1.5778497151540374,-0.354842418027315,-1.359684755970678,2.1623194509709256,2033,11,17,False,False,True,False,False,False,False,True
0.967826755878997,-1.6540104867791352,0.8877870284485064,1.2309746092667273,-0.8413739428838494,-1.097030825431222,2033,11,18,False,False,False,False,False,False,True,False
-0.0221760631461638,1.617095703918492,-0.4929695479689182,-0.037679012568506524,0.6271733608621652,1.2369155729061623,2033,11,19,True,False,False,False,True,False,True,False
0.967826755878997,1.0656973734766597,-1.3805987756658338,1.548138014725536,-1.4460698914851493,2.2064588008753026,2033,11,20,True,False,False,False,False,False,False,False
0.967826755878997,0.8626750134897189,0.8877870284485064,-0.6720058234861235,-0.40944826531149214,1.193512901998798,2033,11,21,False,False,False,False,False,True,True,False
-1.0121788821713247,0.8946409904259629,1.1836634376808113,-0.354842418027315,0.10886254777533654,-0.4598403269646098,2033,11,22,False,True,False,False,True,False,True,False
0.4728253463664166,-0.38890229420626105,0.2960342099838957,-0.354842418027315,1.6637949870358226,-0.07368547471354682,2033,11,23,False,True,False,False,False,True,True,False
0.4728253463664166,0.8643294448283784,-1.1833478361776304,0.27948439289030197,1.2318693094634654,1.373667750718389,2033,11,24,False,True,False,False,False,True,False,False
0.4728253463664166,-0.3968199298984177,-1.676475184898139,1.548138014725536,1.4910247160068797,0.21603809682848157,2033,11,25,False,True,False,False,False,True,False,False
0.4728253463664166,1.372712560465061,0.6905360889603027,-0.6720058234861235,1.1454841739489936,1.239457115445858,2033,11,26,True,False,False,False,False,False,True,False
-1.507180291683905,-1.1211063352301767,0.09878327049569227,-0.354842418027315,0.3680179543187507,-1.132219525521888,2033,11,27,False,False,False,True,False,False,True,False
0.4728253463664166,-0.7232155982825452,0.49328514947209934,-0.6720058234861235,1.2318693094634654,-0.3709231720251104,2033,11,28,True,False,False,True,False,False,False,False
1.4628281653915773,0.17200901643286337,0.9864124981926082,-0.6720058234861235,0.2816328188042792,0.8384213474551274,2033,11,29,True,False,False,False,False,True,False,False
-0.0221760631461638,-0.630331095983514,-0.2957186084807148,0.5966477983491104,-0.49583340082596367,-0.40807634944114535,2033,11,30,False,False,False,False,False,False,True,False
1.4628281653915773,-0.2673015908147811,-1.3805987756658338,1.548138014725536,-0.40944826531149214,0.9211995107528496,2033,12,1,False,True,False,False,True,False,True,False
-0.0221760631461638,-0.03160421188931318,1.479539846913117,-0.354842418027315,0.2816328188042792,-0.25299314258657224,2033,12,2,False,True,False,False,False,True,True,False
-1.507180291683905,1.226354473827211,0.09878327049569227,0.9138112038079189,1.0590990384345225,-0.7371017454738307,2033,12,3,True,False,False,False,True,False,False,False
0.4728253463664166,0.07475208845308903,0.3946596797279975,-0.354842418027315,-1.2732996204562066,0.2871644539901111,2033,12,4,True,False,False,False,True,False,False,True
-0.5171774726587443,-0.48084140716891544,1.479539846913117,0.5966477983491104,-1.5324550269996209,-0.689942011681699,2033,12,5,False,True,False,False,False,False,True,False
1.4628281653915773,-0.877373146945505,1.479539846913117,-0.989169228944932,1.0590990384345225,-0.3293130866771451,2033,12,6,True,False,False,False,False,False,True,False
0.4728253463664166,-0.3210706093212178,0.1974087402397941,0.27948439289030197,0.5407882253476938,-0.002411781752514626,2033,12,7,True,False,False,True,False,False,True,False
-0.0221760631461638,0.0489902290368182,-0.7888459572012234,-1.6234960398625489,1.1454841739489936,0.14963876323102057,2033,12,8,False,False,True,True,False,False,True,False
1.4628281653915773,0.8453034844337932,1.6767907864013198,-0.354842418027315,1.6637949870358226,1.2719323812308587,2033,12,9,True,False,False,False,False,False,True,False
-1.0121788821713247,-1.3153247570221078,0.5919106192162009,-1.3063326344037405,-0.8413739428838494,-1.0901060428592975,2033,12,10,False,True,False,False,False,True,False,True
0.967826755878997,-0.9677169154030234,-0.3943440782248163,0.5966477983491104,-1.014144213912792,-0.33389277444191084,2033,12,11,False,True,False,True,False,False,True,False
-1.0121788821713247,-0.42140005264421726,0.1974087402397941,-0.037679012568506524,-0.49583340082596367,-0.7844702049817827,2033,12,12,True,False,False,False,True,False,False,False
-0.5171774726587443,-0.4879909140252657,-0.2957186084807148,-0.354842418027315,1.3182544449779365,-0.5431955554766592,2033,12,13,False,True,False,False,False,True,True,False
0.4728253463664166,-0.3796256613430627,1.282288907424913,-0.989169228944932,-1.6188401625140922,-0.2159627450033728,2033,12,14,False,False,False,False,True,False,False,True
-1.507180291683905,1.009151273794616,-0.09846766899251111,-1.6234960398625489,-1.7052252980285638,-0.7619032717066101,2033,12,15,True,False,False,False,False,False,False,False
0.4728253463664166,-0.6132550010952061,1.0850379679367095,1.2309746092667273,-0.9277590783983208,-0.35832596117618365,2033,12,16,False,True,False,False,True,False,True,False
-0.5171774726587443,0.001129893882737401,1.0850379679367095,1.2309746092667273,-0.40944826531149214,-0.44316682566554316,2033,12,17,False,False,True,False,False,True,False,True
-0.5171774726587443,0.4228917115738857,1.0850379679367095,1.2309746092667273,-0.6686036718549063,-0.2564923678223852,2033,12,18,True,False,False,False,False,False,True,False
0.967826755878997,-0.9312012522854652,0.6905360889603027,1.548138014725536,1.1454841739489936,-0.41695333135515494,2033,12,19,False,True,False,False,False,True,False,False
-0.5171774726587443,0.750528203462008,1.1836634376808113,1.2309746092667273,0.7135584963766364,-0.12752443141193198,2033,12,20,False,False,True,False,True,False,False,True
-1.0121788821713247,0.15741456855254504,-0.3943440782248163,0.5966477983491104,1.2318693094634654,-0.5426676021954665,2033,12,21,False,False,False,False,False,True,True,False
0.967826755878997,-0.18936605739720974,-1.3805987756658338,1.548138014725536,-0.40944826531149214,0.7042721020990143,2033,12,22,False,False,True,False,False,False,False,False
0.4728253463664166,1.0653428524755189,1.0850379679367095,-0.354842418027315,0.3680179543187507,0.879933208936824,2033,12,23,False,True,False,False,True,False,False,True
1.4628281653915773,-0.8920857684928706,-0.09846766899251111,0.9138112038079189,0.10886254777533654,-0.12714381393014174,2033,12,24,True,False,False,False,True,False,False,True
0.4728253463664166,1.3190617156256712,-1.3805987756658338,1.548138014725536,-0.06390772325360648,1.883056721186485,2033,12,25,False,False,True,True,False,False,False,False
-1.507180291683905,0.20557033787424367,-1.3805987756658338,0.27948439289030197,-0.6686036718549063,-0.8457127856001511,2033,12,26,False,True,False,True,False,False,True,False
-0.5171774726587443,0.3719588610765797,-1.1833478361776304,-1.6234960398625489,0.7135584963766364,0.03557629852680198,2033,12,27,False,True,False,False,False,True,False,False
-0.5171774726587443,1.2909954697019819,0.7891615587044045,1.548138014725536,0.10886254777533654,0.1859570377837738,2033,12,28,False,False,False,True,False,False,False,False
-0.0221760631461638,1.092345535395784,0.6905360889603027,-1.6234960398625489,-1.4460698914851493,0.5667341333566399,2033,12,29,False,True,False,True,False,False,False,False
0.967826755878997,0.3456061333250735,-1.0847223664335286,0.27948439289030197,-1.7052252980285638,1.263497406715057,2033,12,30,False,False,True,True,False,False,False,True
-0.0221760631461638,0.8697063466790221,1.1836634376808113,1.548138014725536,-1.6188401625140922,0.3160668266395976,2033,12,31,True,False,False,True,False,False,True,False
0.967826755878997,-0.23592648221377244,-0.7888459572012234,0.27948439289030197,-1.4460698914851493,0.5298756275394102,2034,1,1,True,False,False,False,False,False,True,False
-1.0121788821713247,0.1583599578889221,0.9864124981926082,0.9138112038079189,-0.40944826531149214,-0.6575649697629665,2034,1,2,False,True,False,False,False,False,False,False
0.967826755878997,-1.5191743326783789,-0.09846766899251111,-1.3063326344037405,-0.6686036718549063,-0.9365207499653179,2034,1,3,False,False,True,True,False,False,False,True
0.4728253463664166,-1.4230991413690754,0.7891615587044045,0.27948439289030197,-1.186914484941735,-0.9432859187545563,2034,1,4,True,False,False,False,False,True,False,False
-1.507180291683905,1.1332336241940852,-0.4929695479689182,-1.3063326344037405,0.10886254777533654,-0.7159345022929833,2034,1,5,True,False,False,False,False,False,False,True
1.4628281653915773,-1.5274464893716766,-0.59159501771302,1.2309746092667273,1.6637949870358226,-0.872761182773821,2034,1,6,False,False,True,True,False,False,False,True
0.967826755878997,-1.1481681049839658,1.0850379679367095,1.2309746092667273,-1.186914484941735,-0.6534518453629758,2034,1,7,False,False,True,False,False,False,False,True
0.967826755878997,1.0171279963202962,-1.676475184898139,-1.3063326344037405,-0.8413739428838494,2.254539383413701,2034,1,8,False,False,False,False,True,False,False,True
0.967826755878997,-1.7297598073563352,1.5781653166572187,-0.354842418027315,-0.150292858768078,-1.174062892552241,2034,1,9,True,False,False,False,False,False,False,True
-1.507180291683905,-0.7575450485597318,0.49328514947209934,0.9138112038079189,0.5407882253476938,-1.0798784827840966,2034,1,10,True,False,False,False,False,False,False,True
-0.5171774726587443,0.28504212896342784,-0.2957186084807148,0.9138112038079189,0.3680179543187507,-0.1335897551540077,2034,1,11,False,False,False,False,False,True,False,False
-1.507180291683905,0.3245121337571635,0.3946596797279975,1.2309746092667273,0.10886254777533654,-0.9022774545874853,2034,1,12,True,False,False,False,False,False,True,False
-0.5171774726587443,0.9525460872790487,-1.3805987756658338,-1.6234960398625489,0.7999436318911078,0.41038629422386086,2034,1,13,False,True,False,False,False,True,True,False
1.4628281653915773,0.015074386594296883,0.00015780075159044688,1.548138014725536,1.2318693094634654,0.9413354033378786,2034,1,14,False,True,False,False,True,False,True,False
0.4728253463664166,0.02706901379957875,1.5781653166572187,0.27948439289030197,1.7501801225502938,0.01794511453161828,2034,1,15,False,False,True,True,False,False,True,False
-1.507180291683905,0.7733948080356245,-0.9860968966894269,1.2309746092667273,-0.06390772325360648,-0.7540085284552848,2034,1,16,True,False,False,False,False,True,True,False
-0.5171774726587443,-0.010155691320262093,0.6905360889603027,1.2309746092667273,1.7501801225502938,-0.4029687083951867,2034,1,17,False,False,True,False,False,False,False,True
0.4728253463664166,0.3695953877356376,-0.2957186084807148,-0.989169228944932,0.7999436318911078,0.6855236216250268,2034,1,18,True,False,False,False,False,False,False,False
0.4728253463664166,1.3695218714547892,0.49328514947209934,1.2309746092667273,0.5407882253476938,1.303290350537056,2034,1,19,False,True,False,False,False,True,True,False
-0.5171774726587443,-0.3460643399016824,-1.0847223664335286,1.2309746092667273,0.5407882253476938,-0.39437412009669875,2034,1,20,True,False,False,False,True,False,False,False
-0.5171774726587443,-0.402492265916679,-0.19709313873661294,-1.6234960398625489,1.4046395804924077,-0.5067422231077869,2034,1,21,False,True,False,True,False,False,False,False
-1.0121788821713247,-1.7214285638295137,1.5781653166572187,-1.3063326344037405,1.5774098515213508,-1.22256092652228,2034,1,22,True,False,False,False,False,False,True,False
0.4728253463664166,0.38661239579042195,-1.0847223664335286,-0.037679012568506524,-1.1005293494272637,0.8841568351863668,2034,1,23,True,False,False,False,True,False,False,True
-0.5171774726587443,-1.6307893612043773,0.3946596797279975,1.2309746092667273,0.022477412260865026,-1.1571069976376525,2034,1,24,True,False,False,True,False,False,True,False
0.4728253463664166,0.008929355907846857,0.1974087402397941,-1.3063326344037405,1.5774098515213508,0.27187836480208605,2034,1,25,False,False,True,True,False,False,False,False
-1.507180291683905,1.0461987184138863,0.1974087402397941,-1.3063326344037405,-0.40944826531149214,-0.7733954640600168,2034,1,26,False,False,True,False,False,False,True,False
1.4628281653915773,0.16710480925040827,0.3946596797279975,-0.6720058234861235,-0.9277590783983208,1.0069121120553417,2034,1,27,False,False,True,False,False,True,False,False
-0.0221760631461638,-0.8016829132018287,0.00015780075159044688,-0.989169228944932,-1.359684755970678,-0.5545895239637975,2034,1,28,False,True,False,False,False,False,False,True
-0.0221760631461638,0.9837439353794868,-1.676475184898139,0.5966477983491104,0.3680179543187507,1.0587988694116417,2034,1,29,False,True,False,False,False,False,True,False
0.967826755878997,-0.8014465658677344,1.3809143771690149,0.5966477983491104,0.7135584963766364,-0.38472362523582515,2034,1,30,True,False,False,False,False,False,False,True
-0.5171774726587443,0.8000429699547486,1.0850379679367095,-0.037679012568506524,-1.014144213912792,-0.08956090709918232,2034,1,31,False,False,False,False,True,False,True,False
-0.5171774726587443,0.37568133158856376,-1.1833478361776304,-0.6720058234861235,0.6271733608621652,0.0377617795512746,2034,2,1,False,False,True,False,False,True,False,False
0.4728253463664166,-1.1461000658106413,-0.3943440782248163,0.27948439289030197,1.4046395804924077,-0.6459991095098585,2034,2,2,False,False,True,False,True,False,False,True
0.967826755878997,1.3949292098699184,0.8877870284485064,0.9138112038079189,-0.8413739428838494,1.6779407324514286,2034,2,3,False,True,False,False,False,False,False,True
-0.5171774726587443,-1.040157373302904,1.5781653166572187,-1.3063326344037405,-1.2732996204562066,-0.9284295589814556,2034,2,4,True,False,False,False,False,True,True,False
0.4728253463664166,1.6868772543098123,1.479539846913117,-0.037679012568506524,1.1454841739489936,1.192579775269248,2034,2,5,True,False,False,True,False,False,True,False
-0.5171774726587443,-1.708429460454331,1.282288907424913,0.27948439289030197,1.4910247160068797,-1.2012463475420299,2034,2,6,False,True,False,False,False,True,False,False
0.4728253463664166,-0.8229541732703093,-1.1833478361776304,-1.6234960398625489,-0.9277590783983208,-0.2741972197172703,2034,2,7,False,True,False,False,False,False,True,False
-0.5171774726587443,-1.0428753676449876,1.3809143771690149,-0.037679012568506524,0.7999436318911078,-0.9198226926996842,2034,2,8,False,False,False,False,False,True,False,False
-1.0121788821713247,-1.6853265085466205,1.282288907424913,0.5966477983491104,0.3680179543187507,-1.2109582323193213,2034,2,9,False,True,False,True,False,False,False,False
1.4628281653915773,0.7977976702808535,-0.4929695479689182,0.27948439289030197,-0.8413739428838494,2.0654829968135338,2034,2,10,False,True,False,True,False,False,False,False
0.4728253463664166,0.6631387766806675,-0.3943440782248163,-1.3063326344037405,1.1454841739489936,0.9705938375025881,2034,2,11,False,True,False,False,False,True,True,False
1.4628281653915773,1.0051333691150142,-0.19709313873661294,-1.3063326344037405,-0.06390772325360648,2.204482045566651,2034,2,12,False,False,False,True,False,False,False,False
-1.0121788821713247,-0.8464116461791613,0.49328514947209934,-0.6720058234861235,0.7135584963766364,-0.9379449960262102,2034,2,13,True,False,False,False,True,False,False,True
-1.0121788821713247,-0.1978154745910784,-0.8874714269453252,-0.354842418027315,-0.6686036718549063,-0.6358697733009263,2034,2,14,False,False,True,False,False,True,False,False
-1.0121788821713247,0.544551501798889,-1.676475184898139,-0.354842418027315,1.1454841739489936,-0.2764195346915937,2034,2,15,False,False,False,True,False,False,False,False
-1.0121788821713247,-0.21365074597539166,-1.281973305921732,1.548138014725536,-0.7549888073693778,-0.6151199815517198,2034,2,16,False,True,False,True,False,False,True,False
-1.507180291683905,0.676669661557562,-0.2957186084807148,-1.3063326344037405,-0.40944826531149214,-0.8088542797829213,2034,2,17,True,False,False,False,False,True,True,False
1.4628281653915773,0.4576347696857371,-0.7888459572012234,0.27948439289030197,-0.3230631297970206,1.734505401438763,2034,2,18,False,True,False,False,True,False,True,False
0.967826755878997,-1.337423232759918,0.8877870284485064,0.5966477983491104,-1.014144213912792,-0.808891113732772,2034,2,19,False,True,False,False,False,True,False,False
1.4628281653915773,0.9660178853224197,-1.3805987756658338,-1.3063326344037405,1.3182544449779365,2.643395391987146,2034,2,20,False,False,True,True,False,False,True,False
-0.0221760631461638,0.7573822761507407,1.3809143771690149,-0.6720058234861235,-1.2732996204562066,0.20782412601178374,2034,2,21,False,False,True,False,False,True,False,False
-1.507180291683905,0.5332068297623663,1.282288907424913,1.548138014725536,0.2816328188042792,-0.9125050146626859,2034,2,22,True,False,False,True,False,False,False,False
-0.5171774726587443,-1.1976237846431825,1.3809143771690149,1.548138014725536,1.1454841739489936,-0.9854239573837144,2034,2,23,True,False,False,False,False,False,False,False
-0.5171774726587443,-0.8073552492200902,0.7891615587044045,-0.989169228944932,0.2816328188042792,-0.7820268863083554,2034,2,24,True,False,False,False,False,True,True,False
0.967826755878997,-0.3746623673270839,-1.3805987756658338,-0.6720058234861235,-0.5822185363404352,0.4824948900481747,2034,2,25,False,True,False,False,False,True,False,False
-0.0221760631461638,-0.7661126394206476,-0.2957186084807148,-0.354842418027315,0.9727139029200506,-0.5040165108188378,2034,2,26,False,True,False,True,False,False,False,False
-0.0221760631461638,-0.9462683948339721,-1.281973305921732,-0.037679012568506524,0.022477412260865026,-0.5584693666814007,2034,2,27,False,True,False,True,False,False,True,False
-0.0221760631461638,1.0500393625929174,1.6767907864013198,-1.3063326344037405,-1.1005293494272637,0.3016156403148544,2034,2,28,False,True,False,True,False,False,True,False
-1.0121788821713247,0.4724064780666263,-0.59159501771302,1.2309746092667273,-0.5822185363404352,-0.4110107874459148,2034,3,1,False,False,True,True,False,False,False,False
-1.507180291683905,0.22087382775684508,0.1974087402397941,-0.037679012568506524,0.3680179543187507,-0.9105896492704514,2034,3,2,False,True,False,False,False,True,True,False
-0.5171774726587443,-0.9527088596880399,0.8877870284485064,0.9138112038079189,0.5407882253476938,-0.8545038216311758,2034,3,3,False,True,False,True,False,False,True,False
-1.507180291683905,1.4396579428472511,1.3809143771690149,1.548138014725536,0.19524768328980804,-0.7893200083787867,2034,3,4,True,False,False,False,False,True,True,False
-1.507180291683905,-1.0728914790749544,0.7891615587044045,0.5966477983491104,-0.7549888073693778,-1.135006627727255,2034,3,5,False,False,False,False,True,False,True,False
-1.507180291683905,1.014114567810595,0.5919106192162009,-1.6234960398625489,0.3680179543187507,-0.8022978367095034,2034,3,6,False,True,False,False,False,True,False,True
-0.0221760631461638,1.6076418105547228,-0.19709313873661294,0.9138112038079189,-0.5822185363404352,1.1445483046639842,2034,3,7,False,True,False,True,False,False,False,False
0.967826755878997,0.7795398387220746,0.2960342099838957,1.548138014725536,-0.9277590783983208,1.3124865600164384,2034,3,8,True,False,False,True,False,False,False,False
0.967826755878997,1.698162839512812,-1.4792242454099356,1.2309746092667273,1.5774098515213508,2.749223934151831,2034,3,9,False,False,True,False,True,False,False,True
-0.0221760631461638,0.5166625163757703,1.282288907424913,1.548138014725536,-0.5822185363404352,0.09120784078458598,2034,3,10,True,False,False,False,False,True,False,False
-0.5171774726587443,-0.9820750159492475,0.09878327049569227,-1.3063326344037405,-0.5822185363404352,-0.8259575104969122,2034,3,11,False,False,True,False,True,False,False,False
-0.5171774726587443,-1.029226309101046,-1.676475184898139,1.548138014725536,1.4046395804924077,-0.7607736972445232,2034,3,12,False,False,False,False,False,True,True,False
-0.5171774726587443,-0.6118369170906407,1.3809143771690149,-1.6234960398625489,-1.186914484941735,-0.7371140234571143,2034,3,13,False,False,True,True,False,False,False,False
0.967826755878997,-1.7090794156230902,-0.09846766899251111,-0.037679012568506524,0.2816328188042792,-1.1330298724186028,2034,3,14,True,False,False,False,False,True,True,False
0.967826755878997,0.6226052088835077,1.1836634376808113,-1.6234960398625489,0.9727139029200506,0.8835674919887562,2034,3,15,True,False,False,True,False,False,True,False
-1.507180291683905,-0.8050508627126716,1.1836634376808113,-0.037679012568506524,-0.7549888073693778,-1.1022735242932995,2034,3,16,False,True,False,True,False,False,True,False
-0.0221760631461638,1.0840142918689626,1.0850379679367095,-1.3063326344037405,1.2318693094634654,0.46491281798612516,2034,3,17,False,False,False,False,False,False,True,False
-1.0121788821713247,-0.4921860792054383,-1.5778497151540374,1.548138014725536,0.9727139029200506,-0.7084940444231493,2034,3,18,True,False,False,False,False,False,True,False
-1.507180291683905,-0.0747376003615097,-0.8874714269453252,0.27948439289030197,-0.06390772325360648,-0.9197858587498335,2034,3,19,False,True,False,False,False,True,True,False
0.4728253463664166,1.6042738610438798,1.282288907424913,0.27948439289030197,-1.2732996204562066,1.2062820046136946,2034,3,20,False,False,True,True,False,False,False,True
0.967826755878997,-0.8966354546741846,1.282288907424913,-0.6720058234861235,1.6637949870358226,-0.45388550507208597,2034,3,21,False,True,False,False,True,False,True,False
-1.507180291683905,0.759332141657018,-0.19709313873661294,-1.3063326344037405,0.4544030898332222,-0.7996212363536886,2034,3,22,True,False,False,True,False,False,False,True
-0.0221760631461638,0.876383158867184,-0.2957186084807148,1.548138014725536,0.10886254777533654,0.6564248012430035,2034,3,23,True,False,False,False,True,False,False,False
0.4728253463664166,-0.9698440414098713,-1.1833478361776304,0.27948439289030197,1.3182544449779365,-0.4176531764023176,2034,3,24,True,False,False,False,False,True,False,False
1.4628281653915773,-0.0020017082940112832,1.5781653166572187,-1.6234960398625489,-0.23667799428254913,0.49731441587142455,2034,3,25,False,False,True,False,False,True,True,False
-1.507180291683905,-0.5232066668053056,-1.0847223664335286,1.548138014725536,0.2816328188042792,-0.9991875766445785,2034,3,26,False,True,False,False,True,False,False,True
-0.0221760631461638,0.9344655162208403,-1.0847223664335286,1.548138014725536,1.2318693094634654,0.8807681118001058,2034,3,27,True,False,False,False,True,False,True,False
-0.0221760631461638,0.4179284175579068,0.49328514947209934,-1.3063326344037405,-0.3230631297970206,0.18355055306019713,2034,3,28,True,False,False,True,False,False,False,False
0.967826755878997,-0.08844574573897483,-0.9860968966894269,-1.3063326344037405,0.9727139029200506,0.738589065376548,2034,3,29,False,False,True,False,False,True,False,False
-1.0121788821713247,0.9602273756371111,1.479539846913117,-1.6234960398625489,-0.8413739428838494,-0.47544564371800724,2034,3,30,False,False,True,True,False,False,True,False
-1.507180291683905,-0.9208610564188427,-1.7751006546422408,0.9138112038079189,0.7135584963766364,-1.0629225878695083,2034,3,31,True,False,False,False,True,False,True,False
-0.0221760631461638,0.8712426043506346,-1.7751006546422408,-0.037679012568506524,0.022477412260865026,0.9886179169628457,2034,4,1,True,False,False,False,False,False,True,False
-0.5171774726587443,1.2574932350941253,0.00015780075159044688,-0.989169228944932,-1.1005293494272637,0.324096627707042,2034,4,2,False,True,False,False,False,False,False,True
-0.0221760631461638,1.3032855310748819,-0.09846766899251111,-0.037679012568506524,-1.2732996204562066,0.9060730353475109,2034,4,3,False,False,False,False,False,False,False,True
-1.0121788821713247,0.9751172576850473,-1.1833478361776304,0.27948439289030197,-0.150292858768078,-0.15739676474081926,2034,4,4,True,False,False,False,True,False,False,True
-0.0221760631461638,-0.32337499582863655,-0.09846766899251111,-0.989169228944932,0.7135584963766364,-0.21613463676934258,2034,4,5,False,False,True,True,False,False,True,False
0.967826755878997,1.659992745056594,-0.3943440782248163,-0.6720058234861235,0.3680179543187507,2.4836097175349714,2034,4,6,False,True,False,False,False,True,True,False
1.4628281653915773,-0.4216363999783115,1.282288907424913,1.2309746092667273,1.2318693094634654,0.1555813071402607,2034,4,7,False,True,False,False,True,False,True,False
-1.507180291683905,0.4737654752376682,-1.7751006546422408,-1.6234960398625489,-0.3230631297970206,-0.7731253484277786,2034,4,8,True,False,False,False,False,False,False,True
0.967826755878997,-1.1769433929099378,1.5781653166572187,-0.037679012568506524,1.2318693094634654,-0.7191636118965579,2034,4,9,False,False,False,True,False,False,True,False
-1.507180291683905,1.6552657983747092,0.3946596797279975,-0.037679012568506524,-1.6188401625140922,-0.6865901222452886,2034,4,10,True,False,False,False,False,True,True,False
0.4728253463664166,0.6996544397982255,-1.281973305921732,0.9138112038079189,-0.40944826531149214,1.2390396640142172,2034,4,11,False,False,False,False,False,True,False,True
-1.507180291683905,0.8704153886813049,-1.5778497151540374,-1.3063326344037405,-1.4460698914851493,-0.7018884894165972,2034,4,12,True,False,False,False,True,False,False,False
0.4728253463664166,-1.506352489803767,0.09878327049569227,-0.354842418027315,1.4910247160068797,-0.9843189388881943,2034,4,13,True,False,False,False,True,False,False,False
0.967826755878997,0.9050993599596328,-0.9860968966894269,-0.354842418027315,-0.06390772325360648,1.8782191957727652,2034,4,14,False,True,False,False,False,True,True,False
-0.5171774726587443,0.9441557569187035,-0.6902204874571217,0.27948439289030197,-0.5822185363404352,0.28464746741698227,2034,4,15,False,False,True,False,False,True,False,False
-1.0121788821713247,0.5883348454398447,-0.8874714269453252,-0.354842418027315,0.022477412260865026,-0.3385584080896615,2034,4,16,False,True,False,False,False,False,False,True
-0.5171774726587443,-0.7246927691206342,0.49328514947209934,1.2309746092667273,0.10886254777533654,-0.7233626821795335,2034,4,17,False,False,False,False,False,True,False,False
0.4728253463664166,-0.04105810525308207,0.09878327049569227,-0.6720058234861235,1.2318693094634654,0.24883259017885487,2034,4,18,False,False,False,False,True,False,True,False
-0.0221760631461638,-1.3520176806402366,-1.4792242454099356,1.2309746092667273,0.19524768328980804,-0.8710422651141233,2034,4,19,False,False,False,True,False,False,True,False
-0.0221760631461638,-0.10363106195452888,0.00015780075159044688,-1.3063326344037405,-0.23667799428254913,-0.0788176717260724,2034,4,20,True,False,False,False,False,False,True,False
-0.5171774726587443,-0.8909040318223995,0.9864124981926082,0.5966477983491104,1.5774098515213508,-0.8321824480216743,2034,4,21,False,False,True,False,False,False,False,False
-0.0221760631461638,-0.5270473109843368,-1.4792242454099356,-0.354842418027315,1.6637949870358226,-0.20591935467742542,2034,4,22,False,False,True,False,False,True,True,False
0.4728253463664166,-1.1716846647263413,1.282288907424913,-0.6720058234861235,-1.5324550269996209,-0.7837949159011873,2034,4,23,False,True,False,True,False,False,False,False
0.967826755878997,-0.9385280196423862,0.1974087402397941,0.9138112038079189,0.7135584963766364,-0.36871313503407055,2034,4,24,True,False,False,False,False,False,False,False
-1.0121788821713247,-1.4690686978504026,1.479539846913117,-1.3063326344037405,-0.40944826531149214,-1.1518765767588584,2034,4,25,False,True,False,False,True,False,False,False
1.4628281653915773,1.4459802340342713,-1.281973305921732,-0.989169228944932,0.6271733608621652,2.749223934151831,2034,4,26,True,False,False,False,False,True,True,False
-1.507180291683905,0.09968673220003016,1.6767907864013198,0.5966477983491104,0.4544030898332222,-0.9906421002792248,2034,4,27,False,True,False,False,True,False,False,False
0.4728253463664166,-0.362372305954184,0.49328514947209934,1.548138014725536,-0.5822185363404352,-0.08224322906218412,2034,4,28,False,True,False,False,False,True,False,False
1.4628281653915773,0.11564017725139042,0.1974087402397941,-0.6720058234861235,1.6637949870358226,1.0048985227968386,2034,4,29,True,False,False,False,False,False,True,False
0.4728253463664166,0.4380179409559163,0.00015780075159044688,0.9138112038079189,-0.49583340082596367,0.6755047872656467,2034,4,30,True,False,False,False,False,True,False,True
-1.507180291683905,1.4528343067230036,-1.676475184898139,1.2309746092667273,0.4544030898332222,-0.5764811681583747,2034,5,1,True,False,False,True,False,False,True,False
-1.507180291683905,-1.1160248675471507,1.479539846913117,1.2309746092667273,1.1454841739489936,-1.151913410708709,2034,5,2,False,True,False,False,True,False,False,False
-1.0121788821713247,-0.7121072735801166,0.49328514947209934,1.2309746092667273,-1.186914484941735,-0.894959776550487,2034,5,3,True,False,False,True,False,False,True,False
-1.0121788821713247,1.6391941796563023,-1.4792242454099356,1.2309746092667273,-0.6686036718549063,0.14518185529909025,2034,5,4,False,True,False,False,True,False,False,False
-1.0121788821713247,-0.4506480352383778,-1.676475184898139,0.9138112038079189,-1.014144213912792,-0.6858779992148426,2034,5,5,True,False,False,False,True,False,False,False
-0.0221760631461638,-1.6557240049513187,-1.5778497151540374,1.2309746092667273,0.9727139029200506,-1.1145269516102867,2034,5,6,True,False,False,False,False,True,True,False
0.4728253463664166,-1.2233856440594535,0.2960342099838957,0.9138112038079189,1.0590990384345225,-0.7586250501699012,2034,5,7,True,False,False,False,False,False,False,False
0.967826755878997,-1.6426658147426123,0.2960342099838957,-1.6234960398625489,-0.8413739428838494,-1.0732729277775446,2034,5,8,False,False,True,False,False,False,False,False
-1.507180291683905,1.6880589909802837,-0.09846766899251111,-0.037679012568506524,-1.7052252980285638,-0.6448081451313538,2034,5,9,False,True,False,True,False,False,False,False
0.4728253463664166,-0.7697760230991082,-0.6902204874571217,1.2309746092667273,-0.23667799428254913,-0.27694748797278645,2034,5,10,False,False,True,False,False,True,True,False
1.4628281653915773,1.458565729574789,0.09878327049569227,-0.037679012568506524,0.6271733608621652,2.615327922200941,2034,5,11,True,False,False,False,False,False,True,False
0.4728253463664166,1.7086212090464814,0.00015780075159044688,0.5966477983491104,0.4544030898332222,1.7580054614434857,2034,5,12,True,False,False,False,True,False,False,False
-1.0121788821713247,0.33969744997271784,-1.676475184898139,0.27948439289030197,-0.150292858768078,-0.3607078899331932,2034,5,13,True,False,False,False,True,False,True,False
-1.0121788821713247,-1.6189719944996661,-0.7888459572012234,0.27948439289030197,-0.6686036718549063,-1.174173394401793,2034,5,14,False,True,False,False,False,True,False,False
0.4728253463664166,-1.451697168794477,-1.5778497151540374,-1.3063326344037405,-0.06390772325360648,-0.8728471286568058,2034,5,15,False,False,True,True,False,False,True,False
-1.0121788821713247,-0.06906526434324803,1.3809143771690149,1.548138014725536,-1.6188401625140922,-0.754769763418865,2034,5,16,True,False,False,False,False,True,True,False
-0.0221760631461638,-0.3297563738491806,0.6905360889603027,-0.6720058234861235,-1.4460698914851493,-0.31978537164910703,2034,5,17,False,True,False,True,False,False,False,True
-1.507180291683905,0.3615595783764338,1.6767907864013198,-1.6234960398625489,-1.1005293494272637,-0.9552692304393051,2034,5,18,False,True,False,False,False,True,False,False
1.4628281653915773,-0.21678234815214,-0.6902204874571217,1.548138014725536,0.4544030898332222,0.8282674552796281,2034,5,19,False,True,False,False,True,False,False,False
0.4728253463664166,1.4949632190252997,1.282288907424913,1.548138014725536,-0.9277590783983208,1.1279116373147682,2034,5,20,False,False,False,False,False,True,False,True
-1.507180291683905,0.11463570108148986,0.2960342099838957,0.27948439289030197,-0.23667799428254913,-0.9322725677492081,2034,5,21,False,False,True,False,False,False,False,False
-0.0221760631461638,0.6642023396840915,-0.19709313873661294,-0.6720058234861235,0.4544030898332222,0.485846779484585,2034,5,22,False,True,False,False,False,False,False,False
1.4628281653915773,1.3650312721069988,-0.9860968966894269,0.9138112038079189,1.1454841739489936,2.749223934151831,2034,5,23,True,False,False,False,False,True,False,True
-1.0121788821713247,-1.2260445515680134,0.7891615587044045,-0.037679012568506524,0.19524768328980804,-1.0668638205035292,2034,5,24,True,False,False,True,False,False,False,False
-0.5171774726587443,-0.939650669479334,1.3809143771690149,-0.037679012568506524,-1.1005293494272637,-0.876063960277097,2034,5,25,False,False,True,True,False,False,False,False
-0.0221760631461638,-1.362771484341524,-0.9860968966894269,0.9138112038079189,1.5774098515213508,-0.8988150633015229,2034,5,26,False,True,False,False,True,False,True,False
-0.5171774726587443,-1.251038282148478,-1.1833478361776304,0.5966477983491104,-1.359684755970678,-0.9154640086340224,2034,5,27,False,True,False,False,True,False,False,True
-1.507180291683905,0.03805916483496039,0.5919106192162009,-0.037679012568506524,-0.40944826531149214,-0.9564479168345263,2034,5,28,False,False,False,True,False,False,True,False
0.4728253463664166,-0.6235361101283051,1.5781653166572187,-0.037679012568506524,1.4910247160068797,-0.4281876860596071,2034,5,29,False,True,False,False,False,True,True,False
1.4628281653915773,-0.27096497449324164,0.7891615587044045,-0.037679012568506524,0.3680179543187507,0.4196316156363772,2034,5,30,False,True,False,False,True,False,True,False
-1.0121788821713247,1.6623562183975362,-0.7888459572012234,-0.6720058234861235,0.6271733608621652,0.05314609260556797,2034,5,31,False,False,False,True,False,False,True,False
1.4628281653915773,-1.1920696222919682,-0.2957186084807148,-0.354842418027315,-0.6686036718549063,-0.4709764578027934,2034,6,1,True,False,False,True,False,False,True,False
-0.0221760631461638,0.13567061381587608,-0.4929695479689182,-0.989169228944932,-1.4460698914851493,0.1656492534327752,2034,6,2,False,True,False,False,False,True,False,True
-1.0121788821713247,-1.391960380102161,1.1836634376808113,0.9138112038079189,-0.40944826531149214,-1.125036905301009,2034,6,3,False,True,False,False,False,False,False,False
-0.5171774726587443,-0.6328127429915035,0.8877870284485064,1.548138014725536,-0.3230631297970206,-0.7089237738380738,2034,6,4,False,True,False,True,False,False,True,False
-0.5171774726587443,0.08970105733454907,0.2960342099838957,-1.3063326344037405,-0.7549888073693778,-0.30861240686107283,2034,6,5,False,True,False,False,True,False,False,False
0.967826755878997,1.538392041665114,-0.7888459572012234,1.548138014725536,-0.9277590783983208,2.520824284867424,2034,6,6,False,False,False,False,False,True,False,False
1.4628281653915773,-0.3813982663487693,1.479539846913117,0.27948439289030197,-0.49583340082596367,0.15404655922981642,2034,6,7,True,False,False,False,False,True,False,False
0.4728253463664166,-1.5093659183134684,0.49328514947209934,-1.6234960398625489,0.5407882253476938,-0.999862865725174,2034,6,8,False,False,True,False,False,True,True,False
-0.5171774726587443,-0.39203389638300956,1.5781653166572187,1.2309746092667273,1.5774098515213508,-0.661764040045942,2034,6,9,False,False,False,False,False,False,False,True
0.4728253463664166,-1.2299442825805684,0.1974087402397941,0.27948439289030197,0.7135584963766364,-0.7578515372230371,2034,6,10,True,False,False,False,False,False,True,False
0.967826755878997,-0.9387643669764805,1.0850379679367095,-1.3063326344037405,0.9727139029200506,-0.46809113173115824,2034,6,11,False,True,False,False,True,False,True,False
-0.0221760631461638,0.4027431013423527,0.9864124981926082,-0.354842418027315,-0.6686036718549063,0.08136089819117553,2034,6,12,True,False,False,False,True,False,True,False
0.967826755878997,-1.5006801537855055,-0.59159501771302,-1.6234960398625489,-1.359684755970678,-0.897329427324213,2034,6,13,False,False,False,False,False,True,False,False
0.4728253463664166,-0.1273839690309986,1.5781653166572187,-0.354842418027315,-0.6686036718549063,-0.08796476927232035,2034,6,14,False,False,True,False,True,False,False,False
-0.5171774726587443,0.3729633372464803,-1.676475184898139,1.548138014725536,-0.3230631297970206,0.10459084256366016,2034,6,15,False,True,False,True,False,False,True,False
-1.507180291683905,-0.27551466067455543,0.8877870284485064,-0.6720058234861235,0.7135584963766364,-1.0156032402946904,2034,6,16,False,False,True,False,False,False,True,False
0.4728253463664166,-1.6676004584895534,1.5781653166572187,-1.6234960398625489,1.5774098515213508,-1.1441291693069358,2034,6,17,True,False,False,False,False,True,False,False
-1.0121788821713247,1.6728145879312057,-0.59159501771302,-1.6234960398625489,1.0590990384345225,0.028000782840848955,2034,6,18,False,False,False,False,False,True,False,False
-1.507180291683905,-0.464769788450508,0.49328514947209934,0.27948439289030197,-0.7549888073693778,-1.0330256985740538,2034,6,19,False,True,False,True,False,False,True,False
1.4628281653915773,0.9575093812950276,0.1974087402397941,-0.989169228944932,1.1454841739489936,1.9845465310083443,2034,6,20,True,False,False,True,False,False,False,True
0.4728253463664166,-0.6081144465786567,0.8877870284485064,1.2309746092667273,-0.3230631297970206,-0.3293008086938615,2034,6,21,False,False,False,True,False,False,False,True
-1.0121788821713247,-0.09181369524981753,1.1836634376808113,0.9138112038079189,-1.1005293494272637,-0.746813630251122,2034,6,22,True,False,False,True,False,False,True,False
1.4628281653915773,-0.39097033337958553,0.2960342099838957,0.9138112038079189,-0.150292858768078,0.3945599737713597,2034,6,23,True,False,False,False,False,True,False,False
0.967826755878997,-0.5496775682238592,1.0850379679367095,1.2309746092667273,0.2816328188042792,-0.12366914466089599,2034,6,24,False,True,False,False,False,False,True,False
-1.507180291683905,-1.6582056519593078,-0.6902204874571217,1.548138014725536,0.9727139029200506,-1.2198966041497488,2034,6,25,False,True,False,False,False,False,False,False
0.4728253463664166,-0.4892908243627839,-0.9860968966894269,0.9138112038079189,-0.49583340082596367,0.02397360432384321,2034,6,26,False,True,False,True,False,False,True,False
-0.0221760631461638,1.340864757195864,-0.2957186084807148,-1.6234960398625489,-1.186914484941735,0.9845784604625565,2034,6,27,False,False,False,False,True,False,True,False
0.967826755878997,0.6526804071469979,0.5919106192162009,-0.6720058234861235,-1.359684755970678,1.0949575301817085,2034,6,28,False,True,False,False,False,True,False,False
-1.0121788821713247,-1.2310669324175159,-1.0847223664335286,-1.6234960398625489,-1.359684755970678,-1.0217176759699005,2034,6,29,True,False,False,False,False,False,False,True
-0.0221760631461638,0.30968133854275076,0.5919106192162009,-1.6234960398625489,1.5774098515213508,0.09654876351293222,2034,6,30,False,False,True,True,False,False,True,False
-0.5171774726587443,1.3503777373931567,-0.3943440782248163,0.9138112038079189,1.5774098515213508,0.4506949133437692,2034,7,1,False,True,False,False,True,False,True,False
0.967826755878997,0.6860053812542839,0.9864124981926082,-0.354842418027315,1.6637949870358226,1.00144840949416,2034,7,2,True,False,False,False,True,False,True,False
0.967826755878997,-1.2197813472145165,-1.676475184898139,-1.6234960398625489,-0.6686036718549063,-0.5064966634421157,2034,7,3,False,False,True,True,False,False,False,False
0.4728253463664166,1.266001739121517,0.49328514947209934,1.548138014725536,-1.014144213912792,1.2204753532894832,2034,7,4,False,False,False,False,False,True,False,False
0.4728253463664166,-0.6914268818468717,0.49328514947209934,-0.989169228944932,1.6637949870358226,-0.3454954686448696,2034,7,5,True,False,False,False,False,False,False,False
-1.0121788821713247,-0.1641950663161746,1.479539846913117,0.27948439289030197,1.7501801225502938,-0.7885464954319226,2034,7,6,False,False,True,False,True,False,False,False
0.967826755878997,0.08491502381914097,0.6905360889603027,-1.3063326344037405,-1.4460698914851493,0.5332029610092535,2034,7,7,False,True,False,False,False,False,False,False
0.4728253463664166,1.206146776762154,0.9864124981926082,-0.6720058234861235,0.8863287674055794,1.0152611406881584,2034,7,8,False,False,False,False,False,False,False,False
-0.5171774726587443,1.486454714997908,1.3809143771690149,-1.3063326344037405,-0.6686036718549063,0.15236447551996962,2034,7,9,False,True,False,False,True,False,False,False
1.4628281653915773,1.4797188159762225,0.5919106192162009,0.9138112038079189,1.4046395804924077,2.400094875240236,2034,7,10,False,False,True,True,False,False,False,False
1.4628281653915773,-1.7062432476139597,-0.7888459572012234,0.9138112038079189,-1.359684755970678,-1.0982586237595773,2034,7,11,False,True,False,False,True,False,False,True
1.4628281653915773,1.4528343067230036,1.1836634376808113,0.27948439289030197,1.4046395804924077,2.0845384268696097,2034,7,12,False,False,False,False,True,False,True,False
0.4728253463664166,-1.5457043209304557,0.7891615587044045,0.27948439289030197,-1.7052252980285638,-1.0375562744056854,2034,7,13,False,False,True,False,False,True,True,False
0.967826755878997,-0.8150365375781526,-0.2957186084807148,-1.3063326344037405,0.10886254777533654,-0.1827385222380751,2034,7,14,False,False,True,False,False,False,True,False
1.4628281653915773,0.04639040836178171,0.6905360889603027,1.2309746092667273,-0.5822185363404352,0.7884131215412111,2034,7,15,False,True,False,True,False,False,False,True
-1.507180291683905,-0.0747966871950332,1.1836634376808113,0.5966477983491104,-0.23667799428254913,-0.9960566909072722,2034,7,16,True,False,False,False,False,False,True,False
-0.0221760631461638,0.35653719752693136,1.5781653166572187,-1.6234960398625489,-0.23667799428254913,-0.054949272222843126,2034,7,17,True,False,False,False,True,False,True,False
0.967826755878997,-0.07645111853369263,1.479539846913117,0.5966477983491104,0.5407882253476938,0.20816790954372322,2034,7,18,False,False,True,True,False,False,False,True
-0.5171774726587443,1.496026782028724,-0.6902204874571217,-0.354842418027315,-1.6188401625140922,0.590835814542257,2034,7,19,False,True,False,True,False,False,False,True
0.967826755878997,-0.9022487038589224,-0.2957186084807148,-0.6720058234861235,0.7135584963766364,-0.2751671803966712,2034,7,20,False,False,False,True,False,False,False,True
-0.5171774726587443,-0.7865566838197982,-1.3805987756658338,1.2309746092667273,-1.6188401625140922,-0.6303815147731775,2034,7,21,False,False,False,True,False,False,True,False
0.967826755878997,1.4488754888769257,-0.8874714269453252,-1.3063326344037405,-1.1005293494272637,2.4611655640926346,2034,7,22,False,True,False,False,False,True,False,True
1.4628281653915773,-1.468477829515167,1.282288907424913,-0.989169228944932,0.3680179543187507,-0.8950825563833225,2034,7,23,False,False,True,True,False,False,True,False
-0.0221760631461638,0.3732587714140978,-0.4929695479689182,1.2309746092667273,-1.4460698914851493,0.3374550735195491,2034,7,24,True,False,False,False,True,False,True,False
-0.0221760631461638,0.6227824693840782,0.3946596797279975,-1.3063326344037405,1.7501801225502938,0.33498719887955447,2034,7,25,True,False,False,False,False,True,True,False
-0.5171774726587443,0.013715389423254969,0.49328514947209934,1.548138014725536,0.9727139029200506,-0.36892186074989103,2034,7,26,False,True,False,False,True,False,False,False
0.967826755878997,0.6659749446897982,0.8877870284485064,-0.6720058234861235,0.7135584963766364,1.0144876277412944,2034,7,27,True,False,False,False,True,False,True,False
-0.0221760631461638,-1.1365870856133486,-1.1833478361776304,-0.989169228944932,-0.7549888073693778,-0.7144488663156732,2034,7,28,False,False,True,False,False,False,False,False
-1.0121788821713247,1.2134735441190752,-0.6902204874571217,-0.354842418027315,-1.5324550269996209,-0.12736481762924579,2034,7,29,True,False,False,True,False,False,False,True
0.967826755878997,-1.249679284977436,-0.19709313873661294,0.27948439289030197,1.6637949870358226,-0.6504928513916394,2034,7,30,True,False,False,True,False,False,True,False
-0.0221760631461638,-0.348250552742054,-0.4929695479689182,0.9138112038079189,-1.186914484941735,-0.18428554813180292,2034,7,31,False,False,True,False,True,False,True,False
-1.507180291683905,-1.473559297198193,1.5781653166572187,-0.354842418027315,1.1454841739489936,-1.2024127559539675,2034,8,1,False,False,True,True,False,False,True,False
-1.507180291683905,0.15085593003143014,1.0850379679367095,0.5966477983491104,-1.014144213912792,-0.9591367951736247,2034,8,2,False,True,False,False,False,True,False,True
-1.0121788821713247,0.5813035122505414,-0.09846766899251111,-1.3063326344037405,-0.40944826531149214,-0.42112784567156347,2034,8,3,False,False,False,False,False,False,True,False
-0.0221760631461638,1.5196615154381468,1.282288907424913,-0.037679012568506524,0.7135584963766364,0.6664436356023836,2034,8,4,True,False,False,True,False,False,True,False
-1.507180291683905,0.821846011524941,-0.59159501771302,0.5966477983491104,1.5774098515213508,-0.7667285191370469,2034,8,5,False,True,False,True,False,False,True,False
1.4628281653915773,0.13667508998577665,0.9864124981926082,0.9138112038079189,-1.6188401625140922,0.801415505838495,2034,8,6,False,True,False,False,False,True,False,True
0.967826755878997,1.489940838175798,-0.9860968966894269,1.548138014725536,-0.8413739428838494,2.5490513684363156,2034,8,7,True,False,False,False,False,False,True,False
0.4728253463664166,-0.07993724171158267,0.8877870284485064,-0.6720058234861235,0.9727139029200506,0.07129295189866104,2034,8,8,False,False,False,False,False,True,True,False
-0.0221760631461638,0.2061612062094794,-0.19709313873661294,-0.6720058234861235,-1.1005293494272637,0.16604214889784885,2034,8,9,True,False,False,False,True,False,True,False
-1.0121788821713247,0.32675743343105895,-1.3805987756658338,0.27948439289030197,-1.359684755970678,-0.39282709420297096,2034,8,10,False,False,True,False,True,False,False,True
-0.0221760631461638,-0.3165800099734275,-0.7888459572012234,-0.6720058234861235,-1.5324550269996209,-0.12384103642686572,2034,8,11,False,True,False,True,False,False,True,False
-0.5171774726587443,1.1645496459615703,-0.3943440782248163,-0.354842418027315,0.022477412260865026,0.3510713569810106,2034,8,12,True,False,False,False,False,False,False,False
-0.5171774726587443,-1.093630957641723,0.7891615587044045,-1.3063326344037405,0.9727139029200506,-0.9140888745062643,2034,8,13,False,False,False,False,True,False,True,False
-1.507180291683905,0.1841218173051926,-1.4792242454099356,-1.3063326344037405,1.5774098515213508,-0.845823287449703,2034,8,14,False,False,True,False,False,True,False,True
-0.5171774726587443,0.7627591780013843,0.49328514947209934,1.548138014725536,-0.7549888073693778,-0.009373398274289945,2034,8,15,False,True,False,False,True,False,False,False
-1.0121788821713247,1.3909703920238403,0.6905360889603027,1.2309746092667273,-1.2732996204562066,-0.2486712924707612,2034,8,16,True,False,False,False,True,False,False,False
-1.507180291683905,1.3216024494671845,0.49328514947209934,-0.354842418027315,-0.3230631297970206,-0.7472065257161958,2034,8,17,False,True,False,False,False,True,True,False
-1.0121788821713247,0.024764627292160116,0.8877870284485064,1.2309746092667273,-1.5324550269996209,-0.6898683437819977,2034,8,18,True,False,False,True,False,False,True,False
0.967826755878997,0.4894234861214106,-1.1833478361776304,1.2309746092667273,-0.5822185363404352,1.459073402438792,2034,8,19,False,False,True,False,False,False,True,False
-1.0121788821713247,-0.3709989836486233,0.2960342099838957,-1.3063326344037405,0.5407882253476938,-0.7737392475919563,2034,8,20,False,False,True,True,False,False,False,False
-0.5171774726587443,-0.11544842865924025,1.479539846913117,-0.037679012568506524,-1.1005293494272637,-0.5373266794671203,2034,8,21,False,True,False,False,False,True,False,True
0.967826755878997,1.3988880277159963,0.2960342099838957,-0.037679012568506524,0.4544030898332222,1.9225181594598286,2034,8,22,False,False,False,False,True,False,True,False
-0.5171774726587443,1.4833231128211595,0.2960342099838957,0.5966477983491104,1.6637949870358226,0.3777145807063233,2034,8,23,True,False,False,False,False,False,False,True
-1.0121788821713247,1.3613678884285383,0.7891615587044045,-1.6234960398625489,1.3182544449779365,-0.2711400018796653,2034,8,24,True,False,False,True,False,False,True,False
-0.5171774726587443,-1.2554107078292214,-0.59159501771302,0.27948439289030197,-0.49583340082596367,-0.9392341842709833,2034,8,25,True,False,False,False,False,True,False,True
-0.5171774726587443,1.2046696059240651,0.6905360889603027,0.27948439289030197,-0.23667799428254913,0.1650107983020304,2034,8,26,True,False,False,False,True,False,True,False
-0.5171774726587443,1.5443598118509931,1.3809143771690149,0.9138112038079189,-0.23667799428254913,0.1769081641037942,2034,8,27,True,False,False,False,True,False,True,False
-0.0221760631461638,-0.4850365723490878,-1.7751006546422408,-0.6720058234861235,1.2318693094634654,-0.13869739619996618,2034,8,28,True,False,False,True,False,False,False,False
0.967826755878997,0.05903499073582312,1.1836634376808113,0.27948439289030197,1.7501801225502938,0.3917114816495749,2034,8,29,True,False,False,False,False,True,False,False
0.967826755878997,0.959281986300734,-0.9860968966894269,-0.037679012568506524,1.1454841739489936,1.9403703471541163,2034,8,30,False,True,False,False,True,False,False,False
1.4628281653915773,0.2091746347191807,-0.19709313873661294,-0.6720058234861235,0.19524768328980804,1.231942989676323,2034,8,31,False,False,True,False,True,False,False,False
0.967826755878997,1.7003490523531837,1.1836634376808113,1.2309746092667273,-1.359684755970678,1.8241592353752758,2034,9,1,True,False,False,False,False,False,False,False
1.4628281653915773,-0.15852273029791325,1.0850379679367095,0.5966477983491104,1.5774098515213508,0.468055981706715,2034,9,2,False,True,False,False,True,False,True,False
-1.0121788821713247,0.7341020637424593,1.282288907424913,-0.989169228944932,1.2318693094634654,-0.5171662309155243,2034,9,3,False,False,True,True,False,False,True,False
1.4628281653915773,1.005960584784344,1.479539846913117,0.5966477983491104,1.2318693094634654,1.506110356398088,2034,9,4,False,False,False,False,False,True,True,False
1.4628281653915773,-0.025813702204004505,-0.19709313873661294,-0.354842418027315,-0.3230631297970206,0.9448223505904079,2034,9,5,False,False,False,False,False,True,False,False
0.4728253463664166,1.2285406866675825,0.49328514947209934,-0.6720058234861235,-0.150292858768078,1.1905047960943276,2034,9,6,True,False,False,False,False,False,False,False
-1.0121788821713247,0.15410570587522585,-0.3943440782248163,-0.989169228944932,-1.2732996204562066,-0.5438462885906875,2034,9,7,False,True,False,False,False,True,False,False
0.967826755878997,-0.31078950028811897,-0.59159501771302,1.2309746092667273,1.5774098515213508,0.4081762572328212,2034,9,8,True,False,False,True,False,False,False,False
-1.507180291683905,-1.3609988793358174,-0.2957186084807148,0.27948439289030197,1.5774098515213508,-1.1687588037737455,2034,9,9,False,True,False,False,True,False,True,False
-0.5171774726587443,-0.373835151657754,0.7891615587044045,0.27948439289030197,-0.8413739428838494,-0.5820430945858247,2034,9,10,False,False,False,False,False,False,False,False
-0.5171774726587443,0.8031745721314972,0.00015780075159044688,-0.037679012568506524,0.7135584963766364,0.0918585738986143,2034,9,11,False,True,False,False,False,True,True,False
0.4728253463664166,1.4507662675496797,0.9864124981926082,-0.989169228944932,-1.014144213912792,1.1982522035462502,2034,9,12,False,True,False,False,False,False,False,False
-1.507180291683905,-0.863783175235087,0.7891615587044045,0.9138112038079189,-0.3230631297970206,-1.1028505895076266,2034,9,13,True,False,False,False,False,False,True,False
-0.0221760631461638,-0.5058351377493799,-1.676475184898139,1.548138014725536,-0.6686036718549063,-0.1669244797688573,2034,9,14,True,False,False,False,False,True,False,False
1.4628281653915773,-1.2015235156557376,0.3946596797279975,-1.3063326344037405,-0.3230631297970206,-0.5458844338157577,2034,9,15,False,False,True,False,False,False,False,False
-1.0121788821713247,0.6538030569839456,-0.2957186084807148,-0.989169228944932,-0.6686036718549063,-0.37553969373972673,2034,9,16,True,False,False,False,False,True,True,False
-0.0221760631461638,1.585247900649295,-0.19709313873661294,-1.6234960398625489,-0.49583340082596367,1.1289184319440195,2034,9,17,False,True,False,True,False,False,False,False
-1.507180291683905,0.48180128459687166,1.0850379679367095,0.27948439289030197,1.0590990384345225,-0.9103072556549296,2034,9,18,False,True,False,False,False,True,True,False
0.4728253463664166,0.399256978164463,0.09878327049569227,-1.3063326344037405,-0.6686036718549063,0.619394403659804,2034,9,19,True,False,False,False,True,False,True,False
-1.507180291683905,0.17945395745683182,1.282288907424913,1.2309746092667273,1.1454841739489936,-0.9632253636070482,2034,9,20,False,True,False,False,False,True,False,False
0.4728253463664166,-1.4279442617180071,0.6905360889603027,0.5966477983491104,0.2816328188042792,-0.9429175792560496,2034,9,21,True,False,False,False,True,False,False,True
-0.0221760631461638,0.7878710822488959,0.09878327049569227,0.9138112038079189,0.9727139029200506,0.5070999685484172,2034,9,22,True,False,False,False,False,False,True,False
-0.0221760631461638,0.34731965149725647,0.7891615587044045,1.548138014725536,1.4910247160068797,0.08425850224609448,2034,9,23,False,False,True,False,False,True,True,False
-1.507180291683905,0.5527054848251398,-1.676475184898139,-1.3063326344037405,-1.186914484941735,-0.7616577120409391,2034,9,24,False,False,False,False,True,False,False,False
-1.507180291683905,1.373067081466202,-1.676475184898139,-0.037679012568506524,-0.49583340082596367,-0.5928968318084866,2034,9,25,False,False,False,False,False,True,False,False
1.4628281653915773,0.9761217338549478,-1.4792242454099356,1.548138014725536,-1.5324550269996209,2.698204309364932,2034,9,26,False,False,False,False,False,True,True,False
-0.5171774726587443,0.9656042774877546,-0.2957186084807148,-1.6234960398625489,-0.3230631297970206,0.22702689186726263,2034,9,27,False,True,False,False,False,True,False,True
0.4728253463664166,1.4711512251153065,-0.9860968966894269,0.5966477983491104,-0.9277590783983208,1.897876247009735,2034,9,28,False,True,False,True,False,False,False,False
-0.5171774726587443,1.6880589909802837,1.5781653166572187,-0.354842418027315,0.2816328188042792,0.19406050675091946,2034,9,29,False,True,False,False,True,False,True,False
-1.0121788821713247,0.2755291487661351,0.09878327049569227,0.9138112038079189,0.9727139029200506,-0.5440427363232245,2034,9,30,False,False,False,True,False,False,True,False
-1.0121788821713247,-1.357335495657357,0.49328514947209934,-0.989169228944932,-0.06390772325360648,-1.1014386214300178,2034,10,1,False,False,False,True,False,False,False,False
-1.507180291683905,-0.1467053635932019,-0.7888459572012234,-1.3063326344037405,-0.5822185363404352,-0.9368768114805409,2034,10,2,False,False,False,False,True,False,False,False
-0.0221760631461638,0.9887072293954654,-0.6902204874571217,0.27948439289030197,-1.186914484941735,0.8292374159590288,2034,10,3,False,True,False,False,False,True,True,False
-1.0121788821713247,-1.6378797812272046,-0.59159501771302,1.548138014725536,-1.6188401625140922,-1.1827802606835642,2034,10,4,False,False,False,True,False,False,False,True
-1.0121788821713247,-1.5370776432360163,0.5919106192162009,0.27948439289030197,0.6271733608621652,-1.1601396595086904,2034,10,5,True,False,False,True,False,False,True,False
-0.5171774726587443,-1.5015664562883588,-0.09846766899251111,1.2309746092667273,-1.6188401625140922,-1.0842740007996092,2034,10,6,False,True,False,True,False,False,False,False
-0.5171774726587443,0.7931888972660162,0.00015780075159044688,-0.354842418027315,1.4910247160068797,0.08675093285265595,2034,10,7,True,False,False,False,False,True,True,False
1.4628281653915773,-0.001410839958775581,0.2960342099838957,0.27948439289030197,0.3680179543187507,0.8422152442897456,2034,10,8,False,True,False,True,False,False,False,True
1.4628281653915773,-0.45856567093053446,0.8877870284485064,-0.037679012568506524,-0.49583340082596367,0.19786668156882142,2034,10,9,True,False,False,False,False,False,False,False
-1.0121788821713247,-1.368621080860356,-1.4792242454099356,0.9138112038079189,-1.5324550269996209,-1.0673426618515878,2034,10,10,False,True,False,False,True,False,True,False
-1.507180291683905,0.7973249756126651,0.8877870284485064,-0.989169228944932,-0.23667799428254913,-0.8528708498544632,2034,10,11,True,False,False,False,False,False,False,True
-0.5171774726587443,-0.624067891630017,0.1974087402397941,-0.6720058234861235,1.3182544449779365,-0.6526537764495448,2034,10,12,True,False,False,False,False,True,True,False
-1.0121788821713247,-0.8166318820832885,0.49328514947209934,0.9138112038079189,1.6637949870358226,-0.9284172809981721,2034,10,13,False,False,False,True,False,False,False,False
-0.0221760631461638,0.5210940288900371,-0.6902204874571217,1.2309746092667273,-1.4460698914851493,0.48331751492817293,2034,10,14,False,False,True,False,True,False,False,True
-0.5171774726587443,0.19853900468494043,-0.3943440782248163,0.5966477983491104,0.9727139029200506,-0.16682625590258895,2034,10,15,True,False,False,True,False,False,False,False
-1.0121788821713247,-0.4810186676694861,-0.9860968966894269,1.2309746092667273,-0.8413739428838494,-0.737396417072636,2034,10,16,False,False,True,False,False,True,False,True
1.4628281653915773,0.4836329764361019,1.5781653166572187,-0.037679012568506524,-0.40944826531149214,0.9635339971145445,2034,10,17,False,False,False,False,True,False,False,True
0.4728253463664166,-0.7962469245176615,-0.09846766899251111,-0.989169228944932,0.19524768328980804,-0.3653858015642273,2034,10,18,False,True,False,False,False,False,False,True
-0.5171774726587443,1.0137009599759301,1.6767907864013198,0.9138112038079189,1.7501801225502938,-0.10107765541915616,2034,10,19,True,False,False,False,True,False,True,False
0.4728253463664166,-0.9410687534838992,-0.09846766899251111,0.9138112038079189,-1.014144213912792,-0.4902774475245406,2034,10,20,False,True,False,True,False,False,True,False
-0.5171774726587443,-1.1846837681015236,-0.9860968966894269,1.548138014725536,-1.2732996204562066,-0.8845357687427494,2034,10,21,False,True,False,False,True,False,False,False
-0.5171774726587443,0.9708630056713514,0.00015780075159044688,-0.037679012568506524,0.3680179543187507,0.1775834531843899,2034,10,22,False,False,True,False,False,True,False,False
1.4628281653915773,0.7131853246751202,-1.676475184898139,-1.3063326344037405,1.2318693094634654,2.400978890036652,2034,10,23,False,False,False,False,False,True,False,False
0.967826755878997,-1.1024348958367327,1.3809143771690149,0.27948439289030197,0.5407882253476938,-0.639896951817932,2034,10,24,False,True,False,False,True,False,True,False
0.967826755878997,-1.3319281572422272,1.0850379679367095,0.9138112038079189,-0.49583340082596367,-0.8161228458867854,2034,10,25,False,False,True,False,False,True,False,True
0.4728253463664166,1.1642542117939525,0.6905360889603027,0.9138112038079189,1.6637949870358226,1.077019396604436,2034,10,26,False,False,False,False,False,True,False,True
-1.507180291683905,0.9506553086062949,0.2960342099838957,-0.989169228944932,1.7501801225502938,-0.7950415485889228,2034,10,27,False,False,False,False,False,True,True,False
-1.0121788821713247,-0.6025011973939188,0.1974087402397941,-1.3063326344037405,0.9727139029200506,-0.8446814350043325,2034,10,28,False,True,False,False,False,False,True,False
-1.507180291683905,0.5414198996221407,1.6767907864013198,-0.354842418027315,1.0590990384345225,-0.930983379504435,2034,10,29,False,False,False,True,False,False,True,False
-1.507180291683905,-1.3045709533208205,-0.7888459572012234,1.548138014725536,0.8863287674055794,-1.1534113246693027,2034,10,30,False,True,False,False,False,True,True,False
0.967826755878997,0.01891503077332794,0.8877870284485064,1.2309746092667273,-0.8413739428838494,0.42557415954561756,2034,10,31,True,False,False,False,True,False,False,False
-1.0121788821713247,-1.6689594556605953,0.1974087402397941,0.27948439289030197,-1.186914484941735,-1.1992450362668106,2034,11,1,False,True,False,False,False,True,False,True
0.967826755878997,-0.380098356011251,1.5781653166572187,-0.989169228944932,0.19524768328980804,-0.06345791463834612,2034,11,2,False,True,False,False,False,False,True,False
0.967826755878997,-1.4750364680362817,1.0850379679367095,-0.6720058234861235,1.5774098515213508,-0.9428070774064976,2034,11,3,False,False,True,False,True,False,False,False
1.4628281653915773,-0.09134100058162917,1.6767907864013198,1.2309746092667273,1.3182544449779365,0.38637055892122896,2034,11,4,True,False,False,True,False,False,False,False
0.967826755878997,-0.27616461584331464,0.2960342099838957,-1.3063326344037405,-1.359684755970678,0.2726641557322334,2034,11,5,False,True,False,False,True,False,True,False
-0.0221760631461638,-0.19763821409050755,-1.0847223664335286,1.548138014725536,-1.5324550269996209,0.005654853264780402,2034,11,6,False,True,False,False,True,False,False,False
-1.507180291683905,-1.577020342697941,0.00015780075159044688,1.2309746092667273,1.3182544449779365,-1.2084412457461926,2034,11,7,False,False,True,False,True,False,False,False
1.4628281653915773,-0.4837366620115696,0.6905360889603027,-1.3063326344037405,0.4544030898332222,0.2100832749359579,2034,11,8,False,True,False,False,True,False,False,True
1.4628281653915773,0.8811101055490687,0.8877870284485064,0.27948439289030197,-0.6686036718549063,1.620381546818127,2034,11,9,False,False,True,False,False,True,False,False
-1.507180291683905,-0.45856567093053446,-1.7751006546422408,-1.3063326344037405,0.19524768328980804,-0.9668596466589802,2034,11,10,False,True,False,True,False,False,False,False
1.4628281653915773,0.7383563157561553,0.00015780075159044688,-1.6234960398625489,-0.9277590783983208,1.8040233427902468,2034,11,11,False,True,False,False,False,True,True,False
-1.507180291683905,-0.4565567185907335,-0.9860968966894269,-0.6720058234861235,1.5774098515213508,-0.9891441863186312,2034,11,12,True,False,False,False,False,False,True,False
-0.0221760631461638,-0.2707286271591473,1.282288907424913,-0.037679012568506524,1.1454841739489936,-0.3603641064012537,2034,11,13,True,False,False,False,False,False,True,False
-0.5171774726587443,0.21543783907267774,-1.281973305921732,1.2309746092667273,1.5774098515213508,-0.043432523902869294,2034,11,14,True,False,False,False,True,False,True,False
1.4628281653915773,1.552395621210197,0.49328514947209934,1.2309746092667273,-1.1005293494272637,2.529529375015464,2034,11,15,False,True,False,False,False,True,True,False
0.4728253463664166,-1.357453669324404,-0.8874714269453252,-0.6720058234861235,1.2318693094634654,-0.810708255258738,2034,11,16,False,False,False,False,False,True,True,False
0.4728253463664166,-1.6199764706695667,-0.59159501771302,-1.6234960398625489,0.19524768328980804,-1.065218570743533,2034,11,17,True,False,False,True,False,False,False,False
-0.0221760631461638,0.3677046090628835,1.479539846913117,-1.6234960398625489,-0.5822185363404352,-0.03062658733812219,2034,11,18,False,True,False,True,False,False,False,False
-1.507180291683905,1.5469005456925065,-0.9860968966894269,0.9138112038079189,-0.06390772325360648,-0.6061447757714415,2034,11,19,True,False,False,True,False,False,True,False
0.4728253463664166,1.6873499489780008,-1.4792242454099356,-1.6234960398625489,1.5774098515213508,2.2868550354160155,2034,11,20,False,False,False,False,False,True,True,False
-0.0221760631461638,-0.060143152481191016,-1.5778497151540374,0.27948439289030197,0.7135584963766364,0.1851712468536262,2034,11,21,False,True,False,True,False,False,False,False
0.967826755878997,-0.1157438628268581,0.00015780075159044688,1.548138014725536,-0.49583340082596367,0.49450275769949065,2034,11,22,False,True,False,True,False,False,True,False
-1.0121788821713247,0.49562760364138414,0.3946596797279975,0.27948439289030197,1.7501801225502938,-0.49884747985646144,2034,11,23,False,False,True,True,False,False,True,False
0.4728253463664166,0.18689889848079994,-0.6902204874571217,-1.6234960398625489,-0.49583340082596367,0.6076812076072933,2034,11,24,True,False,False,False,True,False,False,False
-1.0121788821713247,0.45804837752040195,0.5919106192162009,-1.6234960398625489,1.1454841739489936,-0.5299844454635549,2034,11,25,True,False,False,False,False,False,True,False
-1.507180291683905,1.2873320860235211,-1.5778497151540374,-0.037679012568506524,0.9727139029200506,-0.6169985129941035,2034,11,26,False,True,False,False,False,False,True,False
0.4728253463664166,0.8459534396025521,1.1836634376808113,0.5966477983491104,0.7999436318911078,0.6903611470387472,2034,11,27,False,True,False,False,False,True,True,False
-0.0221760631461638,-0.01624163517318828,1.0850379679367095,0.27948439289030197,0.6271733608621652,-0.18439604998135495,2034,11,28,True,False,False,False,False,True,True,False
-0.5171774726587443,-0.13725147022943268,1.5781653166572187,-0.037679012568506524,-1.359684755970678,-0.5569346187709564,2034,11,29,False,True,False,False,True,False,False,True
0.4728253463664166,0.4771334247485109,1.479539846913117,1.2309746092667273,1.7501801225502938,0.3504574578168329,2034,11,30,True,False,False,False,False,False,True,False
0.4728253463664166,-0.15852273029791325,-0.59159501771302,-0.989169228944932,-1.186914484941735,0.2709943500056701,2034,12,1,True,False,False,True,False,False,False,False
0.4728253463664166,-0.15137322344156268,-0.3943440782248163,1.548138014725536,0.3680179543187507,0.24280410038662967,2034,12,2,False,True,False,True,False,False,False,False
0.4728253463664166,-1.67734978602094,0.7891615587044045,0.27948439289030197,-0.8413739428838494,-1.1387636906120226,2034,12,3,False,False,False,False,False,True,True,False
-0.0221760631461638,-1.1320373994320347,-1.281973305921732,-0.037679012568506524,-1.1005293494272637,-0.7051667109533063,2034,12,4,False,False,True,False,False,False,True,False
-0.0221760631461638,-0.045135096766207805,-0.6902204874571217,0.5966477983491104,0.19524768328980804,0.06445411520972143,2034,12,5,False,False,True,False,False,True,False,True
-0.5171774726587443,1.1098352381187568,-1.3805987756658338,-0.6720058234861235,1.1454841739489936,0.504521592058871,2034,12,6,False,True,False,False,False,True,False,True
-0.0221760631461638,-0.7702487177672965,-0.19709313873661294,0.9138112038079189,-0.40944826531149214,-0.5156805949382143,2034,12,7,False,True,False,True,False,False,True,False
-0.0221760631461638,0.07286130978033525,0.09878327049569227,-1.6234960398625489,-1.4460698914851493,0.025717077950107997,2034,12,8,True,False,False,True,False,False,True,False
-1.507180291683905,-0.5413463246970375,-1.0847223664335286,0.27948439289030197,0.4544030898332222,-1.002699079863675,2034,12,9,False,True,False,False,False,False,False,False
1.4628281653915773,-1.3714572488694867,-1.676475184898139,0.9138112038079189,0.9727139029200506,-0.6009511888424981,2034,12,10,False,False,False,False,False,True,True,False
-1.507180291683905,1.57868926212818,0.6905360889603027,1.2309746092667273,-0.6686036718549063,-0.7202072404756601,2034,12,11,False,True,False,False,True,False,True,False
1.4628281653915773,1.2205048773083789,-1.676475184898139,-1.6234960398625489,0.7135584963766364,2.749223934151831,2034,12,12,True,False,False,False,False,False,True,False
-1.0121788821713247,-1.4623918856622407,1.5781653166572187,1.2309746092667273,-1.4460698914851493,-1.1515205152436354,2034,12,13,True,False,False,False,False,True,True,False
-0.5171774726587443,0.7543097608075156,-0.9860968966894269,-0.989169228944932,-0.49583340082596367,0.22750573321532108,2034,12,14,True,False,False,False,False,False,True,False
1.4628281653915773,-0.5323060391679333,0.49328514947209934,0.27948439289030197,-0.06390772325360648,0.194625293981963,2034,12,15,False,True,False,False,False,False,False,False
-1.507180291683905,1.705075999035068,-0.2957186084807148,0.9138112038079189,0.9727139029200506,-0.6272137950860206,2034,12,16,True,False,False,False,False,False,False,False
-0.5171774726587443,-0.6884725401706939,-1.5778497151540374,-1.6234960398625489,-0.49583340082596367,-0.5575362399518504,2034,12,17,False,True,False,False,True,False,False,False
-0.5171774726587443,-0.9085119082124195,-0.09846766899251111,-0.037679012568506524,-0.150292858768078,-0.7774226425770225,2034,12,18,False,False,False,False,True,False,True,False
0.4728253463664166,0.22926415811719023,0.00015780075159044688,1.548138014725536,0.4544030898332222,0.49764592142008046,2034,12,19,False,True,False,True,False,False,True,False
0.967826755878997,1.1529686265909533,1.1836634376808113,-1.3063326344037405,0.4544030898332222,1.3464351837954653,2034,12,20,False,False,False,True,False,False,False,False
0.967826755878997,-1.068282706060117,0.7891615587044045,-0.354842418027315,0.10886254777533654,-0.5545404120306633,2034,12,21,False,False,True,False,False,True,True,False
0.967826755878997,0.7183849660251932,-1.4792242454099356,0.27948439289030197,-0.5822185363404352,1.8224403177155781,2034,12,22,False,True,False,False,False,False,True,False
-0.5171774726587443,-1.5214787191857975,-1.0847223664335286,0.27948439289030197,0.6271733608621652,-1.07581447031724,2034,12,23,False,False,True,False,False,True,True,False
0.4728253463664166,1.4426713713569526,-0.6902204874571217,1.2309746092667273,1.1454841739489936,1.7688837546327147,2034,12,24,False,True,False,True,False,False,True,False
-1.0121788821713247,-1.4534697738001836,-1.3805987756658338,0.27948439289030197,-1.186914484941735,-1.1030715932067305,2034,12,25,False,False,False,False,True,False,False,True
-1.0121788821713247,1.4264224921379745,-0.19709313873661294,-0.6720058234861235,-0.49583340082596367,-0.11611818494151005,2034,12,26,True,False,False,True,False,False,False,False
0.967826755878997,-0.03721746107405101,1.5781653166572187,-0.037679012568506524,0.6271733608621652,0.21869014121772937,2034,12,27,False,True,False,False,False,True,True,False
-1.0121788821713247,-0.18487545804941946,0.00015780075159044688,1.548138014725536,0.8863287674055794,-0.69222571657244,2034,12,28,True,False,False,True,False,False,False,False
0.4728253463664166,1.6305675019618628,0.7891615587044045,1.2309746092667273,0.9727139029200506,1.404510044726677,2034,12,29,False,True,False,False,False,True,True,False
0.967826755878997,1.6895952486518961,0.5919106192162009,-0.037679012568506524,0.5407882253476938,2.0774908644648495,2034,12,30,False,False,False,False,False,True,True,False
1.4628281653915773,0.513649087866069,1.1836634376808113,0.27948439289030197,-0.06390772325360648,1.1282676988299911,2034,12,31,False,True,False,False,False,True,True,False
1.4628281653915773,-1.294348931121245,-0.9860968966894269,0.9138112038079189,0.5407882253476938,-0.5436743968247179,2035,1,1,False,False,True,False,False,True,False,False
0.4728253463664166,0.015901602263626597,0.7891615587044045,-0.037679012568506524,-1.2732996204562066,0.16308315492651218,2035,1,2,True,False,False,True,False,False,True,False
-1.0121788821713247,0.0953733933528104,1.282288907424913,1.2309746092667273,-1.014144213912792,-0.7003291855395858,2035,1,3,False,False,False,False,False,True,True,False
0.967826755878997,0.04449962968902793,-1.1833478361776304,-1.6234960398625489,1.4910247160068797,0.9376397303695287,2035,1,4,False,True,False,False,False,True,True,False
1.4628281653915773,0.23475923363488072,-0.59159501771302,0.5966477983491104,1.4910247160068797,1.3828885161643378,2035,1,5,True,False,False,False,False,False,True,False
0.4728253463664166,-1.6690185424941189,1.5781653166572187,-1.3063326344037405,0.7999436318911078,-1.1450991299863367,2035,1,6,True,False,False,False,False,True,False,False
-0.0221760631461638,0.7247072572122136,0.8877870284485064,-0.989169228944932,-0.5822185363404352,0.29520653304083905,2035,1,7,False,False,True,True,False,False,False,True
1.4628281653915773,0.7287251618918156,-0.7888459572012234,-0.354842418027315,0.5407882253476938,2.0893882302666134,2035,1,8,False,True,False,False,False,True,False,False
-0.0221760631461638,-1.3345870647507874,0.1974087402397941,-0.037679012568506524,0.7135584963766364,-0.9259125724083271,2035,1,9,False,True,False,False,True,False,False,False
0.4728253463664166,0.2373590543099172,-0.3943440782248163,0.27948439289030197,0.10886254777533654,0.5901482474783779,2035,1,10,False,True,False,False,True,False,False,True
0.4728253463664166,0.23085950262232616,-0.09846766899251111,-0.6720058234861235,0.8863287674055794,0.5203356345280886,2035,1,11,False,False,True,False,False,True,True,False
-1.507180291683905,0.6252050295585442,-0.59159501771302,-0.989169228944932,-1.6188401625140922,-0.8026907321745772,2035,1,12,False,True,False,False,True,False,True,False
1.4628281653915773,-1.438520804918724,-0.7888459572012234,0.9138112038079189,-0.8413739428838494,-0.7477713129472392,2035,1,13,True,False,False,False,True,False,True,False
-1.507180291683905,0.4318138234359427,0.5919106192162009,-0.6720058234861235,1.0590990384345225,-0.8942599315033244,2035,1,14,False,True,False,True,False,False,True,False
-0.5171774726587443,-0.7632764714115168,0.8877870284485064,0.9138112038079189,1.5774098515213508,-0.7682878230140582,2035,1,15,False,False,False,False,False,False,True,False
1.4628281653915773,0.018796857106280932,1.282288907424913,0.9138112038079189,1.3182544449779365,0.5976255392980624,2035,1,16,False,False,False,False,True,False,True,False
0.967826755878997,0.9393106365697719,-1.281973305921732,1.548138014725536,0.7999436318911078,2.0207543037115454,2035,1,17,True,False,False,False,True,False,True,False
-0.5171774726587443,0.7053858626500107,1.0850379679367095,-0.989169228944932,-1.1005293494272637,-0.13146566404595278,2035,1,18,True,False,False,False,False,False,False,False
-0.5171774726587443,-1.3227106112125524,-0.8874714269453252,-0.989169228944932,-0.40944826531149214,-0.966810534725846,2035,1,19,False,True,False,False,False,False,False,True
-1.0121788821713247,0.3097404253762743,-0.2957186084807148,1.548138014725536,-1.5324550269996209,-0.4970794502636297,2035,1,20,False,True,False,False,True,False,True,False
-0.0221760631461638,1.616091227748591,1.3809143771690149,0.5966477983491104,0.5407882253476938,0.693172805210681,2035,1,21,False,True,False,False,False,True,True,False
-1.0121788821713247,-1.1918332749578744,-0.19709313873661294,-1.6234960398625489,-0.150292858768078,-1.0301403725024187,2035,1,22,False,False,True,False,True,False,False,False
0.967826755878997,1.2144189334554527,-1.0847223664335286,-0.037679012568506524,0.2816328188042792,2.270881379164112,2035,1,23,True,False,False,False,False,True,True,False
0.4728253463664166,0.6946911457822469,-1.1833478361776304,-0.037679012568506524,1.6637949870358226,1.2079886442901087,2035,1,24,False,False,False,False,False,True,True,False
-1.507180291683905,0.9416741099107143,-0.09846766899251111,0.9138112038079189,-0.3230631297970206,-0.7735305218761359,2035,1,25,True,False,False,False,False,True,True,False
0.967826755878997,-0.7590813062313444,0.8877870284485064,-1.3063326344037405,-0.6686036718549063,-0.28252169238352015,2035,1,26,False,False,True,False,False,False,False,False
0.4728253463664166,-0.7385781749986702,1.6767907864013198,0.5966477983491104,-1.186914484941735,-0.518332639327462,2035,1,27,True,False,False,False,True,False,False,True
0.967826755878997,1.3980017252131431,0.9864124981926082,0.27948439289030197,-1.186914484941735,1.6405911073028567,2035,1,28,True,False,False,False,True,False,False,False
0.4728253463664166,-0.48994077953154314,1.282288907424913,-1.3063326344037405,0.10886254777533654,-0.2950575133160289,2035,1,29,False,True,False,True,False,False,True,False
1.4628281653915773,-1.5159245568345832,0.7891615587044045,-1.6234960398625489,0.8863287674055794,-0.9204243138805783,2035,1,30,True,False,False,False,False,False,True,False
-1.507180291683905,0.34229727064775434,1.282288907424913,-0.6720058234861235,0.2816328188042792,-0.9398849173850118,2035,1,31,True,False,False,True,False,False,True,False
0.4728253463664166,-1.302266566813402,-1.4792242454099356,-1.3063326344037405,1.3182544449779365,-0.7261006724517661,2035,2,1,False,False,True,True,False,False,False,True
-0.5171774726587443,1.0197869038288563,1.479539846913117,-0.989169228944932,-0.5822185363404352,-0.06317552102282435,2035,2,2,False,False,False,False,False,True,False,False
0.967826755878997,0.48451927893895547,-0.3943440782248163,-1.3063326344037405,0.3680179543187507,1.2232378995282829,2035,2,3,False,True,False,False,False,False,True,False
-1.507180291683905,1.2898728198650344,1.3809143771690149,0.9138112038079189,0.5407882253476938,-0.8104872515596341,2035,2,4,False,True,False,True,False,False,False,False
0.4728253463664166,0.9791351623646493,-1.4792242454099356,-0.6720058234861235,-0.7549888073693778,1.5731113111764434,2035,2,5,True,False,False,False,True,False,True,False
-0.5171774726587443,-1.3461680841214045,0.6905360889603027,-1.6234960398625489,-0.3230631297970206,-1.0276111079460064,2035,2,6,True,False,False,True,False,False,False,True
-0.5171774726587443,-0.416495845461762,0.7891615587044045,0.5966477983491104,0.3680179543187507,-0.601724701789362,2035,2,7,False,True,False,False,False,False,False,True
1.4628281653915773,0.9436239754169916,1.6767907864013198,-0.6720058234861235,-1.6188401625140922,1.3649012706539307,2035,2,8,False,False,True,False,True,False,True,False
-0.0221760631461638,-0.2911726715582982,0.8877870284485064,1.2309746092667273,1.3182544449779365,-0.3211850617434322,2035,2,9,False,False,False,False,True,False,False,False
-0.5171774726587443,1.6273177261180674,-0.4929695479689182,1.548138014725536,-1.359684755970678,0.6206713139212936,2035,2,10,False,False,False,False,True,False,False,False
-1.0121788821713247,0.8094377764849943,0.1974087402397941,1.548138014725536,-1.5324550269996209,-0.3752450221409214,2035,2,11,False,True,False,False,False,True,True,False
-1.507180291683905,-1.6801268671965475,-0.4929695479689182,0.5966477983491104,-0.9277590783983208,-1.2245376818309321,2035,2,12,False,False,False,False,True,False,False,False
-1.507180291683905,1.308012477756766,-1.0847223664335286,0.5966477983491104,0.022477412260865026,-0.6453115424459795,2035,2,13,False,False,True,False,False,True,False,False
-1.507180291683905,-1.3852835679139992,-0.8874714269453252,0.9138112038079189,-0.5822185363404352,-1.1676046733450913,2035,2,14,True,False,False,False,False,True,True,False
0.4728253463664166,-1.2479657668052533,-0.9860968966894269,1.2309746092667273,-0.150292858768078,-0.7012132003360018,2035,2,15,True,False,False,True,False,False,False,False
0.967826755878997,0.8051244376377745,0.09878327049569227,0.27948439289030197,-1.4460698914851493,1.4031963005153365,2035,2,16,False,False,True,True,False,False,False,False
0.4728253463664166,1.2561342379230833,1.3809143771690149,-0.6720058234861235,-0.9277590783983208,0.9247110139719462,2035,2,17,True,False,False,False,True,False,True,False
-1.0121788821713247,0.12018986343270419,1.3809143771690149,-1.3063326344037405,-1.359684755970678,-0.7012868682357031,2035,2,18,True,False,False,False,False,False,True,False
0.967826755878997,-0.7346193571525917,-1.5778497151540374,-0.037679012568506524,-0.9277590783983208,0.07878252170162926,2035,2,19,True,False,False,False,True,False,False,False
1.4628281653915773,-0.5193660226262743,-1.4792242454099356,-0.6720058234861235,0.7135584963766364,0.5881714921697255,2035,2,20,True,False,False,True,False,False,True,False
-0.5171774726587443,-0.5484958315533879,-0.8874714269453252,-0.037679012568506524,0.2816328188042792,-0.527614794689829,2035,2,21,False,True,False,False,True,False,False,True
0.4728253463664166,-0.6045101497337196,-0.8874714269453252,0.5966477983491104,-0.5822185363404352,-0.09881850649498229,2035,2,22,False,False,False,True,False,False,True,False
0.967826755878997,-0.8940947208326716,-1.4792242454099356,-0.989169228944932,-0.8413739428838494,-0.1276472112447674,2035,2,23,False,False,True,False,True,False,True,False
-0.5171774726587443,0.3708952980731557,-0.3943440782248163,-1.6234960398625489,1.7501801225502938,-0.07442215371056009,2035,2,24,True,False,False,False,False,False,True,False
0.967826755878997,1.3786212438174168,0.2960342099838957,-0.354842418027315,0.9727139029200506,1.902554158640769,2035,2,25,False,True,False,False,True,False,False,False
-0.5171774726587443,-0.6722827477852394,0.1974087402397941,-0.989169228944932,1.1454841739489936,-0.676694067718744,2035,2,26,True,False,False,False,False,False,False,False
0.967826755878997,-1.0883722294581262,0.09878327049569227,-0.037679012568506524,-1.6188401625140922,-0.5090136500152443,2035,2,27,False,True,False,False,False,False,True,False
0.4728253463664166,1.1649041669627118,-0.59159501771302,-0.989169228944932,-1.5324550269996209,1.4810018805832197,2035,2,28,False,True,False,False,True,False,True,False
0.4728253463664166,0.8302954287188097,0.6905360889603027,-1.6234960398625489,0.7999436318911078,0.8167752629262212,2035,3,1,True,False,False,False,False,False,False,True
-1.0121788821713247,1.4837958074893476,1.0850379679367095,0.9138112038079189,-1.014144213912792,-0.27470061703189613,2035,3,2,True,False,False,False,False,False,True,False
1.4628281653915773,-1.1615808161938133,-0.59159501771302,-0.354842418027315,-0.23667799428254913,-0.40445434437249683,2035,3,3,True,False,False,True,False,False,True,False
1.4628281653915773,-1.235084837097118,-1.4792242454099356,-1.3063326344037405,-1.1005293494272637,-0.42165579895275623,2035,3,4,False,True,False,True,False,False,True,False
-0.0221760631461638,0.13779773982272422,-0.7888459572012234,-1.3063326344037405,-1.1005293494272637,0.21606265279504866,2035,3,5,True,False,False,False,False,False,True,False
-1.507180291683905,0.3900985189683116,-1.281973305921732,1.548138014725536,-1.359684755970678,-0.8134953574641048,2035,3,6,False,True,False,False,False,True,True,False
0.4728253463664166,-0.07396947152570349,-0.19709313873661294,0.9138112038079189,0.3680179543187507,0.27563542768685356,2035,3,7,False,False,False,False,True,False,True,False
0.4728253463664166,0.3366840214630162,-1.281973305921732,-1.6234960398625489,0.8863287674055794,0.8807803897833894,2035,3,8,True,False,False,False,False,False,True,False
-0.5171774726587443,-1.1102343578618423,-0.19709313873661294,1.2309746092667273,-1.5324550269996209,-0.8773531485218703,2035,3,9,False,False,True,False,True,False,False,True
-0.0221760631461638,-0.07591933703198077,-0.9860968966894269,-0.989169228944932,-0.7549888073693778,0.08522846292549521,2035,3,10,False,True,False,True,False,False,True,False
1.4628281653915773,0.5410062917874757,0.7891615587044045,1.2309746092667273,0.5407882253476938,1.2936275776928992,2035,3,11,False,True,False,False,True,False,False,False
0.4728253463664166,-0.23805360822062058,-1.676475184898139,1.548138014725536,-0.3230631297970206,0.37933527449975235,2035,3,12,False,False,False,False,False,False,False,False
0.967826755878997,0.6148648336919218,0.09878327049569227,0.27948439289030197,0.7135584963766364,1.2110581401109972,2035,3,13,False,True,False,False,False,False,True,False
1.4628281653915773,-0.17412165434813218,-1.1833478361776304,-1.6234960398625489,0.8863287674055794,1.0033637748863944,2035,3,14,True,False,False,False,False,False,False,False
-0.0221760631461638,-0.5805799821566793,-1.7751006546422408,-1.3063326344037405,-1.6188401625140922,-0.21811139207799482,2035,3,15,True,False,False,False,False,False,True,False
-1.507180291683905,-0.6842773749905213,1.1836634376808113,-0.037679012568506524,-0.40944826531149214,-1.0847037302145335,2035,3,16,False,True,False,False,False,True,True,False
0.967826755878997,-0.31338932096315547,0.5919106192162009,0.9138112038079189,0.7999436318911078,0.17956020849304202,2035,3,17,False,False,True,False,False,True,False,True
-0.5171774726587443,-1.6538923131120884,-1.4792242454099356,0.9138112038079189,-0.40944826531149214,-1.148389629506329,2035,3,18,True,False,False,False,False,True,False,False
-1.0121788821713247,0.5771083470703687,0.49328514947209934,0.5966477983491104,-1.7052252980285638,-0.4824072602397824,2035,3,19,False,True,False,False,False,False,False,True
0.967826755878997,1.1874753373687104,0.2960342099838957,-0.989169228944932,-0.5822185363404352,1.7142835629707496,2035,3,20,False,True,False,False,False,True,False,True
1.4628281653915773,-0.5079031769227044,-0.09846766899251111,-1.3063326344037405,1.3182544449779365,0.33666928258940154,2035,3,21,False,True,False,False,True,False,True,False
-1.507180291683905,-1.574597782523475,-0.2957186084807148,-1.6234960398625489,1.5774098515213508,-1.2064890464041076,2035,3,22,False,False,False,False,False,False,True,False
0.967826755878997,1.6771279267784256,1.282288907424913,1.548138014725536,0.19524768328980804,1.7602646103676598,2035,3,23,False,False,True,True,False,False,True,False
-0.0221760631461638,-0.8222451312680266,-0.8874714269453252,1.548138014725536,-0.6686036718549063,-0.4937889507436371,2035,3,24,False,True,False,False,False,False,False,True
-0.0221760631461638,-1.2960624492934283,-0.3943440782248163,0.9138112038079189,-0.06390772325360648,-0.8740503710185942,2035,3,25,False,True,False,False,True,False,False,True
-1.507180291683905,-0.4556113292543566,-0.59159501771302,-0.354842418027315,-0.9277590783983208,-1.000329429089949,2035,3,26,False,False,True,False,False,True,False,False
1.4628281653915773,0.8191871040163811,0.8877870284485064,-0.989169228944932,-1.1005293494272637,1.554632946334694,2035,3,27,True,False,False,False,False,False,True,False
-0.0221760631461638,-0.717779609598378,1.3809143771690149,1.2309746092667273,0.022477412260865026,-0.6259368848245309,2035,3,28,True,False,False,False,False,True,True,False
0.967826755878997,0.25278071785956563,1.1836634376808113,1.2309746092667273,0.7999436318911078,0.5608038674306833,2035,3,29,True,False,False,False,False,False,False,True
-1.0121788821713247,-0.29731770224474785,0.9864124981926082,1.548138014725536,-0.9277590783983208,-0.7939242521101195,2035,3,30,False,True,False,False,True,False,False,True
0.967826755878997,-1.326669429058631,1.6767907864013198,-0.354842418027315,1.4046395804924077,-0.8485489997386522,2035,3,31,False,False,True,False,False,False,True,False
-1.0121788821713247,-0.5920428278602493,0.5919106192162009,1.548138014725536,-1.1005293494272637,-0.861661885885488,2035,4,1,False,False,False,False,False,True,True,False
-0.0221760631461638,0.7718585503640121,0.7891615587044045,-0.989169228944932,0.19524768328980804,0.3453866507207249,2035,4,2,False,True,False,False,False,True,True,False
0.967826755878997,0.38170818860796646,1.5781653166572187,0.9138112038079189,0.9727139029200506,0.563406799886797,2035,4,3,True,False,False,False,True,False,True,False
-0.0221760631461638,-1.3196971827028512,-1.7751006546422408,-1.6234960398625489,-0.9277590783983208,-0.8324525636539125,2035,4,4,True,False,False,False,False,False,False,True
1.4628281653915773,-1.169203017718352,0.3946596797279975,-1.6234960398625489,-0.6686036718549063,-0.5092100977477813,2035,4,5,True,False,False,True,False,False,False,False
-1.0121788821713247,0.4810331557610654,0.7891615587044045,-0.989169228944932,-1.5324550269996209,-0.5418695332820354,2035,4,6,False,True,False,False,False,False,False,False
1.4628281653915773,1.0779283480160362,1.3809143771690149,-0.037679012568506524,1.5774098515213508,1.618441625459325,2035,4,7,False,False,True,False,True,False,True,False
-0.0221760631461638,-0.5257474006468186,1.282288907424913,1.548138014725536,-0.06390772325360648,-0.5066317212582349,2035,4,8,True,False,False,True,False,False,True,False
0.4728253463664166,0.3240394390889751,1.0850379679367095,-1.3063326344037405,-1.4460698914851493,0.3330841114706036,2035,4,9,True,False,False,False,True,False,True,False
-0.5171774726587443,-1.1438547661367462,1.479539846913117,-1.6234960398625489,1.1454841739489936,-0.9668596466589802,2035,4,10,False,True,False,False,False,False,False,False
0.967826755878997,-0.657392865737303,0.09878327049569227,0.5966477983491104,0.2816328188042792,-0.07377142059653162,2035,4,11,False,True,False,True,False,False,False,False
0.4728253463664166,-1.663641640643475,-1.7751006546422408,1.548138014725536,-1.5324550269996209,-1.0853544633285617,2035,4,12,False,True,False,False,True,False,True,False
1.4628281653915773,0.9218800206803227,-1.7751006546422408,1.2309746092667273,-0.150292858768078,2.7414228105230425,2035,4,13,False,False,True,False,False,True,True,False
-0.0221760631461638,-0.3476005975732948,0.09878327049569227,0.9138112038079189,-0.23667799428254913,-0.2573641046355176,2035,4,14,False,True,False,True,False,False,True,False
-0.0221760631461638,1.0872640677127583,-0.2957186084807148,1.2309746092667273,-1.186914484941735,0.80540585040565,2035,4,15,False,False,True,True,False,False,True,False
-0.5171774726587443,0.7148397560137796,-0.19709313873661294,-1.6234960398625489,-0.23667799428254913,0.07834051430342115,2035,4,16,True,False,False,False,True,False,False,False
-0.0221760631461638,1.1309292376866666,-0.3943440782248163,-0.989169228944932,-0.7549888073693778,0.8608041109810467,2035,4,17,True,False,False,False,False,True,False,False
-0.5171774726587443,-0.746318550190256,1.3809143771690149,-0.354842418027315,0.7135584963766364,-0.7941206998426563,2035,4,18,True,False,False,True,False,False,True,False
0.967826755878997,-1.093867304975817,-0.4929695479689182,0.27948439289030197,-1.7052252980285638,-0.46007360864699726,2035,4,19,True,False,False,False,True,False,False,True
-1.0121788821713247,1.625722381612931,1.1836634376808113,1.2309746092667273,-1.359684755970678,-0.247161100526884,2035,4,20,False,True,False,True,False,False,False,False
-0.5171774726587443,0.7458012567801234,1.3809143771690149,-0.6720058234861235,1.4910247160068797,-0.16159583502379488,2035,4,21,False,True,False,True,False,False,True,False
-0.5171774726587443,1.1491870692454458,-0.09846766899251111,-0.037679012568506524,-0.23667799428254913,0.28726267785637943,2035,4,22,False,False,True,True,False,False,True,False
0.4728253463664166,-1.688339937056322,-0.19709313873661294,-1.6234960398625489,-1.1005293494272637,-1.1332877100675574,2035,4,23,False,False,True,False,False,True,False,True
-0.0221760631461638,-0.5084940452579398,0.8877870284485064,-0.6720058234861235,1.0590990384345225,-0.4530506022088044,2035,4,24,False,True,False,False,False,False,False,False
0.967826755878997,0.8338997255637467,0.6905360889603027,0.5966477983491104,1.2318693094634654,1.2335636834697519,2035,4,25,True,False,False,False,False,False,True,False
-1.0121788821713247,-1.4641644906679474,-0.6902204874571217,-0.354842418027315,-1.014144213912792,-1.117768339197145,2035,4,26,False,True,False,False,False,True,False,False
-1.507180291683905,0.22731429261091263,-1.3805987756658338,0.5966477983491104,0.7999436318911078,-0.8413786575010564,2035,4,27,False,True,False,False,False,True,True,False
1.4628281653915773,-0.2505800169276146,-0.8874714269453252,-1.6234960398625489,0.4544030898332222,0.8302319326049966,2035,4,28,False,True,False,False,True,False,False,True
-0.5171774726587443,-1.6728000998396264,-1.281973305921732,1.2309746092667273,0.8863287674055794,-1.1616866854024184,2035,4,29,False,False,False,True,False,False,False,True
-1.507180291683905,-0.918024888409712,-0.7888459572012234,0.9138112038079189,1.0590990384345225,-1.0811308370790191,2035,4,30,False,True,False,False,False,True,False,False
-0.0221760631461638,-0.7493319786999575,-0.8874714269453252,-0.6720058234861235,0.5407882253476938,-0.43864852781719527,2035,5,1,False,True,False,False,True,False,False,False
1.4628281653915773,-1.347054386624258,0.3946596797279975,0.9138112038079189,1.5774098515213508,-0.7109987530129945,2035,5,2,False,True,False,False,False,False,True,False
-0.5171774726587443,0.44924443932539193,1.479539846913117,0.5966477983491104,1.3182544449779365,-0.30147889857332777,2035,5,3,False,True,False,False,False,False,False,False
-1.507180291683905,-0.8958673258383781,0.5919106192162009,0.5966477983491104,-0.9277590783983208,-1.1039310520365795,2035,5,4,True,False,False,False,False,False,False,False
0.4728253463664166,-0.7740893619463277,1.3809143771690149,-1.3063326344037405,1.4910247160068797,-0.5096521051459891,2035,5,5,False,True,False,False,False,False,False,False
-1.507180291683905,1.3711172159599252,0.8877870284485064,-0.989169228944932,-0.49583340082596367,-0.7658322263573474,2035,5,6,False,True,False,False,True,False,False,False
1.4628281653915773,-0.1190527255041773,0.6905360889603027,1.2309746092667273,0.7999436318911078,0.6079267672729645,2035,5,7,True,False,False,True,False,False,False,True
0.4728253463664166,-0.37832575100554444,-0.3943440782248163,0.9138112038079189,1.2318693094634654,0.04002092847544875,2035,5,8,False,True,False,False,True,False,True,False
1.4628281653915773,0.7683724271861221,-0.6902204874571217,-0.989169228944932,-0.23667799428254913,2.103618412892253,2035,5,9,False,False,True,True,False,False,True,False
-1.0121788821713247,1.4104099602530902,1.1836634376808113,0.5966477983491104,-1.5324550269996209,-0.30979109325629395,2035,5,10,True,False,False,False,False,False,False,False
-0.0221760631461638,-1.647156414090403,1.3809143771690149,-0.354842418027315,1.5774098515213508,-1.1512258436448302,2035,5,11,False,True,False,False,False,True,False,True
0.967826755878997,-0.18434367654770728,-0.19709313873661294,0.27948439289030197,-1.4460698914851493,0.46521976756821404,2035,5,12,False,False,True,False,False,True,False,True
-1.507180291683905,0.3775130234277941,-1.7751006546422408,-0.6720058234861235,-0.49583340082596367,-0.7931261831966884,2035,5,13,False,True,False,False,False,True,False,False
-0.5171774726587443,-0.6325763956574091,0.9864124981926082,0.5966477983491104,0.3680179543187507,-0.7162291738917885,2035,5,14,True,False,False,True,False,False,False,True
1.4628281653915773,0.9361790343930235,-0.7888459572012234,-0.6720058234861235,-1.2732996204562066,2.360977220498832,2035,5,15,True,False,False,False,False,False,False,False
1.4628281653915773,1.624245210774842,-1.7751006546422408,-0.354842418027315,1.2318693094634654,2.749223934151831,2035,5,16,False,True,False,False,True,False,True,False
-0.0221760631461638,1.527342803796209,0.9864124981926082,-1.6234960398625489,-1.014144213912792,0.7543785518791989,2035,5,17,True,False,False,False,False,True,False,False
-1.507180291683905,-0.8143274955758699,0.00015780075159044688,1.2309746092667273,1.6637949870358226,-1.078491070673055,2035,5,18,False,False,False,True,False,False,True,False
-0.5171774726587443,-0.951349862516998,0.5919106192162009,0.5966477983491104,1.4910247160068797,-0.8375970386497217,2035,5,19,False,False,False,False,False,True,True,False
-0.5171774726587443,1.5759121809525727,1.3809143771690149,0.27948439289030197,0.3680179543187507,0.19029116588286837,2035,5,20,True,False,False,False,True,False,True,False
1.4628281653915773,-0.14841888176538484,0.09878327049569227,1.548138014725536,0.5407882253476938,0.7219769539938993,2035,5,21,True,False,False,False,False,False,True,False
0.967826755878997,-1.013745558717874,0.00015780075159044688,-0.354842418027315,0.10886254777533654,-0.42357116434499076,2035,5,22,False,True,False,False,True,False,True,False
1.4628281653915773,0.7100537224983715,-0.7888459572012234,-0.037679012568506524,-0.3230631297970206,2.0649550435323403,2035,5,23,False,True,False,False,False,False,True,False
0.967826755878997,-0.7505728022039522,-0.6902204874571217,-1.6234960398625489,-0.49583340082596367,-0.060977762015068195,2035,5,24,True,False,False,False,False,False,True,False
1.4628281653915773,-0.8099550698951267,0.9864124981926082,0.5966477983491104,1.4046395804924077,-0.1899825323753722,2035,5,25,True,False,False,False,False,False,True,False
1.4628281653915773,1.3054717439152534,-0.19709313873661294,0.9138112038079189,0.2816328188042792,2.5714464099455183,2035,5,26,False,False,False,False,False,True,False,False
-0.5171774726587443,-1.172098272561006,-1.1833478361776304,1.548138014725536,1.1454841739489936,-0.8692128456048738,2035,5,27,True,False,False,False,True,False,False,False
0.967826755878997,-1.511138523319175,-1.4792242454099356,-0.354842418027315,0.10886254777533654,-0.8738784792526243,2035,5,28,True,False,False,False,False,True,False,True
-0.5171774726587443,-0.8032782577069648,-0.09846766899251111,1.2309746092667273,-0.6686036718549063,-0.7229697867144599,2035,5,29,True,False,False,False,True,False,False,True
-1.507180291683905,0.3642184858849938,-0.19709313873661294,0.27948439289030197,-1.359684755970678,-0.8685866684574125,2035,5,30,False,False,True,True,False,False,True,False
1.4628281653915773,-1.308234336999281,0.49328514947209934,1.2309746092667273,-0.5822185363404352,-0.67443491879457,2035,5,31,False,False,True,True,False,False,False,False
-1.0121788821713247,-0.10363106195452888,-0.19709313873661294,-0.6720058234861235,1.3182544449779365,-0.6502472917259683,2035,6,1,True,False,False,False,True,False,True,False
0.967826755878997,0.43470907827859706,-1.281973305921732,-0.037679012568506524,0.7135584963766364,1.4230866334346945,2035,6,2,False,True,False,False,True,False,True,False
0.4728253463664166,1.2000017460757044,0.00015780075159044688,-1.3063326344037405,0.9727139029200506,1.3246785974170077,2035,6,3,False,False,True,False,True,False,False,False
0.4728253463664166,-0.9391779748111454,1.3809143771690149,-0.6720058234861235,0.9727139029200506,-0.6262806683564704,2035,6,4,False,True,False,False,True,False,False,False
0.4728253463664166,1.0915183197264542,-1.1833478361776304,-0.354842418027315,-1.2732996204562066,1.5955431866354968,2035,6,5,False,False,False,False,False,False,False,True
-1.0121788821713247,-0.9217473589216962,0.5919106192162009,0.9138112038079189,-1.186914484941735,-0.9657914621133111,2035,6,6,True,False,False,False,False,True,False,False
-0.5171774726587443,0.6055882008287233,0.2960342099838957,0.9138112038079189,-0.5822185363404352,-0.05454409877448579,2035,6,7,True,False,False,False,False,False,True,False
-0.5171774726587443,-0.24508494140992382,0.7891615587044045,0.5966477983491104,-0.6686036718549063,-0.5226422114599895,2035,6,8,True,False,False,False,False,True,False,True
-0.0221760631461638,-1.337305059092871,-1.281973305921732,-0.6720058234861235,-1.4460698914851493,-0.8672483682795051,2035,6,9,False,False,True,False,False,True,False,False
0.4728253463664166,0.7351656267458831,1.479539846913117,-0.037679012568506524,-1.186914484941735,0.5300720752719472,2035,6,10,False,True,False,False,False,True,False,True
0.4728253463664166,-0.9810114529458237,0.3946596797279975,0.27948439289030197,1.2318693094634654,-0.568426811124363,2035,6,11,False,False,False,False,False,False,False,False
-0.5171774726587443,-1.1232334612370247,1.1836634376808113,-1.6234960398625489,0.3680179543187507,-0.9451767281802236,2035,6,12,True,False,False,False,True,False,True,False
0.4728253463664166,-0.4951404208816161,-0.8874714269453252,-1.6234960398625489,-0.49583340082596367,0.0045866687191111815,2035,6,13,False,True,False,False,False,False,True,False
-0.5171774726587443,0.5244028915673563,0.7891615587044045,-0.6720058234861235,0.10886254777533654,-0.16767343674915414,2035,6,14,False,True,False,False,False,False,True,False
1.4628281653915773,-0.9248789610984447,0.8877870284485064,-0.989169228944932,-0.8413739428838494,-0.29727982829035227,2035,6,15,True,False,False,False,False,True,True,False
1.4628281653915773,-1.0988896858253194,-0.3943440782248163,1.2309746092667273,0.2816328188042792,-0.34524990897919844,2035,6,16,True,False,False,True,False,False,True,False
-0.5171774726587443,-1.6993300880917035,-0.4929695479689182,-0.6720058234861235,-1.4460698914851493,-1.1835292176638612,2035,6,17,True,False,False,True,False,False,False,False
0.967826755878997,-0.10345380145395804,0.49328514947209934,0.9138112038079189,1.4046395804924077,0.3999131744829892,2035,6,18,False,False,True,False,False,False,False,True
-0.5171774726587443,-0.25205718776570357,-1.4792242454099356,-1.3063326344037405,-0.8413739428838494,-0.3007176636097474,2035,6,19,True,False,False,False,False,True,False,True
-1.507180291683905,-0.925351655766633,0.7891615587044045,-0.6720058234861235,1.1454841739489936,-1.1123169146192469,2035,6,20,False,False,False,False,False,False,False,False
-1.507180291683905,-1.5482450547719688,-1.5778497151540374,0.27948439289030197,0.5407882253476938,-1.1944320668196573,2035,6,21,True,False,False,False,False,False,True,False
-1.507180291683905,-0.24998914859237895,-1.0847223664335286,-1.3063326344037405,0.10886254777533654,-0.9463922485252955,2035,6,22,False,False,True,False,True,False,True,False
-1.507180291683905,0.9907752685687901,0.49328514947209934,0.5966477983491104,1.4910247160068797,-0.8001369116515978,2035,6,23,False,True,False,False,False,True,False,False
-1.0121788821713247,0.7387108367572967,-1.4792242454099356,1.2309746092667273,-1.186914484941735,-0.21782899846247303,2035,6,24,True,False,False,True,False,False,True,False
-0.0221760631461638,1.241717050543336,1.5781653166572187,-0.6720058234861235,-1.2732996204562066,0.4306326886584418,2035,6,25,False,True,False,True,False,False,False,True
-0.0221760631461638,-1.700570911595698,1.1836634376808113,0.9138112038079189,-0.5822185363404352,-1.1793915372973034,2035,6,26,True,False,False,True,False,False,False,True
-0.5171774726587443,1.6068145948853931,0.3946596797279975,-1.6234960398625489,1.1454841739489936,0.41715146301309924,2035,6,27,False,False,False,False,False,False,True,False
1.4628281653915773,-0.5535772992364139,1.0850379679367095,0.27948439289030197,-1.6188401625140922,0.060070875177492655,2035,6,28,False,True,False,False,False,True,False,False
0.4728253463664166,1.6896543354854197,1.282288907424913,-1.6234960398625489,-0.8413739428838494,1.2674877512822122,2035,6,29,False,True,False,False,True,False,True,False
-1.507180291683905,-0.8605333993912913,-0.8874714269453252,1.548138014725536,-0.23667799428254913,-1.0683740124474064,2035,6,30,False,False,False,True,False,False,False,False
-0.0221760631461638,-0.1038083224550994,1.1836634376808113,1.2309746092667273,0.7999436318911078,-0.2503533761806081,2035,7,1,False,True,False,False,False,True,True,False
-0.0221760631461638,-0.5103257370971701,-1.0847223664335286,1.548138014725536,-0.6686036718549063,-0.23604952565526752,2035,7,2,False,False,True,True,False,False,True,False
-1.507180291683905,-0.5040034459101496,-0.3943440782248163,0.9138112038079189,-0.150292858768078,-1.0146578355818567,2035,7,3,True,False,False,False,True,False,False,False
1.4628281653915773,1.1777260098373237,0.1974087402397941,1.2309746092667273,-0.5822185363404352,2.240800320119404,2035,7,4,False,False,True,False,False,True,False,False
-1.0121788821713247,0.8463670474372172,0.6905360889603027,1.2309746092667273,-1.359684755970678,-0.4184266893491815,2035,7,5,False,True,False,False,False,False,False,False
-1.0121788821713247,1.6957402793383458,-1.676475184898139,-1.6234960398625489,0.8863287674055794,0.19721594845479307,2035,7,6,False,True,False,False,False,False,False,False
-0.0221760631461638,0.38696691679156325,-0.7888459572012234,-0.989169228944932,-0.150292858768078,0.4024669950059684,2035,7,7,True,False,False,True,False,False,False,False
-1.0121788821713247,-0.13240634988050107,0.2960342099838957,0.27948439289030197,1.1454841739489936,-0.6954057142428807,2035,7,8,False,False,False,True,False,False,False,False
0.967826755878997,-1.4223900993667928,-0.4929695479689182,-1.6234960398625489,0.7135584963766364,-0.8164175174855907,2035,7,9,True,False,False,False,False,True,False,True
-1.507180291683905,1.7109846823874237,0.8877870284485064,-0.354842418027315,-1.5324550269996209,-0.7142769745497034,2035,7,10,False,True,False,False,True,False,False,True
1.4628281653915773,0.1727180584351461,0.49328514947209934,-0.037679012568506524,0.022477412260865026,0.9842592328971841,2035,7,11,True,False,False,True,False,False,False,False
-0.0221760631461638,0.6875416389258964,-0.9860968966894269,-0.989169228944932,1.7501801225502938,0.6690342900752136,2035,7,12,False,False,False,False,False,True,False,False
-1.507180291683905,-0.3278065083429033,-1.281973305921732,-0.037679012568506524,-0.6686036718549063,-0.955220118506171,2035,7,13,False,False,True,False,True,False,False,False
-1.0121788821713247,0.15948260772586964,0.3946596797279975,-0.6720058234861235,0.022477412260865026,-0.6078145814980049,2035,7,14,False,False,False,True,False,False,True,False
-1.507180291683905,1.524388462120031,-0.19709313873661294,-0.037679012568506524,0.5407882253476938,-0.6660858901617532,2035,7,15,False,True,False,True,False,False,True,False
-1.0121788821713247,-1.1584492140170646,-1.1833478361776304,-0.037679012568506524,-1.014144213912792,-0.9908876599448958,2035,7,16,False,True,False,False,False,True,False,True
1.4628281653915773,-0.7230974246154982,-0.6902204874571217,-0.6720058234861235,0.7135584963766364,0.1728073176870872,2035,7,17,True,False,False,True,False,False,False,True
-1.0121788821713247,-1.208141241010376,-0.6902204874571217,-1.6234960398625489,0.5407882253476938,-1.0230682541310914,2035,7,18,False,False,True,False,False,False,False,False
-1.507180291683905,1.0046606744468256,-1.3805987756658338,-0.989169228944932,-0.40944826531149214,-0.6863077286297669,2035,7,19,False,True,False,False,True,False,True,False
1.4628281653915773,-1.5192334195119022,0.09878327049569227,1.548138014725536,-0.7549888073693778,-0.8931180790579538,2035,7,20,False,True,False,False,True,False,True,False
-1.0121788821713247,-1.4515789951274298,0.8877870284485064,1.2309746092667273,1.4910247160068797,-1.137756895982771,2035,7,21,False,False,True,False,False,False,True,False
0.967826755878997,-0.7019443382140649,0.1974087402397941,0.27948439289030197,-1.2732996204562066,-0.13273029632415898,2035,7,22,False,True,False,False,False,True,True,False
-0.5171774726587443,0.043613327186174715,1.0850379679367095,-1.3063326344037405,-0.23667799428254913,-0.42436923325842174,2035,7,23,True,False,False,False,False,False,False,False
-1.507180291683905,-0.3294018528480394,-1.3805987756658338,-0.6720058234861235,0.9727139029200506,-0.952433016300804,2035,7,24,True,False,False,False,False,False,False,True
-0.5171774726587443,-1.5787929477036478,-0.2957186084807148,-0.037679012568506524,-1.186914484941735,-1.1211938965332564,2035,7,25,True,False,False,False,True,False,True,False
-1.507180291683905,1.5759121809525727,0.2960342099838957,-0.354842418027315,1.4910247160068797,-0.6923976083384098,2035,7,26,False,False,True,False,False,True,False,False
-1.0121788821713247,1.5599587359012121,0.5919106192162009,-0.037679012568506524,0.10886254777533654,-0.18195273130792766,2035,7,27,True,False,False,True,False,False,True,False
-1.0121788821713247,-0.7681215917604486,0.5919106192162009,-0.354842418027315,0.022477412260865026,-0.9172688721767049,2035,7,28,True,False,False,False,False,False,False,True
1.4628281653915773,0.7948433286046757,0.7891615587044045,0.9138112038079189,-0.23667799428254913,1.5668495397018303,2035,7,29,True,False,False,False,False,False,False,True
-0.0221760631461638,0.26619342906941323,0.49328514947209934,1.548138014725536,1.3182544449779365,0.0864439832705671,2035,7,30,True,False,False,False,False,True,True,False
0.967826755878997,-0.9128843338931627,-1.4792242454099356,-1.3063326344037405,1.5774098515213508,-0.15037375830262636,2035,7,31,True,False,False,False,False,False,False,True
-0.0221760631461638,-0.827503859451623,0.5919106192162009,-0.6720058234861235,-0.40944826531149214,-0.6218114824412567,2035,8,1,False,True,False,False,False,True,False,False
-0.5171774726587443,-0.03603572440357994,0.6905360889603027,-1.6234960398625489,0.19524768328980804,-0.4150747999127712,2035,8,2,False,True,False,True,False,False,True,False
-1.0121788821713247,-0.2846140330371833,1.6767907864013198,0.27948439289030197,-0.5822185363404352,-0.834859048377489,2035,8,3,False,True,False,False,False,True,False,False
-0.0221760631461638,-0.7270562424615765,0.5919106192162009,-1.6234960398625489,-0.40944826531149214,-0.5583588648318487,2035,8,4,False,True,False,True,False,False,True,False
-1.0121788821713247,1.0574843036168855,0.5919106192162009,-0.037679012568506524,-1.6188401625140922,-0.3406579432311492,2035,8,5,True,False,False,False,False,True,False,False
-1.507180291683905,-0.06947887217791289,0.00015780075159044688,1.2309746092667273,0.9727139029200506,-0.9515735574709553,2035,8,6,False,False,True,False,False,False,False,True
-0.0221760631461638,0.5298388802515233,1.1836634376808113,1.2309746092667273,1.6637949870358226,0.11831762787467383,2035,8,7,False,False,True,True,False,False,False,False
-0.5171774726587443,-1.0795092044295926,1.6767907864013198,0.9138112038079189,0.9727139029200506,-0.9492530186303636,2035,8,8,False,False,True,False,False,False,True,False
1.4628281653915773,0.11038144906779396,0.8877870284485064,-1.3063326344037405,0.10886254777533654,0.801992571052822,2035,8,9,True,False,False,True,False,False,True,False
-0.0221760631461638,-0.6345853479972101,0.2960342099838957,-1.6234960398625489,1.1454841739489936,-0.47032572468876505,2035,8,10,True,False,False,False,False,True,True,False
-1.0121788821713247,0.08586041315551768,-1.4792242454099356,1.548138014725536,1.2318693094634654,-0.48100757014545725,2035,8,11,True,False,False,False,False,True,True,False
0.4728253463664166,0.9652497564866133,0.6905360889603027,1.548138014725536,0.19524768328980804,0.921936189749863,2035,8,12,False,True,False,False,False,True,True,False
0.4728253463664166,0.9240662335206943,0.6905360889603027,1.548138014725536,1.4910247160068797,0.8898538194299358,2035,8,13,False,True,False,False,True,False,False,False
1.4628281653915773,-0.5093212609272697,0.8877870284485064,1.2309746092667273,-1.6188401625140922,0.1439663349540184,2035,8,14,True,False,False,False,True,False,False,False
1.4628281653915773,0.6660931183568453,-1.3805987756658338,-0.989169228944932,-1.7052252980285638,2.2245811042018286,2035,8,15,False,False,False,True,False,False,False,False
0.967826755878997,1.5198978627722408,0.49328514947209934,-0.037679012568506524,-1.4460698914851493,1.9583575926645234,2035,8,16,False,True,False,False,True,False,True,False
1.4628281653915773,0.4289776554268119,-0.7888459572012234,0.27948439289030197,-1.5324550269996209,1.6969961625075047,2035,8,17,False,True,False,False,False,True,True,False
-1.0121788821713247,-1.2207267365508936,0.8877870284485064,1.548138014725536,-0.23667799428254913,-1.067723279333378,2035,8,18,False,False,True,False,True,False,True,False
-1.507180291683905,0.615751136194775,-0.9860968966894269,0.5966477983491104,1.5774098515213508,-0.7841509774164103,2035,8,19,False,True,False,False,True,False,True,False
-0.0221760631461638,-1.3711027278683454,0.5919106192162009,-0.6720058234861235,0.6271733608621652,-0.9652021189157005,2035,8,20,False,False,True,False,False,False,True,False
1.4628281653915773,1.2807734475024064,-0.7888459572012234,0.5966477983491104,0.5407882253476938,2.749223934151831,2035,8,21,False,False,True,True,False,False,True,False
0.4728253463664166,0.05218091804709038,-1.7751006546422408,0.27948439289030197,-0.40944826531149214,0.6973473195270896,2035,8,22,False,False,False,True,False,False,False,False
-1.507180291683905,-0.4024331790831555,0.3946596797279975,1.548138014725536,0.10886254777533654,-1.020109260159755,2035,8,23,True,False,False,True,False,False,False,True
-1.0121788821713247,-1.5366640354013514,-1.3805987756658338,0.5966477983491104,-0.6686036718549063,-1.136271260005461,2035,8,24,False,False,True,False,True,False,False,False
-1.507180291683905,-0.41750032163166256,0.49328514947209934,-0.354842418027315,0.10886254777533654,-1.0254624608713845,2035,8,25,True,False,False,False,False,True,False,False
-1.0121788821713247,1.38831148451528,1.3809143771690149,1.2309746092667273,0.8863287674055794,-0.34290481417203966,2035,8,26,True,False,False,False,False,False,True,False
0.967826755878997,-1.6611599936354855,1.5781653166572187,0.27948439289030197,0.19524768328980804,-1.1176087254144587,2035,8,27,True,False,False,True,False,False,False,True
-0.0221760631461638,-0.0930545187538121,-0.9860968966894269,-0.6720058234861235,-0.23667799428254913,0.0721278547619428,2035,8,28,False,True,False,False,True,False,True,False
-1.507180291683905,1.4849184573262955,0.9864124981926082,-1.6234960398625489,1.2318693094634654,-0.7554327745161771,2035,8,29,True,False,False,False,False,True,True,False
-0.0221760631461638,-0.3689309444752989,-0.59159501771302,-0.989169228944932,-0.7549888073693778,-0.18715859622015463,2035,8,30,True,False,False,False,False,False,True,False
-1.507180291683905,-0.25371161910436296,1.3809143771690149,1.2309746092667273,-0.06390772325360648,-1.0285933466086907,2035,8,31,False,False,True,False,False,False,True,False
-1.0121788821713247,0.2661343422358894,0.9864124981926082,0.9138112038079189,1.6637949870358226,-0.6253229856603533,2035,9,1,False,False,True,True,False,False,False,False
-1.0121788821713247,-0.13352899971744864,-1.4792242454099356,1.548138014725536,1.6637949870358226,-0.5694458837368981,2035,9,2,False,False,True,True,False,False,False,True
-1.507180291683905,-1.150945186159573,-0.3943440782248163,-0.6720058234861235,-1.7052252980285638,-1.130267326179803,2035,9,3,False,True,False,False,False,True,False,False
0.967826755878997,-1.6696094108293542,-0.59159501771302,-0.354842418027315,0.10886254777533654,-1.0826655849894635,2035,9,4,False,False,True,False,True,False,True,False
-1.0121788821713247,0.37414507391695134,0.8877870284485064,-0.989169228944932,-0.5822185363404352,-0.5838725140950742,2035,9,5,True,False,False,False,False,True,False,False
-0.5171774726587443,1.4491118362110196,-0.3943440782248163,1.548138014725536,-0.6686036718549063,0.5036252992791715,2035,9,6,False,False,False,True,False,False,False,False
-0.5171774726587443,-1.3660803470188432,0.5919106192162009,-0.037679012568506524,0.3680179543187507,-1.0340816051364394,2035,9,7,False,False,False,False,False,True,False,True
-0.0221760631461638,-1.0045280126881992,0.2960342099838957,-0.6720058234861235,-0.150292858768078,-0.7132333459706013,2035,9,8,False,True,False,False,True,False,False,False
1.4628281653915773,-0.4540159847492205,1.5781653166572187,-0.354842418027315,0.7999436318911078,0.0633736526807688,2035,9,9,False,False,True,False,False,False,False,False
